"interest_rate","income_ver","debt_to_income","credit_util","bankruptcy","term","issued","credit_checks"
14.07,"verified",18.01,0.5476,0,60,"Mar2018",6
12.61,"not",5.04,0.15,1,36,"Feb2018",1
17.09,"source_only",21.15,0.6613,0,36,"Feb2018",4
6.72,"not",10.16,0.1967,0,36,"Jan2018",0
14.07,"verified",57.96,0.7549,0,36,"Mar2018",7
6.72,"not",6.46,0.0926,0,36,"Jan2018",6
13.59,"source_only",23.66,0.0648,0,60,"Jan2018",1
11.99,"source_only",16.19,0.1776,0,60,"Jan2018",1
13.59,"source_only",36.48,0.2456,0,36,"Feb2018",3
6.71,"not",18.91,0.5366,0,36,"Mar2018",0
15.04,"verified",10.45,0.5806,1,60,"Mar2018",4
9.92,"source_only",1.82,0.1242,0,60,"Mar2018",4
13.59,"source_only",12.06,0.1656,0,36,"Feb2018",8
9.43,"source_only",3.67,0.0554,0,60,"Feb2018",6
19.03,"verified",33.98,0.3577,1,36,"Jan2018",0
19.03,"not",38.46,0.5522,0,60,"Feb2018",0
19.03,"not",31.22,0.248,0,60,"Jan2018",4
28.72,"source_only",20.33,0.9327,0,60,"Jan2018",6
26.77,"verified",9.53,0.2289,0,36,"Feb2018",2
15.05,"source_only",18.44,0.0711,0,60,"Jan2018",1
6.08,"not",15.6,0.2578,0,36,"Jan2018",0
11.98,"source_only",32,0.1746,1,36,"Mar2018",4
13.59,"not",26.53,0.267,0,60,"Feb2018",1
6.71,"verified",7.27,0.0324,0,36,"Mar2018",1
7.96,"not",17.31,1.0573,0,36,"Mar2018",1
12.61,"source_only",14.42,0.0874,0,60,"Feb2018",0
11.98,"source_only",13.68,0.6359,0,36,"Mar2018",7
7.34,"not",19.38,0.5224,0,36,"Feb2018",0
5.32,"not",11,0.256,0,36,"Jan2018",0
6.07,"source_only",2.88,0.0169,0,36,"Mar2018",2
12.62,"verified",26.25,0.2605,0,36,"Feb2018",2
9.44,"source_only",24.9,0.6447,0,60,"Feb2018",1
19.03,"verified",36.75,0.2093,0,60,"Feb2018",0
20.39,"source_only",28.3,0.4551,0,60,"Mar2018",0
9.93,"not",13.82,0.1103,0,60,"Jan2018",2
6.08,"source_only",0,0.003,0,36,"Jan2018",0
21.45,"source_only",10.59,0.9175,0,36,"Jan2018",1
15.04,"verified",17.06,0.0824,0,60,"Mar2018",2
10.42,"not",18.53,0.6207,0,36,"Jan2018",2
12.61,"source_only",7.1,0.2463,0,36,"Feb2018",0
18.06,"not",24.79,0.5352,1,60,"Jan2018",0
11.99,"source_only",15.72,0.6601,0,60,"Feb2018",8
15.05,"source_only",14.82,0.588,0,60,"Jan2018",0
15.05,"source_only",25.89,0.7191,0,36,"Feb2018",1
12.62,"source_only",13.51,0.1236,0,60,"Feb2018",2
6.72,"not",10.71,0.1433,1,36,"Jan2018",4
6.71,"not",2.68,0.1076,0,36,"Mar2018",0
15.05,"verified",25.7,0.4615,0,36,"Feb2018",0
9.93,"not",3.64,0.3079,0,60,"Jan2018",0
10.42,"source_only",17.24,0.4947,0,36,"Jan2018",2
22.91,"verified",18.72,0.1752,0,60,"Feb2018",6
30.79,"not",19.64,0.6121,0,60,"Jan2018",1
15.05,"source_only",9.12,0.4605,0,60,"Feb2018",0
6.07,"source_only",22.91,0.2839,0,36,"Mar2018",0
6.07,"not",21.41,0.1866,0,36,"Mar2018",1
17.47,"source_only",13.05,0.0327,0,36,"Mar2018",0
7.34,"verified",20.16,0.0828,0,36,"Mar2018",4
13.59,"verified",39.08,0.3494,1,36,"Feb2018",8
6.72,"not",14.62,0.0655,0,36,"Jan2018",2
5.31,"not",11.64,0.5616,0,36,"Feb2018",1
9.93,"verified",12.15,0.2221,1,36,"Jan2018",8
9.92,"source_only",12.58,0.396,0,36,"Mar2018",0
9.93,"not",16.73,0.836,0,36,"Feb2018",0
14.07,"verified",28.13,0.1962,0,60,"Mar2018",1
7.97,"source_only",7.89,0.4476,0,36,"Feb2018",1
5.31,"not",15.42,0.1164,0,36,"Mar2018",0
9.93,"not",32.4,0.3383,0,60,"Feb2018",1
14.08,"source_only",17.28,0.767,1,60,"Jan2018",2
12.61,"not",32.06,0.1659,0,36,"Mar2018",0
12.62,"source_only",3.7,0.4247,0,36,"Jan2018",1
17.47,"source_only",22.09,0.8064,0,36,"Mar2018",6
12.62,"source_only",16.26,0.3443,0,36,"Jan2018",2
6.71,"source_only",8.72,0.3984,0,36,"Mar2018",0
19.42,"source_only",16.3,0.7653,0,60,"Mar2018",1
12.62,"source_only",16.04,0.3158,0,36,"Feb2018",3
14.08,"not",28.42,0.1307,0,60,"Jan2018",0
10.91,"verified",21.94,0.3132,0,36,"Jan2018",1
17.47,"verified",19.22,0.989,0,36,"Feb2018",3
18.06,"verified",37.74,0.8546,0,36,"Jan2018",1
16.02,"verified",15.44,0.0629,1,36,"Jan2018",2
19.03,"verified",18.39,0.1817,0,36,"Feb2018",3
12.62,"source_only",27.23,0.4158,1,36,"Jan2018",7
6.07,"source_only",11.14,0.6811,0,36,"Feb2018",2
9.43,"source_only",1.56,0.0191,0,60,"Mar2018",3
10.42,"verified",17.44,0.1671,0,60,"Jan2018",1
7.96,"not",11.45,0.1961,1,36,"Mar2018",2
13.59,"not",21.09,0.2543,0,60,"Jan2018",5
15.04,"source_only",34.86,0.663,0,60,"Mar2018",1
12.61,"source_only",13.77,0.4866,0,36,"Mar2018",1
7.96,"source_only",9.61,0.8475,1,36,"Mar2018",3
13.58,"source_only",24.39,0.5495,0,60,"Mar2018",4
16.01,"source_only",5.16,0.061,0,60,"Mar2018",6
22.91,"verified",28.53,0.3902,0,36,"Feb2018",1
7.97,"not",20.74,0.125,0,36,"Jan2018",8
18.06,"not",12.22,0.4149,1,60,"Jan2018",3
6.08,"not",15.84,0.1357,0,36,"Jan2018",0
5.32,"source_only",3.82,0.1417,0,36,"Feb2018",0
5.32,"not",15.48,0.1719,1,36,"Feb2018",2
9.93,"source_only",14.16,0.0798,0,36,"Jan2018",2
20,"verified",49.58,0.6578,1,60,"Feb2018",2
15.05,"not",13.27,0.9214,0,36,"Feb2018",0
7.96,"source_only",16.72,0.1261,0,36,"Mar2018",13
26.77,"source_only",18.5,0.114,0,60,"Mar2018",2
9.44,"not",15.28,0.0981,1,60,"Jan2018",6
13.59,"not",19.05,0.2982,0,36,"Feb2018",9
15.04,"source_only",26.96,0.471,0,36,"Mar2018",0
5.31,"not",21.63,0.375,0,36,"Mar2018",2
14.08,"verified",24.77,0.7208,0,36,"Feb2018",8
13.59,"source_only",18.36,0.5554,0,36,"Jan2018",2
7.97,"not",18.92,0.461,0,36,"Feb2018",0
9.93,"source_only",14.66,0.4261,0,60,"Jan2018",2
6.08,"source_only",29.58,0.1118,0,36,"Jan2018",0
21.85,"not",37.83,0.6557,0,60,"Feb2018",0
10.42,"source_only",13.49,0.7066,0,36,"Feb2018",2
17.47,"source_only",29.36,0.774,0,36,"Mar2018",0
10.9,"source_only",1.12,0.1964,0,36,"Mar2018",0
6.08,"not",18.67,0.2774,0,36,"Jan2018",0
12.61,"not",25.23,0.5362,0,36,"Mar2018",1
23.87,"verified",27.56,0.0761,0,36,"Feb2018",2
18.06,"verified",26.88,0.2194,0,36,"Feb2018",2
13.59,"source_only",21.45,0.919,0,60,"Jan2018",0
16.02,"source_only",15.3,0.6163,1,36,"Feb2018",3
9.93,"verified",16.13,0.3265,0,36,"Feb2018",2
9.92,"source_only",2.91,0.1597,0,36,"Mar2018",2
7.35,"not",18.55,0.6559,0,36,"Jan2018",1
10.91,"source_only",9.19,0.1208,0,36,"Feb2018",2
13.59,"source_only",8.46,0.5612,0,60,"Feb2018",1
14.07,"source_only",9.8,0.3926,1,36,"Mar2018",0
7.34,"not",11.62,0.3904,0,36,"Mar2018",6
15.05,"verified",24.31,0.1448,0,60,"Feb2018",1
6.72,"verified",14.66,0.2983,0,36,"Feb2018",0
16.01,"source_only",22.73,0.162,0,36,"Mar2018",1
7.34,"not",9.91,0.2183,0,36,"Mar2018",0
23.88,"not",29.47,0.945,1,36,"Feb2018",4
15.05,"not",27.68,0.6523,0,36,"Jan2018",1
6.72,"not",4.25,0.2087,0,36,"Feb2018",0
21.45,"source_only",16.97,0.3702,0,36,"Feb2018",3
25.82,"verified",19.44,0.4509,1,60,"Feb2018",1
14.08,"not",6.06,0.6181,0,60,"Jan2018",2
15.05,"verified",17.25,0.7362,1,36,"Feb2018",1
9.44,"not",23.33,0.3264,0,36,"Jan2018",0
17.09,"verified",33.19,0.75,0,36,"Feb2018",2
16.01,"not",19.93,0.6549,0,36,"Mar2018",1
10.9,"source_only",15.31,0.3196,1,60,"Mar2018",2
12.62,"not",22.88,0.5194,0,36,"Jan2018",2
21.45,"verified",14.4,0.8387,0,60,"Feb2018",2
10.41,"source_only",6.11,0.0564,0,36,"Mar2018",3
5.32,"not",18.65,0.4572,0,36,"Jan2018",0
21.85,"verified",27.08,0.1594,1,60,"Mar2018",2
18.06,"not",11.73,0.5229,1,60,"Jan2018",3
5.32,"source_only",7.82,0.2447,0,36,"Feb2018",2
17.09,"source_only",18.88,0.708,0,60,"Feb2018",3
9.93,"source_only",20.78,0.1386,0,60,"Mar2018",1
6.08,"source_only",19.42,0.62,0,36,"Feb2018",1
17.09,"not",0.209249626307922,0.8072,0,60,"Feb2018",10
16.01,"not",0.33,0.433,0,36,"Mar2018",2
13.59,"not",8.56,0.4802,1,60,"Feb2018",0
9.92,"source_only",14.16,0.5322,0,36,"Mar2018",2
15.04,"source_only",12.89,0.167,0,60,"Mar2018",2
6.71,"not",9.92,0.0628,0,36,"Mar2018",3
17.47,"source_only",7.2,0.9833,0,36,"Mar2018",0
11.99,"source_only",27.06,0.4716,1,36,"Jan2018",2
13.59,"source_only",13.3,0.4979,0,36,"Feb2018",1
7.35,"not",24.99,0.3424,0,36,"Jan2018",9
10.42,"source_only",0.54,2e-04,0,60,"Jan2018",4
7.97,"source_only",16.72,0.1291,0,36,"Feb2018",0
9.92,"not",10.62,0.1492,0,60,"Mar2018",1
12.61,"verified",39.34,0.5863,0,36,"Mar2018",0
9.93,"not",14.23,0.3229,0,60,"Jan2018",1
14.07,"not",21.79,0.1495,0,60,"Mar2018",1
14.08,"source_only",5.96,0.7414,0,60,"Feb2018",0
12.62,"source_only",22.49,0.4484,0,60,"Jan2018",2
16.02,"source_only",17.28,0.1843,0,60,"Jan2018",3
14.07,"not",29.38,0.252,0,60,"Feb2018",7
18.06,"source_only",24.57,0.4673,0,36,"Feb2018",2
14.08,"not",21.3,0.4702,0,60,"Jan2018",1
16.02,"source_only",8.63,0.9174,0,60,"Feb2018",0
11.99,"source_only",8.66,0.1346,0,60,"Jan2018",0
6.72,"not",26.49,0.4551,0,36,"Feb2018",0
19.03,"source_only",8.37,0.7229,1,60,"Jan2018",9
6.71,"source_only",11.33,0.6022,0,36,"Mar2018",0
6.07,"not",15.48,0.5509,0,36,"Mar2018",0
7.35,"source_only",16.95,0.2509,0,36,"Jan2018",0
13.59,"not",27.93,0.5296,1,36,"Feb2018",1
13.59,"source_only",5.87,0.0732,0,36,"Jan2018",1
5.31,"not",12.42,0.0967,0,36,"Mar2018",0
7.97,"source_only",13.04,0.6104,0,36,"Jan2018",2
7.35,"source_only",40.15,0.2549,1,36,"Jan2018",3
11.99,"verified",11.88,0.5187,1,36,"Jan2018",2
16.02,"not",25.41,0.4599,0,36,"Feb2018",3
9.93,"source_only",9.33,0.6989,1,36,"Jan2018",0
19.42,"not",27.74,0.5078,0,36,"Feb2018",5
7.96,"not",23.01,0.4659,0,36,"Mar2018",0
13.59,"source_only",10.83,0.0303,0,36,"Jan2018",0
12.61,"verified",39.63,0.8101,1,36,"Mar2018",7
19.03,"verified",18.09,0.104,0,36,"Feb2018",5
16.01,"source_only",7.08,0.323,0,36,"Mar2018",6
6.72,"not",2.54,0.0874,0,36,"Jan2018",0
6.07,"not",25.33,0.1971,1,36,"Mar2018",1
15.05,"source_only",23.92,0.2282,0,36,"Jan2018",0
6.07,"source_only",29.72,0.604,0,36,"Mar2018",0
13.58,"verified",22.66,0.2917,0,36,"Mar2018",2
10.42,"source_only",5.68,0.3432,0,36,"Feb2018",1
11.98,"source_only",9.73,0.8969,0,36,"Mar2018",0
9.43,"source_only",2.78,0.0596,0,36,"Mar2018",0
16.02,"not",39.07,0.6922,0,36,"Feb2018",3
18.06,"verified",25.43,0.4261,0,36,"Feb2018",0
12.61,"source_only",2.47,0.1284,0,60,"Mar2018",1
14.07,"source_only",22.92,0.1305,0,60,"Mar2018",1
10.42,"source_only",27.71,0.3936,0,36,"Jan2018",4
10.42,"source_only",14.04,0.6805,1,36,"Jan2018",2
17.47,"source_only",11.79,0.157,1,60,"Mar2018",1
10.91,"not",30.54,0.7617,0,60,"Jan2018",1
5.32,"not",18.63,0.0963,0,36,"Jan2018",0
9.44,"not",18.39,0.154,0,60,"Jan2018",3
9.44,"source_only",27.84,0.1546,0,36,"Mar2018",1
14.08,"not",9.24,0.3184,0,36,"Feb2018",0
7.35,"not",14.31,0.2115,1,36,"Jan2018",1
12.62,"not",14.39,0.3278,0,60,"Jan2018",1
15.04,"verified",22.04,0.6916,0,36,"Mar2018",1
9.92,"source_only",0,0,0,60,"Mar2018",3
10.9,"verified",15.81,0.4828,0,60,"Mar2018",3
6.72,"not",27.6,0.4933,0,36,"Mar2018",4
5.32,"verified",29.12,0.5187,0,36,"Feb2018",0
11.99,"verified",7.57,0.9297,0,60,"Jan2018",1
5.32,"source_only",10.67,0.0699,0,36,"Feb2018",1
10.41,"verified",31.61,0.334,0,36,"Mar2018",0
14.07,"source_only",8.7,0.7212,0,60,"Mar2018",1
6.07,"not",15.05,0.2206,0,36,"Feb2018",1
9.93,"verified",28.96,0.6923,0,36,"Jan2018",0
11.99,"source_only",2.28,0.3561,0,36,"Mar2018",10
6.71,"verified",12.9,0.1737,1,36,"Mar2018",2
5.31,"not",16.57,0.116,0,36,"Feb2018",2
13.59,"not",18.03,0.4087,0,60,"Feb2018",1
10.9,"source_only",10.92,0.5315,1,36,"Feb2018",3
12.62,"source_only",5.59,0.2607,0,36,"Jan2018",2
10.42,"not",27.02,0.9359,0,36,"Jan2018",2
15.05,"not",24.38,0.8115,0,36,"Feb2018",4
6.71,"not",11.45,0.3423,0,36,"Feb2018",0
21.45,"source_only",28.8,0.9211,1,60,"Feb2018",1
9.44,"source_only",11.12,0.2469,0,36,"Mar2018",3
11.99,"verified",13.47,0.2406,0,36,"Feb2018",6
11.99,"not",16.93,0.7984,0,36,"Jan2018",0
6.07,"not",14.43,0.2202,0,36,"Mar2018",1
5.31,"source_only",16.08,0.5195,0,36,"Feb2018",0
6.07,"source_only",33.23,0.186,0,36,"Mar2018",2
19.42,"source_only",23.73,0.8697,1,60,"Feb2018",6
21.85,"verified",14.37,0.6183,0,60,"Mar2018",1
14.08,"verified",21.32,0.1517,0,36,"Feb2018",4
18.06,"verified",18.66,0.0926,0,60,"Jan2018",2
10.91,"source_only",27.2,0.8154,0,36,"Jan2018",3
9.44,"not",24.38,0.2934,0,60,"Jan2018",0
12.62,"verified",17.23,0.1282,0,60,"Feb2018",0
9.44,"not",7.75,0.2886,0,60,"Feb2018",0
6.08,"verified",6.21,0.1497,0,36,"Feb2018",0
11.98,"not",26.88,0.3951,0,36,"Mar2018",3
9.92,"not",19.44,0.8175,0,36,"Mar2018",0
13.59,"source_only",19.2,0.1859,0,36,"Feb2018",1
10.41,"not",16.31,0.6357,1,36,"Feb2018",4
9.93,"verified",42.64,0.1938,0,60,"Jan2018",3
7.97,"not",17.49,0.1339,0,36,"Feb2018",3
19.42,"not",32.32,0.6288,0,36,"Mar2018",5
18.45,"verified",18.17,0.6822,0,60,"Mar2018",2
6.72,"not",7.2,0.1124,0,36,"Jan2018",3
10.91,"source_only",3.48,0.0419,0,36,"Jan2018",1
17.47,"source_only",20.73,0.4207,0,36,"Mar2018",0
10.41,"not",9.37,0.5432,0,36,"Mar2018",3
6.72,"verified",74.38,0.4955,0,36,"Jan2018",0
9.44,"not",15.28,0.1109,0,36,"Feb2018",4
12.61,"source_only",9.09,0.3236,0,36,"Mar2018",4
7.96,"not",3.67,0.084,0,36,"Mar2018",4
10.9,"verified",2.7,0.8343,0,36,"Mar2018",1
21.85,"not",16.07,0.1432,0,60,"Feb2018",3
7.96,"verified",9.82,0.1091,0,36,"Mar2018",0
9.43,"verified",21.08,0.2238,0,60,"Mar2018",3
15.04,"not",22.18,0.1632,0,60,"Mar2018",1
14.07,"source_only",13.72,0.1512,0,60,"Mar2018",4
10.9,"source_only",15.3,0.1127,1,36,"Mar2018",0
6.08,"not",13.82,0.1206,0,36,"Feb2018",2
9.93,"source_only",15.94,0.9571,0,36,"Jan2018",1
12.61,"not",11.52,0.7181,0,36,"Mar2018",0
10.42,"not",18.48,0.1592,0,60,"Feb2018",0
30.17,"source_only",22.6,0.1333,0,60,"Jan2018",1
19.42,"verified",21.22,0.8703,0,60,"Feb2018",3
9.43,"not",20.58,0.2256,1,36,"Mar2018",1
17.47,"verified",7.2,0.0188,0,60,"Mar2018",0
7.34,"source_only",16.62,0.3941,0,36,"Mar2018",0
7.96,"not",15.38,0.7378,1,36,"Mar2018",0
13.58,"source_only",17.62,0.5643,1,36,"Mar2018",2
9.43,"verified",10.85,0.1916,0,60,"Mar2018",0
21.85,"verified",36.25,0.3761,0,60,"Mar2018",1
21.85,"not",27.28,0.6074,1,60,"Mar2018",0
22.91,"verified",1.25,1.1115,1,36,"Jan2018",1
12.61,"not",0.75,0.0011,0,36,"Mar2018",3
9.93,"verified",12.08,0.0621,0,36,"Feb2018",5
6.72,"source_only",13.75,0.1587,0,36,"Jan2018",2
19.42,"source_only",8.59,0.8663,0,36,"Mar2018",0
9.92,"source_only",18.89,0.0964,1,36,"Mar2018",9
14.07,"not",19.97,0.2153,0,60,"Mar2018",0
10.42,"verified",37.06,0.2136,0,36,"Jan2018",1
7.35,"not",17.61,0.407,0,36,"Jan2018",10
6.71,"not",27.51,0.6279,0,36,"Mar2018",2
12.62,"not",21.05,0.1996,0,36,"Feb2018",5
21.45,"not",38.45,0.3762,0,60,"Feb2018",5
16.01,"not",17.96,0.2709,0,60,"Feb2018",0
16.02,"not",6.27,0.3235,1,60,"Jan2018",1
10.9,"source_only",11.36,0.6951,0,36,"Mar2018",1
11.99,"source_only",9.11,0.0606,0,36,"Jan2018",3
7.34,"source_only",5.44,0.325,0,36,"Mar2018",3
12.61,"not",15.46,0.8275,0,36,"Feb2018",1
6.71,"source_only",7.2,0.1887,0,36,"Mar2018",2
9.43,"not",2.42,0.4756,0,36,"Mar2018",0
13.59,"not",34.13,0.8105,0,36,"Jan2018",1
6.08,"not",17.68,0.1831,0,36,"Jan2018",0
7.96,"source_only",18.01,0.3102,0,36,"Mar2018",3
7.35,"not",25.65,0.459,0,36,"Feb2018",1
10.9,"source_only",10.19,0.5957,0,60,"Mar2018",0
6.07,"source_only",24.17,0.2723,0,36,"Mar2018",0
19.03,"source_only",5.44,0.1201,0,36,"Jan2018",2
14.08,"source_only",9.49,0.9254,0,60,"Feb2018",1
10.42,"source_only",27.7,0.7438,0,36,"Feb2018",1
9.44,"not",1.45,0.0079,1,36,"Mar2018",1
5.31,"source_only",9.78,0.1308,0,36,"Feb2018",0
7.97,"not",11.81,0.4696,0,36,"Jan2018",1
5.32,"not",14.44,0.161,0,36,"Jan2018",2
10.91,"verified",31.18,0.405,0,36,"Jan2018",1
10.91,"source_only",38.98,0.6707,0,36,"Jan2018",0
19.03,"verified",128.61,0.2788,0,36,"Jan2018",0
12.61,"source_only",14.72,0.9146,0,60,"Mar2018",1
13.59,"source_only",17.58,0.2591,0,36,"Jan2018",1
5.32,"source_only",20.57,0.1698,0,36,"Jan2018",0
13.58,"verified",22.64,0.5278,0,60,"Mar2018",2
16.01,"not",9.92,0.1872,0,60,"Feb2018",2
7.35,"not",14.52,0.1835,0,36,"Jan2018",3
9.92,"verified",18.61,0.0789,0,36,"Mar2018",1
9.43,"source_only",16.82,0.1358,0,60,"Feb2018",0
7.35,"verified",13.22,0.0949,0,36,"Feb2018",3
9.43,"not",7.84,0.051,1,36,"Mar2018",2
9.44,"not",5.65,0.3745,1,36,"Feb2018",3
17.09,"source_only",24.8,0.8452,0,36,"Jan2018",1
18.06,"verified",24.42,0.6976,0,36,"Jan2018",9
21.85,"source_only",18.08,0.7079,0,60,"Mar2018",4
6.72,"not",10.66,0.4499,0,36,"Feb2018",0
9.43,"source_only",21.22,0.4867,0,36,"Feb2018",3
10.42,"verified",16.19,0.1078,0,60,"Jan2018",0
15.04,"not",10.15,0.6323,0,60,"Mar2018",2
18.06,"source_only",2.59,0.0492,0,36,"Feb2018",1
15.04,"source_only",12.86,0.7207,0,36,"Mar2018",4
13.59,"verified",33.84,0.6018,0,36,"Feb2018",3
7.35,"verified",204.13,0.212,0,60,"Jan2018",1
15.05,"verified",3.83,0.3651,0,36,"Feb2018",1
26.77,"verified",27.7,0.7125,0,60,"Mar2018",0
7.35,"verified",7.81,0.169,0,36,"Jan2018",0
11.98,"source_only",17.98,0.2018,0,36,"Feb2018",2
13.59,"not",22.57,0.4672,0,36,"Jan2018",0
11.98,"not",9.14,0.5765,0,36,"Mar2018",2
7.35,"not",36.45,0.4473,0,36,"Jan2018",0
9.92,"not",13.6,0.2106,0,36,"Mar2018",4
14.08,"not",30.38,0.6692,0,36,"Jan2018",1
9.93,"source_only",15.34,0.1937,0,60,"Feb2018",1
17.47,"source_only",16.66,0.4858,0,36,"Mar2018",0
9.43,"source_only",16.55,0.1706,0,36,"Mar2018",2
7.97,"not",6.88,0.0465,1,36,"Jan2018",0
9.43,"not",19.97,0.448,0,60,"Mar2018",2
14.08,"verified",24.34,0.6229,0,36,"Feb2018",0
7.97,"not",19.95,0.1384,0,36,"Jan2018",6
14.07,"not",17.23,1.0644,0,36,"Mar2018",1
9.93,"source_only",80.75,0.3691,0,36,"Jan2018",4
10.42,"not",11.62,0.6037,0,36,"Jan2018",5
25.82,"verified",20.16,0.875,0,60,"Feb2018",7
25.82,"source_only",34.02,0.6866,0,60,"Feb2018",0
7.35,"not",19.71,0.4302,0,36,"Feb2018",2
15.05,"source_only",19.95,0.5247,1,60,"Jan2018",3
7.96,"not",15.53,0.2635,0,36,"Mar2018",0
13.58,"verified",38.29,0.4721,0,36,"Mar2018",2
16.01,"verified",35.5,0.1259,1,60,"Feb2018",0
7.34,"not",34.38,0.145,0,36,"Mar2018",3
6.08,"not",9.53,0.0647,0,36,"Jan2018",0
12.61,"source_only",27.92,0.7821,0,36,"Mar2018",0
16.02,"source_only",25.31,0.1555,1,60,"Feb2018",0
11.99,"not",18.57,0.2547,0,60,"Feb2018",1
6.08,"not",20.05,0.4128,0,36,"Feb2018",0
30.79,"source_only",23.97,0.79,0,60,"Feb2018",0
16.02,"verified",30.51,0.9449,0,36,"Jan2018",0
12.61,"source_only",21.92,0.8264,0,60,"Mar2018",4
12.61,"not",14.24,0.0645,0,36,"Mar2018",0
14.08,"not",6.79,0.4835,0,36,"Jan2018",0
17.09,"not",3.82,0.2812,0,36,"Jan2018",3
7.96,"not",14.4,0.1881,0,36,"Mar2018",4
10.42,"verified",4.66,0.6304,0,36,"Jan2018",1
7.34,"not",26.04,0.4961,1,36,"Mar2018",1
9.92,"not",26.4,0.1734,0,60,"Mar2018",3
6.72,"source_only",17.67,0.3012,0,36,"Jan2018",1
10.42,"source_only",24.06,0.5057,0,36,"Feb2018",3
6.71,"not",16.39,0.5658,0,60,"Mar2018",3
16.01,"source_only",17.16,0.6657,0,36,"Mar2018",8
14.08,"not",23.88,0.6863,0,36,"Jan2018",0
10.9,"not",8.79,0.7212,1,36,"Mar2018",2
5.31,"not",13.5,0.5598,0,36,"Mar2018",0
17.47,"source_only",27.72,0.6556,0,60,"Mar2018",0
9.93,"source_only",29.58,0.1743,1,36,"Feb2018",1
9.43,"source_only",12.95,0.1082,0,36,"Mar2018",0
14.08,"source_only",14.66,0.6395,0,60,"Jan2018",0
7.97,"verified",25.18,0.7065,0,36,"Jan2018",1
7.35,"source_only",8.02,0.3104,0,36,"Jan2018",2
15.05,"not",18.5,0.468,0,60,"Jan2018",3
14.07,"source_only",19.8,0.6359,0,36,"Feb2018",2
11.99,"source_only",13.08,0.8058,0,36,"Jan2018",1
5.31,"not",9.17,0.4319,0,36,"Mar2018",2
5.32,"not",6.36,0.0923,0,36,"Jan2018",0
11.99,"not",22.86,0.6484,0,36,"Jan2018",1
15.04,"source_only",12.52,0.5497,0,60,"Mar2018",2
6.72,"source_only",9.8,0.0494,0,36,"Jan2018",3
7.97,"source_only",9.93,0.1148,0,36,"Jan2018",0
5.32,"source_only",18.98,0.2139,0,36,"Jan2018",4
22.91,"verified",22.66,0.1869,0,36,"Feb2018",8
10.91,"source_only",16.72,0.5338,0,60,"Feb2018",0
15.05,"verified",33.01,0.2584,0,36,"Mar2018",1
7.35,"not",14.16,0.2024,0,36,"Jan2018",5
11.99,"verified",3.76,0.025,0,36,"Jan2018",3
9.93,"verified",17.74,0.5874,1,36,"Feb2018",1
20,"source_only",19.85,0.8367,0,60,"Feb2018",5
13.59,"source_only",11.66,0.0998,1,36,"Jan2018",3
26.77,"verified",8.64,0.6884,1,60,"Mar2018",4
16.01,"not",35.12,0.6939,0,60,"Mar2018",4
5.31,"not",5.25,0.5608,0,36,"Feb2018",0
21.85,"verified",10.8,0.5183,0,60,"Mar2018",1
11.99,"not",3.04,0.8587,0,36,"Jan2018",1
6.08,"source_only",21.62,0.8773,0,36,"Jan2018",0
19.03,"source_only",34.04,0.4465,0,36,"Jan2018",2
7.35,"source_only",21.52,0.5793,0,36,"Jan2018",0
7.96,"source_only",22.14,0.1944,0,36,"Mar2018",2
20.39,"source_only",33.37,0.7863,0,36,"Feb2018",0
15.05,"verified",92.67,0.683,0,60,"Feb2018",2
7.96,"not",17.64,0.1721,0,36,"Mar2018",0
5.32,"not",18.42,0.3128,0,36,"Jan2018",0
14.08,"not",30.62,1.0834,0,36,"Jan2018",2
18.45,"verified",13.23,0.8384,1,36,"Mar2018",3
6.72,"source_only",34.72,0.5209,1,36,"Feb2018",0
17.09,"not",13.08,0.7268,0,60,"Jan2018",1
10.9,"not",37.46,0.1664,0,36,"Mar2018",2
13.58,"verified",27.03,0.3059,0,60,"Mar2018",0
14.08,"verified",3.85,0.1483,0,60,"Feb2018",3
6.72,"source_only",25.73,0.1769,0,60,"Feb2018",1
9.43,"not",9.2,0.2924,0,36,"Mar2018",2
11.99,"source_only",27.16,0.8466,0,60,"Feb2018",0
11.98,"not",9.69,1.0177,0,36,"Feb2018",0
10.42,"verified",16.02,0.1688,0,60,"Jan2018",2
11.98,"source_only",7.05,0.9291,0,36,"Mar2018",0
7.96,"source_only",27.2,0.6282,0,60,"Mar2018",0
9.93,"not",11.22,0.0757,0,36,"Jan2018",5
9.43,"source_only",13.42,0.8764,0,36,"Feb2018",0
10.41,"verified",17.22,0.9045,0,36,"Feb2018",2
7.34,"source_only",15.67,0.586,0,36,"Mar2018",2
14.07,"source_only",18.19,0.9528,0,36,"Mar2018",2
10.42,"not",14.11,0.563,0,60,"Feb2018",1
7.97,"source_only",20.27,0.1186,0,36,"Feb2018",3
21.45,"verified",10.91,0.0778,0,60,"Jan2018",2
21.45,"source_only",1.8,0.7176,0,36,"Feb2018",3
26.77,"verified",19.66,0.2172,0,60,"Mar2018",6
20.39,"verified",27.48,0.4128,0,60,"Mar2018",3
10.42,"not",24.28,0.5989,0,36,"Feb2018",0
17.47,"source_only",12.36,0.5819,0,36,"Mar2018",2
7.34,"not",21.53,0.1948,0,60,"Feb2018",4
7.35,"verified",14.08,0.0668,0,36,"Mar2018",0
17.09,"source_only",9.84,0.9877,0,36,"Jan2018",1
13.59,"source_only",38.49,0.4201,0,36,"Jan2018",4
6.07,"not",1.98,0.0268,0,36,"Mar2018",1
9.93,"verified",55.61,0.7811,0,36,"Feb2018",0
9.44,"not",11.06,0.1279,0,36,"Jan2018",2
11.99,"not",39.03,0.1089,0,36,"Feb2018",1
25.82,"not",29.17,0.6364,0,60,"Jan2018",2
19.03,"source_only",27.43,0.5858,0,60,"Jan2018",5
10.41,"verified",12.13,0.1385,0,36,"Feb2018",2
12.61,"source_only",7.06,0.9938,0,36,"Mar2018",0
6.71,"not",2.96,0.1626,0,36,"Mar2018",1
10.42,"not",5.78,0.2787,0,36,"Jan2018",0
18.06,"verified",32.86,0.3653,1,36,"Feb2018",4
6.08,"source_only",10.6,0.3357,0,36,"Feb2018",1
7.97,"source_only",11.2,0.7117,0,36,"Jan2018",0
24.85,"source_only",44.35,0.532,1,60,"Jan2018",2
15.04,"source_only",16.11,0.9034,0,36,"Mar2018",2
21.45,"not",10.15,0.0914,1,60,"Jan2018",1
17.09,"not",23.35,0.6911,0,36,"Jan2018",1
20,"source_only",4.87,0.2506,0,36,"Feb2018",7
9.44,"not",8.25,0.2835,1,36,"Feb2018",0
15.04,"not",16.49,0.2741,0,60,"Mar2018",1
20.39,"source_only",16.05,0.1102,0,60,"Mar2018",1
7.97,"not",5.83,0.2944,0,36,"Jan2018",1
11.98,"source_only",21.5,0.6117,0,36,"Mar2018",2
6.07,"verified",2.58,0.2024,0,36,"Mar2018",2
21.45,"verified",41.51,0.7865,0,60,"Jan2018",3
9.44,"not",11.83,0.6253,0,36,"Mar2018",0
9.43,"source_only",5.03,0.2981,1,36,"Mar2018",0
21.85,"source_only",10.67,0.0612,1,60,"Feb2018",3
11.99,"source_only",7.52,0.2019,0,60,"Feb2018",1
10.42,"not",17.25,0.5455,0,60,"Feb2018",2
13.59,"source_only",37.73,0.6926,0,36,"Feb2018",3
7.35,"source_only",16.12,0.1683,0,36,"Jan2018",1
6.71,"verified",10.8,0.0368,0,36,"Mar2018",0
9.44,"not",17.75,0.3871,1,36,"Feb2018",2
6.72,"verified",18.85,0.1484,0,36,"Jan2018",2
7.97,"source_only",26.03,0.2948,0,36,"Feb2018",1
15.05,"source_only",28.5,0.4307,0,60,"Feb2018",5
6.72,"source_only",14.8,0.1291,0,36,"Feb2018",1
5.32,"not",6.78,0.0437,0,36,"Jan2018",0
17.47,"not",13.53,0.55,0,36,"Feb2018",3
15.05,"source_only",16.83,0.7947,0,36,"Jan2018",2
10.91,"not",16.05,0.6578,0,36,"Jan2018",0
21.45,"verified",19.15,0.4951,0,60,"Feb2018",3
5.32,"not",10.78,0.0705,0,36,"Jan2018",1
12.62,"source_only",8.93,0.651,0,36,"Feb2018",0
12.61,"not",12.37,0.5085,0,36,"Mar2018",5
10.91,"source_only",3.85,0.2433,0,36,"Jan2018",1
5.32,"source_only",12.5,0.1126,0,36,"Jan2018",2
7.96,"source_only",1.64,0.0271,0,36,"Mar2018",1
11.99,"not",469.09,0.1717,0,36,"Feb2018",6
6.08,"source_only",23.15,0.2332,0,36,"Feb2018",0
13.58,"verified",18.65,0.2009,0,36,"Mar2018",2
7.35,"not",23.46,0.5377,0,36,"Feb2018",1
7.97,"not",14.96,0.1336,0,36,"Jan2018",0
10.42,"source_only",12.23,0.1018,0,36,"Jan2018",0
6.71,"source_only",13.96,0.4851,0,36,"Mar2018",0
5.31,"not",10.4,0.0431,0,36,"Mar2018",0
12.61,"not",8.29,0.5384,0,36,"Feb2018",2
25.82,"not",25.76,0.1754,0,36,"Jan2018",1
18.06,"source_only",37.87,0.1929,0,36,"Jan2018",1
9.44,"source_only",12.31,0.5003,1,36,"Jan2018",1
19.03,"not",21.29,0.6742,0,36,"Jan2018",1
5.32,"not",20.76,0.1521,0,36,"Jan2018",2
11.99,"source_only",0.88,0.0221,0,36,"Feb2018",6
7.96,"not",20.44,0.3114,0,36,"Mar2018",0
18.45,"source_only",32.67,0.094,0,36,"Mar2018",2
28.72,"verified",75.45,0.3064,0,60,"Mar2018",4
9.92,"not",26.11,0.3731,0,60,"Mar2018",1
7.96,"source_only",10.83,0.8064,0,36,"Mar2018",1
13.58,"not",15.81,0.2772,0,36,"Feb2018",2
7.34,"source_only",28.19,0.8474,0,36,"Mar2018",1
9.43,"source_only",18.5,0.1738,0,36,"Mar2018",12
15.05,"verified",18.73,0.6388,0,36,"Feb2018",0
11.98,"not",5.78,0.8626,0,36,"Feb2018",2
13.59,"verified",29.4,0.6249,1,36,"Jan2018",4
14.08,"verified",22.67,0.4145,0,36,"Feb2018",2
14.07,"source_only",21.34,0.6151,0,60,"Mar2018",1
16.01,"not",16.65,0.7981,0,36,"Mar2018",5
9.43,"verified",83.4,0.6521,0,36,"Mar2018",1
9.93,"not",14.31,0.4549,0,36,"Jan2018",1
12.61,"source_only",14.22,0.6451,0,60,"Feb2018",2
14.08,"source_only",29.67,0.4728,0,60,"Feb2018",0
16.02,"verified",24.71,0.214,1,60,"Jan2018",2
19.03,"verified",17.59,0.668,1,60,"Jan2018",2
9.93,"source_only",30.97,0.6012,0,60,"Feb2018",0
7.96,"not",16.27,0.1808,1,36,"Mar2018",8
10.91,"source_only",4.57,0.5842,1,36,"Jan2018",1
18.06,"source_only",19.45,0.6332,0,60,"Jan2018",1
5.31,"not",14.49,0.5473,0,36,"Feb2018",0
11.98,"verified",13.23,0.097,0,60,"Mar2018",3
21.85,"verified",32.77,0.5629,0,36,"Mar2018",1
7.35,"verified",25.01,0.1022,0,36,"Jan2018",1
9.93,"source_only",11.39,0.0799,0,60,"Jan2018",3
6.08,"not",20.28,0.1049,1,36,"Feb2018",1
16.01,"verified",17.78,0.4703,0,36,"Mar2018",7
10.9,"source_only",4.4,0.6904,0,36,"Mar2018",2
7.35,"source_only",3.92,0.1986,0,36,"Jan2018",6
9.93,"source_only",27.4,0.1008,0,60,"Jan2018",0
6.72,"verified",16.53,0.0583,0,36,"Jan2018",0
9.92,"not",11.08,0.1862,0,36,"Mar2018",1
21.45,"verified",18.36,0.4394,0,60,"Feb2018",0
21.85,"source_only",10.72,0.5726,0,60,"Mar2018",2
20,"verified",21.34,0.2995,0,36,"Jan2018",8
10.9,"source_only",25.76,0.6822,0,36,"Mar2018",0
13.58,"not",21.93,0.5512,0,36,"Feb2018",1
21.85,"source_only",5.36,0.5612,0,60,"Mar2018",4
10.9,"not",28.28,0.8915,0,36,"Mar2018",11
10.42,"source_only",6.84,0.6612,1,36,"Jan2018",4
22.91,"source_only",29.53,0.1678,0,36,"Feb2018",3
12.62,"source_only",9.08,0.513,0,36,"Jan2018",0
14.07,"not",33.62,0.1623,1,36,"Feb2018",3
15.05,"source_only",28.61,0.7376,0,36,"Jan2018",2
9.93,"not",20.12,0.1822,0,60,"Jan2018",1
16.01,"verified",29.49,0.5824,1,36,"Mar2018",1
12.62,"not",33.14,0.1199,0,60,"Jan2018",5
7.35,"not",15.09,0.0885,0,36,"Feb2018",2
15.04,"verified",17.75,0.3104,0,60,"Mar2018",2
9.44,"source_only",41.44,0.523,0,36,"Feb2018",6
16.01,"verified",5.74,0.601,0,36,"Feb2018",3
10.9,"verified",11.24,0.5613,0,36,"Mar2018",0
6.72,"source_only",37.03,0.2174,0,36,"Feb2018",1
9.93,"source_only",18.18,0.0707,0,36,"Jan2018",5
11.99,"source_only",13.67,0.2113,0,36,"Jan2018",1
9.93,"not",13,0.5278,0,36,"Feb2018",4
10.41,"source_only",24.29,0.7412,1,36,"Mar2018",2
13.59,"verified",24.81,0.5373,0,36,"Jan2018",0
15.05,"not",20.96,0.1092,1,36,"Feb2018",0
14.08,"verified",16.34,0.6228,1,60,"Jan2018",1
19.03,"source_only",13.97,0.7709,0,36,"Feb2018",0
6.08,"not",22.08,0.2777,0,36,"Feb2018",0
11.99,"not",23.05,0.2227,0,36,"Feb2018",2
5.31,"not",10.97,0.0858,0,36,"Feb2018",1
12.62,"source_only",34.55,0.3265,0,60,"Feb2018",1
13.59,"verified",12.89,0.4112,0,36,"Jan2018",0
13.59,"source_only",15.26,0.3058,0,36,"Jan2018",3
11.98,"source_only",34.83,0.9423,1,36,"Mar2018",3
14.08,"not",37.22,0.2954,0,36,"Jan2018",0
15.05,"not",12.47,0.7608,0,36,"Jan2018",0
12.62,"not",9.76,0.4739,0,36,"Jan2018",1
10.9,"source_only",4.57,0.0445,0,60,"Mar2018",0
10.9,"not",12.33,0.2541,0,60,"Feb2018",1
6.72,"source_only",9.43,0.4507,0,36,"Jan2018",3
9.92,"not",10.07,0.6504,0,36,"Mar2018",0
16.02,"source_only",12.22,0.835,0,60,"Jan2018",0
9.43,"not",2.2,0.4106,0,36,"Mar2018",0
11.99,"source_only",19.66,0.4096,0,60,"Feb2018",5
13.59,"not",37.95,0.5484,0,60,"Feb2018",1
6.72,"verified",20.57,0.3009,0,36,"Jan2018",0
13.58,"not",28.46,0.5282,0,36,"Feb2018",0
9.92,"source_only",13.63,0.4466,0,36,"Mar2018",0
10.41,"not",14.91,0.4106,0,36,"Mar2018",1
10.91,"not",5.3,0.5928,0,36,"Feb2018",0
12.61,"verified",32.85,0.7105,0,60,"Mar2018",3
10.91,"source_only",10.94,0.3546,0,36,"Jan2018",4
6.07,"not",10.15,0.6878,0,36,"Mar2018",1
10.42,"not",11.12,0.314,0,36,"Feb2018",0
9.43,"verified",17.84,0.153,0,36,"Mar2018",6
6.08,"verified",58.92,0.075,0,36,"Mar2018",1
10.91,"source_only",21.6,0.2086,0,60,"Feb2018",4
6.07,"not",19.4,0.2762,0,36,"Mar2018",1
9.44,"not",23.57,0.1358,0,60,"Feb2018",3
16.02,"verified",14.66,0.7158,0,36,"Feb2018",0
10.42,"source_only",6.07,0.0645,0,36,"Jan2018",2
9.44,"not",25.17,0.1838,0,60,"Jan2018",4
7.34,"not",7.88,0.7406,0,36,"Feb2018",0
19.42,"verified",16.89,0.1506,0,36,"Mar2018",2
15.05,"source_only",14.26,0.6527,0,36,"Jan2018",0
16.02,"source_only",8.88,0.2246,0,60,"Feb2018",0
16.02,"source_only",16.06,0.6603,0,60,"Mar2018",0
14.07,"not",10.52,0.6103,0,60,"Mar2018",2
10.41,"verified",18.42,0.0865,0,36,"Mar2018",1
14.08,"verified",32.34,0.7457,0,36,"Jan2018",4
11.99,"not",30.83,1.2269,1,36,"Feb2018",0
10.42,"not",11.96,0.6634,0,60,"Jan2018",0
13.59,"verified",44.07,0.7582,0,60,"Mar2018",1
6.08,"source_only",32.48,0.1661,0,36,"Jan2018",4
6.71,"not",29.87,0.6092,0,36,"Mar2018",0
10.42,"not",19.24,0.6853,0,36,"Jan2018",3
7.34,"not",19.76,0.2098,0,36,"Mar2018",1
17.47,"verified",20.68,0.4131,0,36,"Mar2018",0
9.93,"not",9.94,0.1143,0,36,"Jan2018",0
17.09,"source_only",1.43,0.4363,0,60,"Jan2018",6
12.62,"source_only",20.38,0.1897,0,60,"Jan2018",0
21.45,"verified",1.12,0.202,0,60,"Jan2018",5
7.97,"verified",36.35,0.2222,0,36,"Jan2018",2
9.93,"verified",7.19,0.4192,0,60,"Mar2018",2
7.96,"not",6.65,0.5072,0,36,"Feb2018",0
6.72,"not",28.74,0.466,0,36,"Feb2018",0
16.01,"source_only",30.81,0.2421,0,60,"Mar2018",6
7.96,"not",7.42,0.4897,0,36,"Mar2018",1
10.42,"not",21.62,0.2845,0,36,"Feb2018",5
6.08,"not",6.24,0.0941,0,36,"Jan2018",1
6.72,"not",22.18,0.6977,0,36,"Jan2018",1
5.31,"verified",25.63,0.1155,0,36,"Feb2018",0
10.42,"not",34,0.1174,0,36,"Jan2018",1
25.81,"source_only",36.74,0.415,1,60,"Mar2018",0
7.35,"source_only",27.23,0.4036,0,36,"Feb2018",0
10.9,"source_only",5.85,0.145,0,60,"Mar2018",3
5.32,"source_only",16.24,0.2036,0,36,"Feb2018",0
16.02,"verified",18.24,0.2157,0,36,"Jan2018",1
9.92,"verified",25.05,0.6524,0,36,"Mar2018",0
6.71,"source_only",2.69,0.1132,0,36,"Feb2018",1
14.08,"source_only",27.97,0.574,0,36,"Jan2018",1
9.44,"source_only",18.2,0.7472,1,36,"Jan2018",9
16.02,"source_only",20.61,0.1224,0,36,"Feb2018",3
10.42,"source_only",10.96,0.493,0,36,"Jan2018",3
7.97,"not",20.5,0.5364,0,36,"Feb2018",1
16.02,"not",20.45,0.7536,0,36,"Feb2018",5
9.43,"source_only",18.04,0.2629,0,36,"Feb2018",2
11.98,"not",12.56,0.0637,0,36,"Feb2018",1
10.9,"not",29.25,0.3454,0,60,"Mar2018",0
6.71,"source_only",10.5,0.4443,0,36,"Mar2018",0
6.71,"not",13.44,0.5068,0,36,"Mar2018",0
19.03,"source_only",16.96,0.5088,0,36,"Jan2018",1
23.88,"verified",16.77,0.7097,0,60,"Jan2018",4
10.9,"source_only",8.47,0.1142,0,36,"Mar2018",5
19.03,"verified",9.8,1.0188,0,60,"Feb2018",0
6.72,"source_only",23.86,0.8697,0,36,"Feb2018",0
9.44,"source_only",13.06,0.6961,0,36,"Feb2018",1
5.31,"not",9.01,0.2298,0,36,"Feb2018",2
14.07,"source_only",23.08,0.234,0,60,"Feb2018",2
13.58,"not",10.85,0.412,1,36,"Mar2018",4
14.08,"source_only",29.68,0.5307,0,36,"Jan2018",4
9.43,"not",9.23,0.248,0,36,"Mar2018",4
10.91,"not",28.75,0.1736,0,36,"Feb2018",3
16.02,"verified",23.02,0.6488,0,36,"Jan2018",0
18.06,"source_only",1.2,0.112,0,36,"Feb2018",1
5.31,"source_only",10.12,0.2308,0,36,"Feb2018",0
11.99,"not",16.31,0.608,0,60,"Feb2018",1
28.72,"source_only",25.67,0.1632,1,60,"Jan2018",1
16.01,"source_only",5.81,0.0729,0,36,"Mar2018",1
10.91,"source_only",23.6,0.4419,1,36,"Jan2018",12
12.62,"source_only",1.85,0.4238,0,36,"Feb2018",3
22.91,"source_only",3.41,0.4772,0,60,"Jan2018",3
17.09,"source_only",22.87,0.7633,0,36,"Jan2018",0
10.42,"source_only",15.57,0.5706,0,36,"Jan2018",1
7.97,"source_only",11.37,0.1346,0,36,"Jan2018",3
14.08,"not",9.38,0.079,0,36,"Feb2018",2
7.34,"not",11.3,0.6612,0,36,"Mar2018",4
7.34,"not",20.37,0.1486,0,60,"Feb2018",0
11.99,"not",15.97,0.3849,0,36,"Feb2018",1
11.99,"not",12.84,0.3647,0,60,"Jan2018",1
10.91,"not",20.66,0.2725,0,36,"Jan2018",0
9.44,"not",34.84,0.2952,0,60,"Jan2018",7
6.72,"not",5.95,0.2494,0,36,"Feb2018",0
18.45,"source_only",13.79,0.3783,0,60,"Mar2018",2
10.42,"verified",11.07,0.3685,0,60,"Jan2018",1
17.09,"source_only",5.6,0.5559,0,36,"Feb2018",0
16.01,"not",23.88,0.6607,0,36,"Feb2018",17
15.04,"not",20.23,0.6204,1,36,"Mar2018",2
30.17,"source_only",8.1,0.2344,0,60,"Mar2018",5
7.97,"source_only",5.53,0.2898,0,36,"Feb2018",1
9.44,"source_only",20.48,0.6502,0,36,"Jan2018",4
12.61,"source_only",21.14,0.1681,0,60,"Mar2018",3
16.02,"source_only",17.27,0.7551,0,60,"Feb2018",2
14.08,"source_only",20.05,0.2718,0,60,"Jan2018",0
10.91,"verified",6.37,0.0244,0,36,"Jan2018",2
17.47,"source_only",5.01,0.3614,0,60,"Mar2018",5
17.09,"source_only",34.44,0.5044,0,60,"Jan2018",2
17.47,"source_only",1.75,0.1855,0,60,"Mar2018",4
10.42,"source_only",18.36,0.195,0,60,"Feb2018",0
10.91,"source_only",4.01,0.0359,0,36,"Feb2018",2
6.07,"not",38.05,0.2799,0,36,"Mar2018",1
16.02,"source_only",15.1,0.6384,0,60,"Jan2018",3
22.91,"verified",19.54,0.1382,0,60,"Feb2018",1
11.99,"not",11.2,0.4511,0,36,"Jan2018",1
12.61,"source_only",10.23,0.468,0,60,"Mar2018",1
19.03,"source_only",7.27,0.6394,0,60,"Jan2018",5
15.04,"source_only",17.81,0.7844,0,60,"Mar2018",0
6.07,"source_only",28.04,0.7669,0,36,"Mar2018",2
14.08,"source_only",12.55,0.8613,1,36,"Jan2018",1
10.9,"source_only",55.73,0.5727,0,60,"Mar2018",0
6.07,"source_only",2.38,0.0328,0,36,"Mar2018",0
10.91,"not",21.3,0.4734,0,36,"Jan2018",4
6.72,"not",27.06,0.2572,0,36,"Feb2018",1
9.44,"source_only",18.33,0.0918,0,60,"Feb2018",1
25.81,"source_only",28.33,0.8171,0,60,"Mar2018",1
12.61,"not",15.43,0.7936,0,36,"Mar2018",0
12.61,"not",12.45,0.4928,1,60,"Feb2018",5
7.35,"source_only",34.2,0.3192,0,36,"Feb2018",0
20,"not",31.52,0.2843,0,60,"Jan2018",3
24.84,"not",12.72,0.1222,0,60,"Mar2018",4
6.08,"not",13.89,0.4158,0,36,"Jan2018",1
11.99,"verified",0.94,0.938,0,36,"Feb2018",0
9.44,"not",14.42,0.5214,0,60,"Jan2018",12
5.32,"not",8.35,0.4699,0,36,"Feb2018",3
9.92,"source_only",20.77,0.4017,0,60,"Mar2018",8
21.45,"verified",21.93,0.806,0,36,"Feb2018",2
12.61,"source_only",4.3,0.0169,0,60,"Mar2018",0
14.08,"verified",17.47,0.0551,0,36,"Feb2018",3
10.9,"not",16.55,0.1199,0,36,"Mar2018",1
15.05,"not",2.97,0.9727,0,36,"Jan2018",1
11.98,"not",8.12,0.5039,1,36,"Feb2018",0
10.91,"source_only",15.06,0.9845,0,36,"Jan2018",1
14.07,"not",11.5,0.1768,0,36,"Mar2018",0
17.09,"source_only",31.58,0.74,0,60,"Jan2018",0
30.75,"verified",20.98,0.8816,0,36,"Mar2018",3
29.69,"verified",27.2,0.9671,0,60,"Mar2018",2
11.98,"verified",18.49,0.2143,0,36,"Mar2018",4
5.32,"not",7.79,0.0965,0,36,"Feb2018",0
13.59,"source_only",19.35,0.3617,0,60,"Jan2018",0
15.05,"source_only",24.08,0.2793,0,60,"Jan2018",0
14.08,"not",21.07,0.561,0,60,"Jan2018",0
19.03,"not",20.7,0.1963,0,60,"Feb2018",1
13.59,"source_only",26.78,0.2623,0,60,"Jan2018",0
12.61,"not",15.59,0.1669,0,36,"Mar2018",3
18.06,"source_only",12.52,0.5167,0,36,"Jan2018",2
14.08,"not",14.82,0.742,0,36,"Feb2018",0
18.06,"source_only",31.5,0.1845,0,36,"Mar2018",9
6.07,"not",49.05,0.5049,0,36,"Mar2018",1
11.99,"source_only",33.46,0.4782,0,36,"Jan2018",0
5.31,"source_only",7.64,0.871,0,36,"Mar2018",1
10.42,"not",6.14,0.4459,0,60,"Jan2018",1
6.08,"source_only",7.16,0.1424,0,36,"Jan2018",1
18.06,"source_only",18.23,0.6775,1,60,"Jan2018",1
15.05,"verified",23.47,0.1662,0,36,"Jan2018",1
6.72,"not",14.11,0.0465,0,36,"Feb2018",0
12.62,"source_only",23.69,0.1414,1,36,"Jan2018",0
6.07,"verified",8.97,0.3395,0,36,"Mar2018",3
5.32,"not",35.76,0.1877,0,36,"Feb2018",0
7.34,"not",3.81,0.061,0,36,"Mar2018",0
9.93,"source_only",19.43,0.3548,0,36,"Feb2018",6
15.04,"source_only",10.79,0.0966,0,60,"Mar2018",4
6.07,"source_only",10.05,0.0711,0,36,"Mar2018",0
10.41,"not",21.09,0.1547,0,60,"Mar2018",1
5.32,"not",5.8,0.0709,0,60,"Jan2018",1
16.01,"not",7.56,0.6329,0,36,"Mar2018",2
28.72,"source_only",27.81,0.689,0,60,"Feb2018",1
7.35,"not",18.25,0.3373,0,36,"Feb2018",0
5.31,"not",17.33,0.1008,0,36,"Mar2018",0
6.72,"source_only",1.03,0.1016,0,36,"Feb2018",0
7.97,"not",59.44,0.2812,0,36,"Jan2018",5
15.04,"source_only",14.04,0.0657,0,60,"Mar2018",3
21.45,"source_only",19.23,0.9082,0,60,"Jan2018",2
14.07,"not",22.64,0.6467,0,60,"Mar2018",1
6.72,"not",15.33,0.2121,1,36,"Jan2018",4
11.99,"source_only",5.92,0.4694,0,36,"Jan2018",1
10.9,"source_only",9.78,0.6359,0,60,"Mar2018",0
6.72,"source_only",11.29,0.2613,1,36,"Jan2018",0
9.92,"not",23.3,0.3236,1,36,"Mar2018",3
7.97,"not",24.93,0.2808,0,36,"Jan2018",1
7.34,"verified",17.43,0.6019,0,36,"Mar2018",1
9.92,"not",3.05,0.5592,0,36,"Mar2018",0
9.43,"verified",5.16,0.6592,0,36,"Mar2018",0
10.42,"source_only",7.17,0.8294,0,36,"Feb2018",1
16.02,"verified",28.63,0.8974,0,36,"Feb2018",8
6.08,"source_only",12.13,0.2627,0,36,"Jan2018",1
20.39,"not",3.62,0.5699,0,36,"Feb2018",0
13.59,"source_only",5.98,0.0389,0,36,"Feb2018",2
9.44,"source_only",16.19,0.1584,0,60,"Jan2018",0
10.42,"not",16.11,1.0469,0,36,"Jan2018",1
9.92,"not",7.91,0.0441,1,60,"Mar2018",1
11.99,"not",12.52,0.5109,0,60,"Jan2018",0
6.72,"not",17.83,0.5559,0,36,"Mar2018",0
18.06,"verified",32.42,0.2718,0,36,"Feb2018",5
9.93,"not",144.3,0.0815,1,60,"Jan2018",4
10.42,"verified",13.74,0.1,0,36,"Jan2018",1
14.08,"verified",26.78,0.7106,0,36,"Jan2018",0
9.43,"source_only",17.63,0.2098,0,60,"Mar2018",2
16.02,"verified",17.6,0.7775,0,36,"Mar2018",6
6.72,"not",18.25,0.4443,0,36,"Feb2018",0
9.43,"not",18,0.3157,1,36,"Mar2018",2
7.35,"not",20.7,0.3019,0,36,"Jan2018",2
6.08,"not",12.58,0.6924,0,36,"Jan2018",1
6.08,"not",13.11,0.5974,0,36,"Jan2018",7
10.91,"not",17.39,0.9076,0,36,"Jan2018",2
17.09,"source_only",18.7,0.1417,1,60,"Jan2018",4
19.42,"not",5.31,0.0972,0,60,"Feb2018",1
11.99,"verified",35.08,0.7249,1,60,"Feb2018",0
13.58,"not",21.44,0.0655,1,36,"Mar2018",6
11.99,"source_only",18.63,0.573,0,36,"Jan2018",5
13.59,"source_only",17.68,0.9004,0,60,"Jan2018",0
9.44,"source_only",13.88,0.8231,0,36,"Feb2018",4
17.09,"not",19.2,0.0849,1,36,"Jan2018",0
11.98,"not",27.64,0.5922,0,60,"Mar2018",0
20.39,"not",37.44,0.5894,0,36,"Mar2018",3
26.3,"verified",37.62,0.5599,1,60,"Feb2018",0
13.59,"not",11.6,0.0625,0,60,"Feb2018",0
9.93,"source_only",15.14,0.8868,0,36,"Feb2018",1
10.41,"source_only",10.88,0.7804,0,36,"Mar2018",0
12.62,"not",3.23,0.3221,0,36,"Feb2018",0
17.09,"not",9.9,0.7043,0,36,"Jan2018",1
6.07,"source_only",10.78,0.319,0,36,"Mar2018",1
24.85,"verified",26.08,0.3772,1,60,"Jan2018",2
10.91,"source_only",12.63,0.2562,0,36,"Jan2018",4
5.31,"source_only",2.91,0.0109,0,36,"Mar2018",0
6.08,"source_only",7.11,0.2586,0,36,"Jan2018",1
6.07,"not",19.22,0.2672,0,36,"Mar2018",0
9.43,"source_only",8.7,0.4757,0,36,"Mar2018",2
14.07,"verified",11.05,0.9776,0,36,"Mar2018",0
17.09,"verified",21.93,0.178,0,36,"Jan2018",0
11.98,"source_only",20.08,0.1476,0,60,"Mar2018",2
14.07,"verified",23.56,0.5575,1,36,"Mar2018",0
9.92,"not",20.61,0.0808,1,60,"Mar2018",2
5.32,"verified",14.4,0.1015,0,36,"Mar2018",2
16.02,"not",12.46,0.8617,1,60,"Jan2018",4
17.47,"source_only",26.14,0.3111,0,60,"Mar2018",1
9.43,"source_only",16.43,0.1901,0,36,"Mar2018",0
16.02,"source_only",31.45,0.7212,0,36,"Feb2018",0
9.93,"verified",46.06,0.7982,1,36,"Feb2018",7
9.93,"source_only",18.63,0.3412,1,60,"Feb2018",4
9.93,"source_only",5.3,0.5074,0,36,"Jan2018",0
10.9,"source_only",6.18,0.0824,0,60,"Mar2018",2
10.42,"not",19.73,0.7379,0,36,"Feb2018",0
11.99,"not",25.74,0.265,0,36,"Jan2018",1
26.3,"verified",2.05,0.2282,0,60,"Jan2018",3
9.43,"source_only",9.92,0.2563,0,60,"Mar2018",5
7.97,"source_only",0,0,0,36,"Feb2018",0
11.98,"not",11.73,0.7287,0,36,"Mar2018",0
15.04,"source_only",42.66,0.4244,0,60,"Mar2018",1
7.97,"source_only",26.1,0.1622,0,36,"Feb2018",0
14.08,"source_only",10.87,0.0844,0,36,"Jan2018",5
19.03,"not",44.46,0.7926,0,36,"Jan2018",3
7.96,"source_only",17.53,0.1522,0,36,"Mar2018",0
9.44,"source_only",9.16,0.1158,0,60,"Jan2018",2
11.99,"source_only",8.24,0.6588,0,36,"Jan2018",1
13.59,"source_only",23.38,0.2249,0,60,"Jan2018",1
7.97,"not",17.26,0.5781,0,36,"Feb2018",2
16.02,"verified",21.67,0.1422,0,60,"Jan2018",1
12.62,"not",15.55,0.3504,0,60,"Jan2018",2
5.32,"not",2.75,0.0928,0,36,"Jan2018",0
7.97,"source_only",4.1,0.5903,0,36,"Feb2018",0
12.61,"source_only",35.1,0.2055,0,36,"Mar2018",0
11.98,"not",5.68,0.3591,0,36,"Mar2018",1
16.01,"verified",72.16,0.251,0,60,"Mar2018",1
18.45,"source_only",9.71,0.1463,0,60,"Mar2018",0
10.9,"source_only",16.03,0.4037,0,36,"Mar2018",5
9.92,"source_only",11.56,0.1486,2,36,"Mar2018",1
12.61,"not",10.53,0.291,0,36,"Mar2018",6
11.99,"not",19.97,0.4894,0,60,"Feb2018",0
9.43,"verified",17.5,0.1307,0,60,"Mar2018",1
10.9,"source_only",12.07,0.1743,0,60,"Mar2018",3
20.39,"not",11.52,0.8791,0,36,"Mar2018",1
9.44,"source_only",19.81,0.263,0,36,"Jan2018",2
9.44,"source_only",16.32,0.37,0,60,"Jan2018",0
12.61,"source_only",15.39,0.2364,0,36,"Mar2018",8
16.01,"source_only",19.54,0.4494,0,36,"Mar2018",1
12.61,"not",52.91,0.5023,0,36,"Mar2018",1
10.9,"source_only",0,0,0,60,"Mar2018",0
6.71,"not",2.95,0.0756,0,36,"Mar2018",4
9.43,"source_only",18.25,0.0969,1,36,"Mar2018",0
10.41,"source_only",16.79,0.7812,0,36,"Mar2018",7
10.9,"source_only",14.83,0.5772,0,36,"Mar2018",0
16.02,"not",11.57,0.5571,0,60,"Feb2018",0
14.08,"verified",33.52,0.2336,0,36,"Jan2018",2
10.91,"not",14.32,0.403,0,36,"Jan2018",3
7.34,"source_only",23.16,0.9626,0,36,"Mar2018",0
9.92,"source_only",27.63,0.4253,0,60,"Mar2018",1
23.88,"source_only",16.75,0.0848,0,36,"Feb2018",0
10.9,"not",18.67,0.3194,0,36,"Mar2018",3
12.62,"source_only",30.79,0.2055,0,36,"Jan2018",2
9.93,"source_only",9.09,0.352,0,36,"Jan2018",8
6.72,"not",20.85,0.0816,0,36,"Jan2018",0
21.45,"verified",32.19,0.9029,0,36,"Mar2018",1
13.59,"not",10.97,0.0614,0,60,"Jan2018",1
6.72,"source_only",11.11,0.6061,0,36,"Jan2018",5
15.04,"verified",22.35,0.5631,0,60,"Mar2018",0
7.97,"not",17.51,0.2638,1,36,"Jan2018",3
13.59,"source_only",34.8,0.1212,0,60,"Jan2018",3
9.44,"source_only",3.16,0.3831,1,36,"Jan2018",2
10.41,"not",0.150892857142857,0.4183,0,36,"Mar2018",5
6.72,"not",14.7,0.4462,0,36,"Jan2018",0
7.96,"not",1.89,0.0199,0,36,"Feb2018",0
9.44,"not",25.98,0.0913,0,36,"Feb2018",0
10.91,"not",8.83,0.0962,0,36,"Jan2018",2
18.45,"verified",23.16,1.0477,0,60,"Mar2018",0
13.58,"source_only",9.36,0.8814,0,36,"Mar2018",2
9.93,"verified",7.07,0.683,0,36,"Jan2018",2
9.44,"not",15.84,0.1043,0,36,"Jan2018",2
15.05,"source_only",18.3,0.4443,0,60,"Jan2018",2
12.62,"not",12.46,0.9481,0,60,"Feb2018",0
10.42,"source_only",5.81,0.2712,0,60,"Jan2018",1
9.44,"source_only",37.07,0.5828,0,36,"Mar2018",1
10.9,"not",24.76,0.4376,0,60,"Mar2018",5
6.72,"not",22.61,0.313,0,60,"Jan2018",1
26.77,"verified",21.87,0.2739,0,60,"Mar2018",4
12.61,"source_only",34.3,0.6036,0,36,"Feb2018",1
7.35,"source_only",15.34,1.1675,0,36,"Feb2018",0
6.07,"not",34.11,0.3411,0,36,"Feb2018",0
6.72,"source_only",27.27,0.2894,0,36,"Jan2018",0
10.91,"verified",17.27,0.7586,0,36,"Jan2018",1
21.45,"verified",13.04,0.4947,1,60,"Jan2018",3
11.99,"not",53.65,0.2859,0,36,"Jan2018",2
12.61,"source_only",28.38,0.479,0,60,"Mar2018",0
7.34,"source_only",12.24,1.3682,0,36,"Mar2018",0
15.05,"not",11.63,0.327,0,36,"Feb2018",10
7.35,"not",7.34,0.6435,0,36,"Jan2018",0
6.08,"source_only",20.25,0.4126,0,36,"Feb2018",0
11.98,"source_only",14.34,0.679,0,60,"Mar2018",0
21.45,"verified",33.53,0.3783,0,36,"Jan2018",7
6.71,"not",13.59,0.4226,0,36,"Mar2018",1
9.93,"not",18.4,0.1136,0,60,"Feb2018",1
10.9,"source_only",16.26,0.1966,0,60,"Mar2018",0
6.07,"not",12.44,0.0974,0,36,"Feb2018",3
6.07,"not",10.83,0.8044,0,36,"Feb2018",2
7.34,"not",7.16,0.2227,0,60,"Mar2018",0
12.62,"source_only",8.64,0.5909,0,60,"Feb2018",0
18.45,"not",56.08,0.4593,0,36,"Mar2018",1
6.71,"not",11.5,0.0779,0,36,"Mar2018",1
15.04,"verified",10.2,0.4948,0,60,"Feb2018",0
7.35,"not",21.32,0.5128,0,36,"Jan2018",1
11.99,"not",27.05,0.3156,0,60,"Jan2018",2
6.72,"source_only",4.28,0.3329,1,36,"Jan2018",1
6.72,"not",1.06,0.0694,0,36,"Jan2018",7
20,"verified",13.71,0.2965,0,36,"Feb2018",3
6.71,"not",8.68,0.0504,0,36,"Feb2018",2
6.08,"not",14.59,0.0735,0,36,"Jan2018",0
7.96,"source_only",4.86,0.0291,0,36,"Mar2018",4
6.07,"not",16.73,0.8389,0,36,"Mar2018",0
7.34,"source_only",8.14,0.8428,0,36,"Mar2018",3
9.93,"not",12.14,0.323,0,60,"Feb2018",2
10.91,"verified",16.49,0.1111,0,36,"Jan2018",4
16.02,"verified",17.49,0.6221,0,60,"Jan2018",3
17.47,"verified",5.92,0.3154,1,60,"Mar2018",4
15.04,"source_only",27.62,0.5098,0,60,"Mar2018",11
6.08,"verified",21.92,0.1241,0,36,"Jan2018",2
21.85,"not",24.48,0.5614,0,36,"Feb2018",0
16.01,"source_only",8.72,0.0497,0,60,"Mar2018",1
10.91,"not",17.87,0.5562,0,36,"Jan2018",0
15.05,"source_only",23.27,0.2155,0,60,"Feb2018",3
10.41,"verified",12.05,0.0573,0,36,"Mar2018",6
7.97,"not",22.38,0.8156,1,36,"Jan2018",5
18.06,"source_only",20.93,0.7733,0,36,"Feb2018",8
9.92,"source_only",17.3,0.2149,0,36,"Mar2018",1
9.44,"not",13.14,0.8271,0,36,"Feb2018",1
9.93,"source_only",10.26,0.1924,1,60,"Feb2018",0
10.41,"source_only",30.01,0.2818,1,36,"Mar2018",0
6.71,"not",13.3,0.3391,1,36,"Mar2018",0
9.44,"not",8.95,0.6102,0,36,"Jan2018",0
9.93,"not",30.16,0.6038,0,36,"Feb2018",0
5.31,"not",3.91,0.0797,0,36,"Mar2018",0
10.9,"verified",24.01,0.1643,0,36,"Mar2018",5
23.87,"verified",20.27,0.6979,0,36,"Mar2018",1
5.32,"not",17.81,0.0801,0,36,"Feb2018",3
18.06,"verified",29.44,0.5356,1,36,"Jan2018",2
22.9,"verified",28.8,0.1381,0,36,"Feb2018",0
9.93,"verified",10.47,0.0493,0,36,"Jan2018",2
5.31,"not",31.42,0.2472,0,60,"Mar2018",2
19.42,"verified",37.73,0.2009,1,36,"Mar2018",1
26.3,"source_only",21.88,0.7504,0,60,"Feb2018",5
21.45,"verified",26.29,0.251,0,36,"Feb2018",0
26.3,"verified",41.93,0.2181,0,36,"Jan2018",1
6.72,"not",27.04,0.2869,0,36,"Feb2018",1
7.97,"verified",42.25,0.0282,0,36,"Jan2018",2
21.45,"not",37.88,0.2706,0,60,"Feb2018",1
6.71,"not",8.99,0.1055,0,36,"Mar2018",3
5.32,"not",19.74,0.1209,0,36,"Jan2018",1
6.71,"not",1.94,0.0047,0,36,"Feb2018",3
15.05,"verified",25.32,0.4212,0,36,"Jan2018",3
17.09,"source_only",9.42,0.6494,0,60,"Jan2018",4
10.41,"source_only",17.7,0.4576,1,36,"Mar2018",0
9.43,"not",25.77,0.2013,0,36,"Mar2018",0
11.98,"not",21.86,0.0495,0,36,"Mar2018",4
18.45,"source_only",27.06,0.1359,0,60,"Mar2018",2
7.97,"source_only",10.54,0.1237,0,36,"Jan2018",0
11.98,"not",21.14,0.2034,0,36,"Mar2018",5
9.44,"not",5.34,0.2117,0,36,"Jan2018",8
11.98,"source_only",33.04,0.2603,0,60,"Mar2018",5
7.97,"not",15.22,0.2692,0,36,"Jan2018",1
5.32,"not",14.9,0.1592,0,36,"Feb2018",0
24.84,"source_only",28.28,1.0693,0,36,"Mar2018",3
20.39,"source_only",25.17,0.5801,0,36,"Mar2018",1
9.93,"not",10.59,0.1034,0,60,"Jan2018",0
6.08,"source_only",6.98,0.122,0,36,"Feb2018",0
11.99,"not",35.55,0.9261,0,36,"Feb2018",0
12.62,"source_only",12,0.4309,0,60,"Mar2018",0
6.72,"source_only",8.27,0.6285,0,36,"Jan2018",1
7.97,"not",16.06,0.5601,0,36,"Feb2018",2
7.34,"source_only",23.18,0.1498,0,36,"Mar2018",3
12.62,"source_only",12.42,0.2892,0,60,"Mar2018",1
6.08,"not",18.17,0.1875,0,36,"Feb2018",0
10.91,"source_only",21.84,0.1463,0,36,"Jan2018",8
10.41,"verified",14.28,0.4902,1,36,"Mar2018",4
10.9,"verified",41.21,0.5768,0,60,"Mar2018",1
14.08,"source_only",36.51,0.6139,1,36,"Jan2018",0
21.45,"source_only",21.89,0.6132,1,60,"Feb2018",2
12.62,"source_only",15.56,0.2306,0,60,"Feb2018",2
13.58,"source_only",15.44,0.9013,0,36,"Mar2018",2
7.96,"not",13.75,0.6979,0,36,"Feb2018",3
20,"verified",3.32,0.3979,0,60,"Feb2018",1
15.04,"source_only",31.29,0.7444,0,60,"Mar2018",6
6.08,"not",27.07,0.1691,0,36,"Feb2018",0
20,"verified",35.02,0.224,0,60,"Jan2018",0
16.01,"source_only",20.52,0.2823,0,60,"Mar2018",6
13.59,"source_only",20.32,0.5078,0,36,"Feb2018",2
10.42,"source_only",17,0.1198,0,60,"Feb2018",0
16.02,"verified",35.08,0.9515,0,36,"Jan2018",1
11.99,"source_only",21.36,0.5191,0,36,"Jan2018",0
7.34,"verified",13.35,0.1872,0,36,"Mar2018",0
20,"not",32.18,0.9814,0,36,"Jan2018",8
11.98,"not",11.37,0.3036,0,36,"Feb2018",0
6.72,"not",9.68,0.6172,0,36,"Feb2018",2
7.96,"source_only",14.48,0.9047,0,36,"Mar2018",0
17.47,"not",18.24,0.5345,0,36,"Mar2018",2
7.97,"verified",4.56,0.0089,0,36,"Jan2018",1
19.03,"source_only",22.08,0.3859,0,60,"Jan2018",1
7.96,"source_only",19.93,0.1932,0,36,"Mar2018",0
18.06,"source_only",5.55,0.777,1,36,"Feb2018",0
17.09,"source_only",25.81,0.0375,0,36,"Jan2018",0
18.06,"source_only",11.04,0.5249,0,36,"Mar2018",12
12.61,"not",29.11,0.7797,0,36,"Mar2018",0
10.42,"source_only",24.67,0.7364,0,36,"Jan2018",2
16.02,"source_only",15,0.1764,0,36,"Feb2018",8
9.92,"not",16.54,0.1793,0,36,"Mar2018",1
10.41,"source_only",24.97,0.1899,0,36,"Mar2018",0
15.05,"not",6.42,0.3844,0,36,"Feb2018",0
10.41,"source_only",14.98,0.3593,0,36,"Feb2018",0
12.62,"verified",23.44,0.148,0,36,"Jan2018",0
6.08,"not",23.43,0.3526,0,36,"Feb2018",3
18.06,"source_only",19.62,0.4856,0,36,"Jan2018",6
11.98,"source_only",20.69,0.1874,0,36,"Mar2018",7
14.07,"source_only",19.58,0.5211,0,60,"Feb2018",3
7.97,"verified",20.66,0.1049,0,36,"Feb2018",1
11.98,"verified",29.67,0.1868,0,36,"Mar2018",1
10.9,"source_only",29.29,0.1721,0,36,"Mar2018",1
6.72,"not",12.87,0.363,0,36,"Feb2018",1
14.07,"source_only",4.43,0.6612,0,60,"Mar2018",5
25.82,"source_only",19.02,0.6023,0,60,"Jan2018",1
12.62,"not",30.78,0.3642,0,36,"Jan2018",5
10.91,"source_only",14.81,0.7367,0,36,"Feb2018",5
26.77,"source_only",4.71,0.32,0,60,"Mar2018",2
5.32,"source_only",18.05,0.0876,0,36,"Jan2018",4
10.41,"source_only",18.34,0.1787,0,36,"Feb2018",2
18.06,"not",20.81,0.8734,0,36,"Feb2018",3
9.44,"not",10.68,0.0536,0,36,"Jan2018",3
10.41,"source_only",31.19,0.4843,1,36,"Mar2018",0
17.09,"verified",13.76,0.0523,0,36,"Mar2018",6
9.44,"not",20.51,0.463,0,60,"Jan2018",0
21.45,"verified",24.99,0.748,0,60,"Jan2018",0
9.43,"not",19.63,0.8276,0,36,"Mar2018",1
9.93,"source_only",10.2,0.1462,0,36,"Feb2018",0
13.59,"source_only",14.52,0.4805,0,60,"Feb2018",3
6.72,"source_only",2.26,0.2304,0,36,"Jan2018",0
26.3,"verified",4.5,0.6296,0,60,"Jan2018",0
21.85,"source_only",26.43,0.5272,0,36,"Mar2018",0
15.04,"not",21.87,0.4941,0,36,"Feb2018",1
10.41,"source_only",13.22,0.4433,0,36,"Mar2018",1
6.71,"not",7.96,0.3461,0,36,"Mar2018",0
7.35,"not",29.09,0.4269,1,36,"Feb2018",1
6.07,"not",16.26,0.2121,0,36,"Mar2018",2
13.59,"source_only",12.58,0.4057,0,60,"Feb2018",1
5.32,"not",12.98,0.3239,0,36,"Jan2018",0
13.58,"source_only",11.49,0.1714,0,60,"Feb2018",2
24.84,"verified",28.07,0.1522,0,60,"Mar2018",1
21.45,"not",16.16,0.6796,0,60,"Jan2018",2
7.96,"verified",72.89,0.2087,0,36,"Mar2018",15
21.45,"not",24.65,0.9291,0,60,"Jan2018",0
7.35,"source_only",0.09,0.0032,0,36,"Jan2018",0
10.91,"not",20.48,0.7635,0,36,"Feb2018",2
17.47,"source_only",27.53,0.6403,1,60,"Mar2018",4
10.42,"verified",2.97,0.025,0,36,"Jan2018",2
6.71,"verified",0,0,0,36,"Mar2018",0
7.35,"not",17.28,0.1673,0,36,"Jan2018",0
28.72,"source_only",13.81,0.2975,0,60,"Mar2018",0
17.09,"verified",22.59,0.2652,0,60,"Jan2018",1
15.05,"verified",17.67,0.4831,0,60,"Feb2018",1
14.08,"not",24.13,0.4598,0,60,"Jan2018",1
16.02,"verified",29.31,0.7174,1,36,"Jan2018",1
16.02,"verified",30.31,0.1829,0,60,"Jan2018",0
12.61,"source_only",11.98,0.2384,0,36,"Mar2018",2
5.32,"source_only",32.65,0.5719,0,36,"Feb2018",1
17.47,"source_only",24.19,0.4193,1,36,"Mar2018",2
17.47,"verified",22.66,1.0447,0,36,"Mar2018",2
17.09,"verified",39.43,0.2649,0,60,"Jan2018",1
21.85,"source_only",36.93,0.3035,0,36,"Mar2018",3
15.04,"not",10.29,1.3479,0,36,"Feb2018",2
11.98,"verified",16.08,0.2079,0,60,"Feb2018",2
10.42,"source_only",12.91,0.1744,0,60,"Feb2018",0
9.43,"verified",8.36,0.0301,1,36,"Mar2018",1
18.45,"source_only",9.55,0.0998,1,36,"Mar2018",3
20,"verified",34.91,0.7796,0,60,"Feb2018",3
5.32,"not",10.13,0.6828,1,36,"Jan2018",4
6.08,"not",4.48,0.0165,0,36,"Feb2018",1
15.04,"not",22.85,0.5914,0,36,"Mar2018",0
15.04,"verified",10.73,0.4333,0,36,"Mar2018",0
13.59,"source_only",4.15,0.5524,0,36,"Jan2018",0
9.92,"source_only",23.85,0.2584,0,60,"Mar2018",6
12.62,"not",22.67,0.7396,0,60,"Jan2018",1
14.08,"source_only",8.78,0.3776,0,60,"Feb2018",1
25.81,"not",9.96,1.1075,0,60,"Mar2018",0
18.45,"source_only",6.15,0.0903,0,60,"Mar2018",2
7.97,"not",12.38,0.6687,0,36,"Jan2018",0
9.92,"source_only",28.67,0.3092,0,36,"Mar2018",3
13.59,"source_only",16.04,0.8156,0,36,"Jan2018",0
11.98,"verified",14.29,0.2214,0,60,"Mar2018",3
13.59,"not",36.52,0.5502,0,36,"Jan2018",0
16.02,"source_only",20.59,0.2686,0,36,"Jan2018",3
15.05,"not",29.07,0.8055,0,36,"Jan2018",2
10.9,"not",9.71,0.3851,0,36,"Mar2018",1
15.04,"source_only",24.59,0.2661,0,60,"Mar2018",5
15.04,"verified",57.02,0.691,0,60,"Mar2018",1
11.98,"not",21.79,0.6931,0,36,"Mar2018",0
7.96,"not",10.62,0.541,0,36,"Feb2018",2
9.92,"not",13.16,0.3664,0,36,"Mar2018",1
14.08,"source_only",33.19,0.3001,1,36,"Mar2018",6
6.08,"source_only",10.5,0.4942,0,36,"Feb2018",0
12.61,"verified",14.54,0.1271,0,60,"Mar2018",3
16.02,"not",24.98,0.3738,1,36,"Jan2018",3
5.31,"not",8.62,0.2805,0,36,"Feb2018",1
6.08,"not",17.98,0.0858,0,36,"Jan2018",0
18.45,"verified",27.53,0.3399,0,36,"Mar2018",3
9.44,"not",62.48,0.3005,0,36,"Jan2018",3
6.07,"not",30.87,0.1962,0,36,"Mar2018",1
9.44,"source_only",15.48,0.5745,1,36,"Jan2018",2
16.02,"verified",27.19,0.5682,0,60,"Jan2018",0
6.07,"not",16.78,0.3206,1,36,"Feb2018",4
25.82,"verified",15.17,0.7814,0,60,"Jan2018",2
15.05,"source_only",20.94,0.1913,0,36,"Jan2018",0
6.07,"not",22.49,0.2665,0,36,"Mar2018",0
7.97,"source_only",9.71,0.2489,0,36,"Feb2018",0
11.99,"verified",17.54,0.5331,1,60,"Jan2018",2
18.45,"source_only",38.15,0.6371,0,36,"Mar2018",0
9.92,"verified",25.63,0.211,0,36,"Mar2018",0
13.59,"verified",35.64,0.2793,0,36,"Feb2018",1
9.43,"source_only",5.27,0.4221,0,36,"Mar2018",0
16.01,"source_only",4.38,0.0497,0,60,"Feb2018",0
11.98,"source_only",9.55,0.4999,0,60,"Feb2018",1
10.91,"source_only",14.18,0.1085,0,36,"Jan2018",6
6.71,"not",24.11,0.465,0,36,"Mar2018",3
11.98,"source_only",26.19,0.8775,0,36,"Mar2018",1
11.99,"not",9.22,0.5682,0,36,"Feb2018",0
9.92,"verified",7.54,0.3728,0,60,"Mar2018",1
11.98,"verified",9.47,0.3086,0,36,"Mar2018",1
6.08,"verified",20.33,0.1346,0,36,"Jan2018",2
6.08,"not",16.32,0.2351,0,36,"Jan2018",0
7.96,"not",3.33,0.1624,1,36,"Mar2018",5
9.93,"source_only",24.75,0.4029,0,60,"Feb2018",0
6.71,"source_only",12.65,0.5709,0,36,"Mar2018",1
10.91,"not",8.7,0.6299,0,36,"Jan2018",0
19.03,"source_only",13.39,0.1427,0,60,"Jan2018",1
9.93,"not",19.4,0.2333,0,36,"Jan2018",3
7.34,"source_only",14.33,0.0931,0,36,"Mar2018",0
15.04,"source_only",22.17,1.0068,0,36,"Mar2018",0
18.45,"source_only",18.41,0.5825,0,60,"Feb2018",1
9.44,"source_only",10.71,0.4519,0,60,"Jan2018",5
6.08,"not",17.35,0.1021,0,36,"Jan2018",0
7.35,"source_only",28.24,0.3609,0,36,"Jan2018",0
13.59,"source_only",23.58,0.2474,0,36,"Jan2018",1
17.09,"source_only",29.67,0.1154,0,60,"Jan2018",0
10.91,"verified",27.29,0.2188,0,60,"Jan2018",1
13.59,"verified",25.2,0.2158,0,36,"Jan2018",8
5.32,"source_only",15.56,0.7786,0,36,"Feb2018",0
10.91,"source_only",15.71,0.1694,0,36,"Jan2018",2
16.01,"verified",23.94,0.2116,0,60,"Mar2018",4
10.42,"source_only",8.86,0.4551,0,60,"Jan2018",1
9.43,"source_only",11.82,0.3165,0,36,"Mar2018",3
9.43,"source_only",9.31,0.3062,0,60,"Mar2018",2
6.07,"source_only",20.93,0.4088,0,36,"Feb2018",0
11.99,"source_only",24.02,0.5463,0,60,"Jan2018",0
10.42,"not",14.76,0.107,0,36,"Jan2018",5
14.07,"source_only",8.75,0.1102,0,36,"Mar2018",1
13.59,"not",18.34,0.2885,0,36,"Feb2018",1
10.9,"not",20.75,0.5087,0,36,"Mar2018",10
14.08,"verified",36.72,0.835,0,60,"Feb2018",0
11.98,"source_only",19.57,0.1188,0,60,"Mar2018",1
11.99,"source_only",19.76,0.1711,0,60,"Feb2018",2
11.99,"source_only",23.77,0.2094,0,60,"Jan2018",2
6.71,"not",11.61,0.5306,1,36,"Mar2018",1
9.92,"not",24.86,0.2502,0,36,"Mar2018",0
10.9,"verified",19.41,0.7766,0,60,"Mar2018",8
9.93,"not",29.11,0.3203,0,36,"Jan2018",6
11.99,"not",5.79,0.3239,0,36,"Jan2018",1
5.32,"not",22.92,0.7452,0,36,"Feb2018",2
18.45,"source_only",27.64,0.8313,0,60,"Mar2018",1
6.07,"source_only",20.45,0.6172,0,60,"Mar2018",0
11.98,"verified",16.06,0.7403,1,36,"Feb2018",2
10.9,"verified",30.87,0.1215,0,36,"Mar2018",2
11.98,"not",6.15,0.1574,0,36,"Mar2018",2
12.62,"source_only",14.91,0.2826,0,60,"Jan2018",4
10.9,"not",30.33,0.1948,0,60,"Feb2018",0
5.32,"not",11.34,0.7714,1,36,"Feb2018",5
11.98,"not",19.42,0.5457,1,36,"Feb2018",1
19.03,"verified",13.48,0.1382,1,60,"Jan2018",3
6.07,"not",22.54,0.4295,0,36,"Feb2018",3
13.59,"source_only",12.48,0.3071,0,36,"Feb2018",0
12.61,"not",27.7,0.5515,1,36,"Mar2018",1
14.07,"verified",13.82,0.48,0,36,"Mar2018",0
12.62,"verified",25.96,0.2876,0,36,"Jan2018",0
21.45,"source_only",22.09,0.5045,1,60,"Jan2018",1
23.88,"source_only",8.41,0.7522,0,36,"Jan2018",2
9.44,"verified",20.1,0.1639,0,36,"Jan2018",0
6.08,"not",22.33,0.1051,0,36,"Jan2018",5
21.85,"not",17.09,0.6807,0,36,"Mar2018",2
7.34,"source_only",6.31,0.0956,0,60,"Mar2018",0
14.07,"source_only",20.07,0.7334,0,36,"Mar2018",1
11.99,"verified",8.95,0.0412,0,60,"Jan2018",0
7.97,"source_only",5.5,0.2481,0,36,"Jan2018",1
11.98,"not",5.54,0.0718,0,36,"Feb2018",0
17.47,"not",0.129926666666667,0.4657,0,60,"Mar2018",1
23.87,"source_only",31.51,0.5658,1,60,"Mar2018",0
7.35,"source_only",6.58,0.2192,0,36,"Feb2018",3
16.02,"verified",17.04,0.8411,0,36,"Jan2018",3
10.9,"not",16.33,0.5124,1,36,"Mar2018",4
12.61,"not",26.38,0.1508,0,60,"Mar2018",0
14.08,"not",21.73,0.9983,0,36,"Jan2018",0
9.92,"verified",3.93,0.1683,0,36,"Mar2018",0
15.05,"not",2,0.1427,0,36,"Jan2018",0
9.43,"not",12.78,0.2374,0,36,"Mar2018",2
6.07,"not",4.98,0.0905,0,36,"Feb2018",0
6.08,"not",20.99,1.4701,0,36,"Feb2018",0
6.08,"not",14.76,0.0458,0,36,"Jan2018",0
10.9,"source_only",4.41,0.0479,0,36,"Mar2018",3
13.58,"verified",25.11,0.9176,0,60,"Mar2018",0
18.45,"verified",19.83,0.6713,0,60,"Mar2018",0
7.35,"not",18.84,0.6521,0,36,"Feb2018",0
6.72,"source_only",0.32,0.3318,0,36,"Jan2018",1
16.02,"source_only",0.38,8e-04,0,36,"Jan2018",1
10.42,"source_only",19.12,0.1281,0,36,"Jan2018",1
14.08,"verified",0.79,0.0198,0,60,"Jan2018",1
13.58,"source_only",17.83,0.208,0,36,"Mar2018",1
7.97,"not",33.92,0.1833,0,36,"Jan2018",4
10.91,"source_only",8.93,0.6546,0,36,"Jan2018",0
9.44,"not",23.74,0.6403,0,36,"Jan2018",0
16.01,"source_only",35.25,0.1869,0,36,"Mar2018",6
10.42,"not",20.42,0.3289,0,36,"Feb2018",0
17.47,"not",27.5,0.2154,0,60,"Feb2018",3
18.06,"not",8.22,0.6246,0,36,"Jan2018",0
11.99,"source_only",30.75,0.1655,0,36,"Jan2018",1
11.98,"not",6.9,0.6531,0,36,"Mar2018",1
15.04,"source_only",8.28,0.985,0,36,"Mar2018",1
7.35,"source_only",15.16,0.6167,0,36,"Jan2018",2
9.44,"source_only",10.75,0.2676,0,36,"Feb2018",0
9.92,"not",16.6,0.3758,0,60,"Feb2018",0
11.98,"not",41.15,0.5601,0,36,"Mar2018",1
10.42,"source_only",10.16,0.1623,0,36,"Jan2018",3
7.35,"source_only",14.93,0.1474,0,36,"Jan2018",1
9.44,"source_only",2.36,0.0906,0,36,"Feb2018",1
9.43,"source_only",8.19,0.3998,1,36,"Mar2018",1
18.06,"not",21.85,0.6776,0,36,"Feb2018",4
21.85,"source_only",17.19,0.3683,0,36,"Feb2018",1
9.93,"source_only",4.44,0.0561,0,60,"Feb2018",0
20.39,"verified",28.27,0.2623,0,60,"Feb2018",2
7.34,"not",2.84,0.166,0,36,"Mar2018",1
15.05,"source_only",33.46,0.7536,0,36,"Feb2018",2
10.9,"source_only",29.19,0.2172,0,60,"Mar2018",2
20.39,"not",13.73,0.6015,0,36,"Mar2018",1
24.85,"not",29.89,0.4083,0,36,"Jan2018",0
7.35,"verified",2.44,0.0885,0,36,"Jan2018",3
9.44,"not",21.82,0.1095,0,36,"Jan2018",1
17.47,"verified",10.09,0.0417,0,36,"Mar2018",1
10.91,"verified",32.03,0.6456,0,36,"Feb2018",0
9.44,"not",26.56,0.0871,0,36,"Feb2018",0
6.71,"verified",2.43,0.0102,0,36,"Feb2018",5
15.04,"not",15.64,0.9186,0,36,"Mar2018",0
10.41,"verified",14.54,0.125,1,36,"Feb2018",0
13.59,"verified",17.31,0.1791,0,36,"Feb2018",0
11.99,"not",37.34,0.4474,0,60,"Feb2018",0
20,"source_only",19.42,0.3288,0,36,"Jan2018",2
12.62,"source_only",11.57,0.0761,0,60,"Jan2018",3
6.71,"not",2.32,0.1013,0,36,"Mar2018",3
11.98,"not",12.76,0.041,0,36,"Mar2018",2
7.35,"not",18.77,0.5022,0,36,"Jan2018",0
12.62,"source_only",5.63,0.973,0,60,"Feb2018",3
11.99,"not",1.98,0.4636,0,60,"Feb2018",4
11.98,"not",19.41,0.7071,0,36,"Mar2018",0
18.06,"not",21.73,0.734,0,36,"Jan2018",6
12.61,"source_only",7.87,0.0678,0,60,"Mar2018",4
17.47,"source_only",20.18,0.2642,0,60,"Mar2018",2
15.05,"verified",0.55,0.1007,0,60,"Jan2018",1
9.43,"not",0.68,0.0996,0,36,"Mar2018",0
5.31,"source_only",9.19,0.2661,0,36,"Mar2018",0
10.41,"source_only",18.28,0.6272,0,36,"Mar2018",6
15.05,"not",20.18,0.6668,0,36,"Jan2018",0
7.35,"not",0.302107142857143,0.1151,0,36,"Feb2018",1
19.03,"verified",12.32,0.1625,0,60,"Jan2018",0
10.41,"not",28.92,0.0402,0,36,"Mar2018",1
10.91,"source_only",18.19,0.5813,0,36,"Feb2018",4
7.97,"not",25.09,0.7601,0,36,"Jan2018",2
9.93,"source_only",12.7,0.7641,0,36,"Feb2018",2
12.62,"not",33.14,0.3143,0,60,"Feb2018",9
12.62,"not",18.61,0.4442,1,36,"Jan2018",2
18.06,"verified",20.82,0.3044,0,36,"Jan2018",5
6.71,"source_only",27.87,0.808,0,36,"Mar2018",0
6.07,"source_only",19.49,0.3074,0,36,"Mar2018",1
18.06,"verified",29.95,0.558,1,36,"Mar2018",1
5.32,"not",9.13,0.1474,0,36,"Jan2018",3
13.59,"source_only",18.64,0.3854,0,36,"Mar2018",8
7.96,"not",9.16,0.6405,0,36,"Mar2018",1
9.43,"verified",15.22,0.6445,0,36,"Mar2018",2
5.31,"source_only",8.87,0.1285,0,36,"Mar2018",0
6.07,"verified",26.14,0.4005,0,36,"Mar2018",0
21.45,"not",20.33,0.1692,0,36,"Jan2018",11
7.35,"not",5.34,0.1827,0,36,"Feb2018",2
11.98,"source_only",9.63,0.354,0,36,"Mar2018",1
7.34,"not",26.2,0.5829,0,36,"Mar2018",0
6.07,"verified",16.23,0.0989,0,36,"Mar2018",1
12.61,"source_only",10.32,0.0749,1,60,"Feb2018",5
7.34,"source_only",10.23,0.1012,1,36,"Mar2018",2
9.93,"not",4.17,0.4801,0,36,"Feb2018",0
9.44,"not",17,0.0421,0,60,"Feb2018",0
18.45,"verified",35.26,0.2488,0,60,"Mar2018",0
6.07,"not",7.73,0.0588,0,36,"Mar2018",6
11.99,"source_only",14.4,0.7476,0,36,"Jan2018",3
9.44,"not",31.14,0.1985,0,36,"Jan2018",1
12.62,"verified",17.64,0.1223,0,36,"Jan2018",3
11.98,"verified",33.55,0.1592,0,60,"Mar2018",2
12.61,"verified",14.01,0.8985,0,36,"Mar2018",9
5.32,"verified",15.86,0.6124,0,36,"Feb2018",1
12.61,"source_only",27.25,0.3844,0,36,"Mar2018",2
9.44,"source_only",21.73,0.18,0,36,"Feb2018",0
15.04,"source_only",18.76,1.1267,0,36,"Mar2018",1
6.71,"source_only",9.55,0.1127,0,36,"Mar2018",6
7.35,"source_only",20.33,0.102,0,36,"Feb2018",3
6.07,"verified",27.33,0.4017,0,36,"Mar2018",0
15.04,"source_only",13.11,0.4683,0,36,"Mar2018",2
9.92,"source_only",17.51,0.3816,0,36,"Mar2018",2
16.01,"verified",27.81,0.7799,0,36,"Mar2018",1
6.72,"source_only",2.48,0.0158,1,36,"Jan2018",0
15.05,"source_only",23.97,0.5689,0,36,"Jan2018",5
22.91,"source_only",26.66,0.9155,0,36,"Jan2018",1
28.72,"source_only",20.47,0.1556,0,60,"Jan2018",1
6.71,"source_only",10.67,0.4723,0,36,"Mar2018",3
10.42,"source_only",26.83,0.524,0,36,"Feb2018",0
9.93,"not",16.19,0.5446,0,60,"Jan2018",0
7.35,"not",26.3,0.2146,0,36,"Feb2018",3
26.3,"source_only",10.78,0.3443,1,60,"Feb2018",2
7.34,"source_only",30.04,0.5774,0,60,"Mar2018",2
9.43,"not",6.79,0.8222,0,36,"Mar2018",1
10.41,"verified",32.32,0.8489,0,60,"Mar2018",0
13.58,"source_only",32.9,0.4118,0,36,"Mar2018",7
14.08,"not",16.98,0.7902,0,36,"Jan2018",0
9.44,"not",7.89,0.7908,0,36,"Jan2018",2
10.91,"not",21.73,0.6921,1,36,"Feb2018",0
9.44,"source_only",35.36,0.3834,0,36,"Feb2018",1
6.08,"verified",6.3,0.5656,0,36,"Mar2018",0
6.71,"not",30.26,0.3125,0,36,"Mar2018",5
10.91,"not",4.67,1.1763,0,60,"Jan2018",1
14.08,"verified",29.62,0.6313,0,36,"Jan2018",0
11.98,"source_only",22.8,0.4146,0,60,"Mar2018",2
5.32,"not",5.13,0.3434,0,36,"Jan2018",4
6.72,"not",2.19,0.1636,0,36,"Jan2018",0
6.71,"not",17.78,0.1862,0,60,"Feb2018",2
15.05,"source_only",22.19,0.2674,0,36,"Jan2018",1
10.9,"source_only",25.92,0.9287,0,60,"Mar2018",0
12.62,"not",19.28,0.4392,0,60,"Feb2018",0
11.99,"source_only",9.99,0.5367,0,60,"Jan2018",0
5.32,"not",16.16,0.7349,0,36,"Feb2018",2
5.32,"not",10.38,0.1804,0,36,"Feb2018",1
19.03,"source_only",2.72,0.2458,0,36,"Jan2018",16
9.93,"not",3.52,0.597,1,36,"Feb2018",1
14.07,"source_only",25.96,0.3302,1,60,"Mar2018",13
13.58,"source_only",25.87,0.8203,0,36,"Mar2018",8
5.31,"not",17.65,0.2454,0,36,"Mar2018",0
20.39,"not",5.65,0.836,0,36,"Mar2018",0
6.71,"not",20.31,0.387,1,36,"Feb2018",0
13.58,"source_only",30.65,0.5569,0,36,"Mar2018",0
9.93,"not",22.16,0.5483,0,36,"Feb2018",1
6.71,"not",28.33,0.0976,0,36,"Mar2018",3
10.91,"not",18.28,0.6974,1,36,"Feb2018",7
7.97,"source_only",14.67,0.7525,0,36,"Jan2018",1
10.41,"source_only",24.42,0.7317,0,36,"Feb2018",9
14.08,"source_only",14.36,0.6269,0,36,"Jan2018",0
5.32,"source_only",17.65,0.113,0,36,"Feb2018",1
10.91,"source_only",17.92,0.421,1,36,"Jan2018",1
12.62,"not",19.63,0.8407,0,36,"Feb2018",1
9.44,"source_only",28.23,0.3426,0,36,"Jan2018",3
16.01,"source_only",24.45,0.1304,0,36,"Mar2018",4
11.98,"source_only",23.74,0.5216,0,36,"Feb2018",11
6.07,"not",14.22,0.4184,0,36,"Mar2018",0
17.47,"verified",15.23,0.6779,0,36,"Mar2018",0
10.91,"not",25.07,0.1876,0,36,"Feb2018",0
21.85,"verified",47.71,0.5198,0,36,"Feb2018",2
30.79,"verified",24.17,0.6228,0,60,"Feb2018",2
7.96,"not",13.55,0.1321,0,36,"Mar2018",3
10.42,"source_only",20.54,0.7074,1,36,"Jan2018",3
6.72,"verified",4.7,0.3415,0,36,"Feb2018",0
14.07,"not",24,0.5209,0,60,"Feb2018",0
15.05,"verified",3.67,0.0114,0,36,"Jan2018",1
13.59,"source_only",24.15,0.1633,0,36,"Feb2018",0
12.62,"source_only",5.82,0.5915,0,36,"Feb2018",1
6.08,"not",9.68,0.3246,0,36,"Jan2018",0
10.91,"not",20.84,0.6691,1,36,"Jan2018",0
16.01,"verified",21.48,0.8133,0,36,"Mar2018",3
9.44,"source_only",4.87,0.0615,0,36,"Jan2018",1
10.41,"not",35.5,0.4071,0,36,"Feb2018",1
10.42,"not",30.92,0.2468,0,60,"Mar2018",0
10.42,"source_only",19.69,0.5386,1,36,"Jan2018",2
5.32,"source_only",17.65,0.2629,1,36,"Jan2018",7
10.9,"not",19.67,0.4468,0,60,"Mar2018",1
13.59,"verified",10,0.8385,0,36,"Feb2018",0
9.92,"source_only",5.56,0.9601,0,36,"Mar2018",1
21.85,"verified",27.77,0.7866,0,36,"Mar2018",6
7.35,"not",11.53,0.1419,0,36,"Jan2018",1
11.99,"source_only",11.85,0.5671,0,60,"Feb2018",0
24.84,"verified",16.56,0.8652,0,60,"Mar2018",1
6.71,"not",11.29,0.0687,0,36,"Mar2018",6
7.97,"source_only",25.01,0.2505,0,60,"Jan2018",0
13.59,"source_only",33.72,0.5691,0,36,"Jan2018",1
12.61,"not",7.97,0.9781,0,36,"Mar2018",1
15.05,"source_only",28.98,0.1648,0,60,"Jan2018",2
14.07,"source_only",3.19,0.4716,0,36,"Mar2018",1
20.39,"source_only",32.56,0.2101,0,36,"Feb2018",3
13.59,"not",17.63,0.7008,0,36,"Jan2018",2
10.9,"source_only",16.11,0.1828,0,36,"Mar2018",0
10.42,"verified",0,0,0,60,"Feb2018",0
10.91,"not",16.94,0.4635,0,36,"Jan2018",1
9.92,"source_only",17.14,0.563,0,36,"Mar2018",2
12.61,"not",27.43,0.4251,1,36,"Mar2018",0
12.61,"source_only",6.72,0.2976,0,36,"Mar2018",3
7.96,"verified",38.3,0.2444,1,36,"Mar2018",6
5.32,"not",5.6,0.0036,0,36,"Jan2018",0
16.02,"source_only",6.63,0.5287,0,36,"Feb2018",3
9.92,"not",9.22,0.4597,0,36,"Mar2018",1
11.98,"source_only",10.29,0.6101,0,36,"Mar2018",0
6.08,"not",31.88,0.7855,0,36,"Jan2018",0
9.44,"source_only",11.79,0.5854,0,36,"Jan2018",1
11.98,"source_only",21.72,0.2164,1,60,"Mar2018",5
20.39,"source_only",14.05,1.0272,0,60,"Feb2018",5
7.97,"verified",17.37,0.6922,0,36,"Feb2018",0
16.02,"source_only",22,0.5843,0,36,"Jan2018",0
14.07,"not",9.63,0.1488,1,60,"Mar2018",2
21.45,"verified",10.89,0.8513,0,36,"Jan2018",2
6.08,"not",18.22,0.4919,0,36,"Jan2018",0
6.71,"source_only",12.03,0.3553,0,36,"Mar2018",3
15.04,"source_only",27.84,0.2834,0,36,"Mar2018",2
18.45,"source_only",31.92,0.6993,0,60,"Mar2018",0
18.45,"not",23.2,0.4031,1,60,"Feb2018",3
13.59,"verified",18.66,0.0963,0,60,"Jan2018",5
13.58,"source_only",12.67,0.2365,0,36,"Feb2018",1
13.59,"not",6.58,0.7917,0,60,"Jan2018",0
15.05,"verified",5.61,0.5776,0,36,"Jan2018",1
7.34,"verified",16,0.1233,0,60,"Mar2018",1
19.03,"not",24.91,0.6098,0,60,"Jan2018",0
19.42,"verified",14.49,0.6408,0,60,"Mar2018",1
9.92,"source_only",9.31,0.253,0,36,"Mar2018",2
7.97,"source_only",30.71,0.2277,0,36,"Jan2018",1
9.44,"not",24.27,0.5356,0,36,"Feb2018",0
7.96,"not",36.19,0.2462,0,36,"Mar2018",0
15.05,"verified",2.51,0.0181,0,60,"Jan2018",5
7.35,"not",8.99,0.1616,0,36,"Jan2018",0
7.35,"source_only",2.28,0.1811,0,36,"Jan2018",0
18.06,"not",22.79,0.1958,0,60,"Jan2018",0
13.59,"not",8.92,0.9736,0,36,"Feb2018",0
6.71,"not",18.68,0.1044,0,36,"Mar2018",2
6.08,"not",15.18,0.0462,0,36,"Jan2018",1
17.47,"not",31.37,0.6963,0,36,"Mar2018",0
15.05,"verified",0.27,0.0018,0,60,"Feb2018",1
7.34,"not",11.37,0.0672,0,60,"Mar2018",1
12.61,"not",16.34,0.5935,0,36,"Feb2018",0
7.35,"source_only",37.3,0.1713,0,36,"Jan2018",4
9.93,"source_only",13.38,0.5766,0,60,"Jan2018",0
18.45,"source_only",24.72,0.3129,0,36,"Mar2018",0
18.06,"not",10.67,0.5693,0,36,"Feb2018",4
20.39,"source_only",43.57,0.5904,0,36,"Mar2018",0
7.35,"source_only",0.17,9e-04,0,36,"Feb2018",7
16.02,"source_only",17.39,0.3009,1,60,"Jan2018",1
5.32,"not",18.74,0.4305,0,36,"Jan2018",1
12.62,"source_only",29.11,0.2459,0,60,"Jan2018",0
10.9,"source_only",13.04,0.4049,0,60,"Feb2018",2
13.59,"source_only",3.36,0.3691,1,36,"Jan2018",3
6.07,"not",17.96,0.1759,0,36,"Feb2018",0
10.9,"not",32.29,0.3466,0,36,"Mar2018",2
10.9,"verified",6.72,0.0279,0,36,"Feb2018",2
16.02,"verified",25.65,0.7269,0,36,"Feb2018",2
7.97,"verified",23.47,0.1072,0,36,"Jan2018",2
6.72,"not",20.22,0.1305,0,36,"Jan2018",4
17.09,"verified",23.35,0.3986,0,36,"Jan2018",6
12.61,"not",22.44,0.9533,0,36,"Mar2018",1
9.44,"verified",26.43,0.3787,0,36,"Jan2018",1
13.59,"source_only",34.09,0.952,0,36,"Feb2018",1
19.03,"source_only",29.22,0.9038,0,36,"Jan2018",0
9.44,"source_only",25.07,0.1396,1,36,"Feb2018",0
9.44,"source_only",24.91,0.2133,0,36,"Jan2018",1
16.02,"source_only",11.26,0.1235,0,60,"Jan2018",1
14.07,"not",32.56,0.3813,0,36,"Mar2018",0
6.72,"verified",21.89,0.1995,0,36,"Jan2018",3
7.97,"verified",20.4,0.9428,0,36,"Jan2018",0
22.91,"verified",11.45,0.8305,0,60,"Jan2018",0
17.47,"not",15.61,0.9146,0,60,"Mar2018",0
14.08,"verified",16.11,0.534,1,36,"Feb2018",0
18.06,"source_only",10.94,0.4114,0,36,"Feb2018",2
9.93,"not",27.22,0.3392,0,36,"Jan2018",0
23.88,"source_only",16.14,0.613,0,60,"Feb2018",1
13.59,"not",30.88,0.7274,0,36,"Feb2018",0
7.96,"source_only",17.88,0.642,0,36,"Mar2018",3
5.31,"not",2.53,0.0372,1,36,"Mar2018",2
6.08,"not",11.18,0.1491,0,36,"Jan2018",1
14.08,"source_only",11.8,0.9107,0,36,"Jan2018",0
7.34,"source_only",20.4,0.4714,0,36,"Feb2018",1
18.06,"source_only",20.23,0.4701,0,60,"Jan2018",1
6,"source_only",22.27,0.4829,0,36,"Feb2018",1
13.59,"source_only",22.77,0.2934,0,60,"Feb2018",3
18.06,"source_only",16.56,0.7833,0,60,"Feb2018",10
14.07,"source_only",22.4,0.9017,0,36,"Mar2018",0
13.58,"not",9.62,0.3885,1,60,"Mar2018",12
7.35,"not",25.25,0.4081,0,36,"Jan2018",0
9.43,"source_only",26.69,0.6235,0,36,"Mar2018",0
21.45,"source_only",38.09,0.7704,0,60,"Feb2018",0
11.99,"not",21.62,0.5296,0,60,"Jan2018",0
24.84,"source_only",17.65,0.5504,1,60,"Mar2018",1
6.72,"source_only",13.62,0.1014,0,36,"Jan2018",0
9.44,"not",3.96,0.0322,0,36,"Jan2018",3
5.32,"source_only",13.35,0.3486,1,36,"Jan2018",2
9.43,"not",9.75,0.4702,0,36,"Mar2018",0
15.05,"source_only",16.52,0.5308,0,36,"Jan2018",5
9.93,"source_only",5.27,0.4598,0,36,"Jan2018",1
30.65,"not",34.39,0.5946,0,60,"Mar2018",0
11.98,"source_only",11.14,0.3609,1,36,"Mar2018",0
14.08,"source_only",20.75,0.6283,0,36,"Jan2018",0
19.03,"not",11.14,0.4696,0,36,"Feb2018",2
6.72,"not",37.21,0.3971,0,36,"Jan2018",1
21.45,"not",10.39,0.3311,0,60,"Jan2018",2
10.41,"verified",19.76,0.6085,1,36,"Mar2018",2
11.98,"source_only",3.21,0.0353,0,36,"Mar2018",2
12.62,"verified",25.3,0.405,0,36,"Feb2018",0
7.97,"source_only",23.12,0.6005,0,36,"Feb2018",4
10.91,"not",12.98,0.7575,1,36,"Jan2018",0
6.72,"source_only",18.85,0.0939,1,36,"Feb2018",2
15.05,"source_only",13.08,0.1327,0,36,"Jan2018",1
19.03,"source_only",10.13,0.2918,0,36,"Jan2018",0
13.58,"source_only",23.81,0.2493,0,60,"Mar2018",1
13.58,"not",17.14,0.1378,0,36,"Mar2018",0
13.59,"not",19.42,0.1158,0,60,"Jan2018",1
9.93,"not",33.36,0.1276,0,36,"Feb2018",0
10.91,"source_only",31.58,0.7094,0,36,"Jan2018",5
9.44,"source_only",14.22,0.5477,0,60,"Jan2018",0
7.97,"source_only",10.59,0.0887,0,36,"Jan2018",2
24.85,"verified",26.13,0.5047,0,60,"Feb2018",0
6.08,"not",35.13,0.1332,0,36,"Feb2018",0
9.44,"source_only",23.04,0.5375,0,36,"Jan2018",0
5.32,"not",16.21,0.0652,0,36,"Feb2018",0
15.04,"source_only",3.64,0.4052,0,60,"Feb2018",0
6.72,"source_only",6.33,0.5878,0,36,"Feb2018",0
11.98,"source_only",17.7,0.8005,0,36,"Mar2018",2
19.03,"verified",10.89,0.1165,0,36,"Jan2018",5
13.59,"not",24.2,0.7203,0,36,"Feb2018",0
10.9,"source_only",17.98,0.1557,0,60,"Mar2018",0
13.58,"source_only",16.44,0.716,0,60,"Mar2018",4
15.04,"verified",24.76,0.1777,0,36,"Mar2018",3
7.34,"source_only",12.5,0.6595,0,36,"Mar2018",1
13.58,"not",21.48,0.583,0,36,"Mar2018",1
21.45,"source_only",12.67,0.6735,0,60,"Jan2018",2
6.07,"source_only",10.54,0.5037,0,36,"Mar2018",2
10.42,"source_only",14.46,0.6499,0,36,"Jan2018",5
6.71,"not",23.48,0.6029,0,36,"Mar2018",1
7.34,"source_only",9.42,0.3419,0,36,"Mar2018",1
11.99,"source_only",19.99,0.8012,0,60,"Jan2018",0
6.72,"verified",9.51,0.1764,0,36,"Jan2018",0
13.58,"not",17.62,0.1422,0,36,"Mar2018",0
17.09,"source_only",3.45,0.0682,0,60,"Feb2018",3
6.07,"source_only",13.4,0.136,0,36,"Mar2018",0
7.96,"verified",24.6,0.2577,0,36,"Mar2018",10
9.92,"not",31.35,0.2047,0,36,"Mar2018",1
16.01,"source_only",25.05,0.2256,0,36,"Feb2018",0
11.99,"verified",14.02,0.6746,0,36,"Jan2018",1
10.9,"not",9.04,0.3569,0,36,"Mar2018",0
12.62,"not",34.43,0.1506,0,36,"Feb2018",4
16.02,"source_only",44.66,0.7797,0,36,"Jan2018",1
6.72,"not",14.76,0.0757,1,36,"Jan2018",1
14.08,"verified",14.44,0.7957,0,36,"Jan2018",0
6.07,"not",26.58,0.242,0,36,"Mar2018",1
9.43,"source_only",17.56,0.1471,0,36,"Mar2018",2
9.93,"source_only",17.93,0.1483,0,36,"Jan2018",1
10.42,"not",11.97,0.0456,0,36,"Feb2018",2
12.62,"verified",2.59,0.0283,1,36,"Feb2018",3
19.03,"verified",34.01,0.3424,0,36,"Jan2018",2
10.41,"source_only",9.03,0.1166,0,36,"Mar2018",0
7.97,"source_only",9.54,0.3465,0,36,"Jan2018",1
16.02,"source_only",19.59,0.5121,0,36,"Jan2018",2
11.98,"verified",13.9,0.1648,0,36,"Mar2018",2
10.91,"not",35.75,0.6245,0,36,"Jan2018",6
14.07,"not",22.95,0.1247,0,60,"Feb2018",1
12.62,"verified",5.28,0.8028,0,60,"Jan2018",2
11.99,"not",56.17,0.2246,0,60,"Jan2018",0
7.96,"not",13.07,0.6534,0,36,"Mar2018",0
15.05,"source_only",18.87,0.4695,1,36,"Jan2018",0
12.61,"not",19.85,0.1885,0,60,"Mar2018",2
12.61,"not",11.18,0.4964,0,60,"Mar2018",2
13.59,"not",13.67,0.6785,0,36,"Feb2018",0
11.98,"verified",55.33,0.2293,0,36,"Mar2018",2
13.58,"not",3.06,0.839,0,36,"Mar2018",0
15.05,"verified",7.85,0.7088,0,36,"Jan2018",3
10.9,"not",21.2,0.0944,0,60,"Mar2018",2
6.08,"not",15.19,0.3145,0,36,"Feb2018",2
5.32,"source_only",14.99,0.2459,0,36,"Jan2018",0
16.02,"source_only",11.76,1.0267,0,36,"Jan2018",1
9.92,"source_only",20.28,0.1178,0,36,"Feb2018",0
6.72,"not",13.01,0.3835,0,36,"Feb2018",0
9.43,"source_only",12.14,0.1351,0,36,"Mar2018",1
19.03,"source_only",30.46,0.507,0,36,"Feb2018",0
18.45,"source_only",18.61,0.3806,0,36,"Mar2018",3
5.32,"not",15.1,0.2602,0,36,"Feb2018",0
15.05,"source_only",15.23,0.0178,1,36,"Jan2018",6
9.44,"not",9.83,0.5763,1,36,"Feb2018",0
20.39,"verified",9.92,0.873,0,36,"Mar2018",1
16.01,"verified",22.12,0.5191,0,60,"Mar2018",0
20.39,"not",0.576932432432432,0.8256,0,36,"Mar2018",2
13.59,"source_only",24.7,0.5697,1,60,"Jan2018",4
16.02,"not",17.42,0.2718,0,60,"Jan2018",1
17.47,"verified",20.44,0.1248,0,36,"Mar2018",0
16.02,"verified",31.72,0.2274,0,60,"Feb2018",5
20,"not",8.9,0.677,0,36,"Feb2018",1
10.9,"not",14.48,0.1652,0,60,"Mar2018",1
26.77,"verified",26.31,0.4686,0,60,"Mar2018",2
9.93,"source_only",2.91,1.002,1,36,"Feb2018",4
6.08,"source_only",17.99,0.1658,0,60,"Jan2018",4
14.08,"not",29.26,0.165,1,60,"Feb2018",3
13.59,"not",25.1,0.6256,0,36,"Jan2018",0
6.08,"source_only",24.37,0.1242,0,36,"Jan2018",1
6.07,"verified",18.36,0.5371,0,36,"Mar2018",0
12.62,"not",9.08,0.0758,0,36,"Feb2018",1
12.62,"source_only",15.21,0.4116,1,60,"Feb2018",15
11.98,"verified",28.06,0.8596,0,36,"Mar2018",1
13.59,"source_only",17.99,0.1203,0,36,"Jan2018",1
23.88,"source_only",35.57,0.6019,0,36,"Jan2018",1
13.59,"not",13.66,0.1077,0,60,"Jan2018",1
10.9,"verified",9.32,0.8301,0,36,"Mar2018",1
9.93,"verified",6.43,0.4246,0,36,"Feb2018",1
6.08,"not",16.04,0.2003,0,36,"Feb2018",1
10.41,"source_only",5.92,0.1249,1,36,"Mar2018",1
12.62,"not",17.14,1.0433,0,36,"Jan2018",1
13.58,"source_only",22.47,0.6786,1,36,"Mar2018",3
13.58,"source_only",18.27,0.3009,0,36,"Mar2018",1
7.97,"source_only",13.51,0.7442,0,36,"Jan2018",2
10.42,"source_only",22.26,0.7834,0,36,"Feb2018",1
9.43,"not",22.82,0.6246,0,60,"Mar2018",3
10.91,"source_only",14.98,0.1615,1,36,"Jan2018",7
19.03,"source_only",22.34,0.1699,0,36,"Jan2018",3
9.44,"not",3.88,0.0066,1,36,"Jan2018",2
5.31,"verified",1.27,0.1028,0,36,"Feb2018",4
7.35,"source_only",3.02,0.3598,0,60,"Jan2018",4
26.77,"verified",11.61,0.6217,0,60,"Mar2018",3
25.82,"source_only",24.2,0.1189,0,60,"Jan2018",1
10.91,"not",9.41,0.8279,0,36,"Feb2018",1
18.06,"verified",10.47,0.975,0,36,"Feb2018",0
14.08,"source_only",6.93,0.6692,0,36,"Jan2018",2
12.61,"not",50.51,0.2964,0,60,"Mar2018",0
9.44,"source_only",21.17,0.1439,0,60,"Feb2018",0
21.85,"source_only",7.13,0.1721,0,60,"Mar2018",2
7.96,"source_only",1,0.3574,0,36,"Mar2018",3
10.42,"source_only",6.46,0.8675,1,36,"Jan2018",1
16.02,"source_only",24.19,0.2628,0,36,"Feb2018",10
12.61,"verified",36.54,0.287,0,36,"Mar2018",1
13.59,"source_only",26.16,0.6544,0,36,"Jan2018",4
20,"verified",26.73,0.5334,0,60,"Jan2018",7
20,"verified",9.41,0.1157,0,60,"Jan2018",2
15.04,"source_only",18.73,0.4367,0,36,"Mar2018",1
18.45,"not",35.44,1.1193,0,60,"Mar2018",0
16.01,"source_only",9.09,0.5479,0,36,"Mar2018",1
12.61,"not",6.58,0.0186,0,60,"Mar2018",1
23.88,"not",26.86,0.6761,0,60,"Feb2018",6
15.04,"source_only",29.28,0.7329,0,36,"Feb2018",0
6.72,"source_only",16.74,0.6203,1,36,"Mar2018",3
10.41,"source_only",21.21,0.2308,0,36,"Mar2018",0
14.07,"source_only",18.94,0.2415,0,60,"Mar2018",0
6.07,"not",13.26,0.0336,0,36,"Mar2018",0
13.58,"not",8.67,0.4933,0,60,"Mar2018",1
5.31,"verified",15.86,0.0612,0,36,"Mar2018",0
17.09,"source_only",10.8,0.3035,1,60,"Jan2018",5
10.41,"source_only",9.36,0.0595,0,36,"Mar2018",3
7.34,"source_only",47.67,0.5845,0,36,"Mar2018",0
9.43,"verified",0.5510703125,0.2381,0,36,"Feb2018",1
17.09,"source_only",20.46,0.2118,0,60,"Feb2018",2
11.99,"source_only",26.96,0.5159,0,36,"Jan2018",6
5.31,"not",9.42,0.4318,0,36,"Mar2018",3
14.08,"not",39.39,0.4331,0,36,"Jan2018",3
28.72,"verified",25.28,0.2774,0,60,"Jan2018",0
5.31,"not",0.83,0.005,0,36,"Mar2018",0
13.58,"source_only",11.97,0.3947,0,60,"Feb2018",0
7.96,"source_only",10.81,0.4558,0,36,"Feb2018",0
6.08,"not",19.16,0.3017,0,36,"Jan2018",1
10.42,"verified",59.71,0.5524,0,36,"Feb2018",0
9.44,"not",20.7,0.6267,0,60,"Jan2018",2
10.91,"verified",1.16,0.0677,0,36,"Jan2018",0
15.04,"not",5.1,0.4504,1,36,"Mar2018",0
5.32,"not",10.96,0.0722,0,36,"Feb2018",2
9.44,"source_only",20.16,0.2781,0,60,"Jan2018",0
14.07,"not",23.63,0.213,0,36,"Mar2018",1
6.72,"not",16.98,0.3853,0,36,"Jan2018",8
15.05,"not",19.09,0.2128,0,36,"Feb2018",2
14.08,"source_only",12.18,0.6927,0,36,"Feb2018",2
9.44,"source_only",22.01,0.1283,0,36,"Feb2018",0
20.39,"source_only",15.9,0.5311,0,36,"Mar2018",4
9.44,"source_only",0.38,0.0084,0,60,"Jan2018",3
5.32,"source_only",14.05,0.1058,0,36,"Jan2018",4
6.72,"not",13.89,0.4913,1,36,"Feb2018",4
17.47,"verified",23.26,0.2467,0,60,"Feb2018",1
10.41,"not",8.56,0.4153,0,36,"Mar2018",1
9.43,"source_only",12.1,0.2129,1,60,"Mar2018",3
9.43,"source_only",17.56,0.0558,0,36,"Mar2018",0
10.42,"source_only",66.59,0.1922,0,60,"Jan2018",3
10.9,"source_only",29.92,0.8613,0,36,"Mar2018",2
9.93,"verified",26.16,0.3706,0,60,"Feb2018",1
13.59,"not",31.49,0.287,0,36,"Feb2018",2
9.93,"not",20.42,0.2441,1,36,"Feb2018",3
10.42,"source_only",24.28,0.7227,0,36,"Feb2018",1
16.01,"source_only",16.5,0.7132,0,36,"Mar2018",3
10.42,"not",20.02,0.5257,3,60,"Jan2018",0
7.96,"not",24.04,0.144,0,36,"Mar2018",0
9.44,"not",16.78,0.1982,0,60,"Feb2018",6
10.91,"source_only",16.5,0.6291,0,60,"Feb2018",3
6.07,"source_only",21.68,0.4443,0,60,"Mar2018",2
7.35,"source_only",13.08,0.1585,0,36,"Jan2018",4
9.43,"source_only",10.5,0.4736,0,60,"Mar2018",2
9.44,"not",28.52,0.1607,0,36,"Feb2018",0
13.59,"source_only",25.44,0.7065,0,60,"Jan2018",0
6.08,"not",9.39,0.4583,0,36,"Feb2018",0
5.32,"source_only",17,0.9861,0,36,"Feb2018",4
5.32,"source_only",19.55,0.2082,0,36,"Feb2018",0
16.02,"not",17.53,0.3936,0,36,"Feb2018",0
20,"source_only",26.64,0.176,0,36,"Feb2018",8
9.44,"verified",38.33,0.8015,0,60,"Jan2018",0
12.61,"source_only",13.75,0.2611,0,60,"Feb2018",2
30.79,"source_only",24.64,0.283,1,60,"Jan2018",3
18.45,"verified",27.21,0.3012,0,60,"Feb2018",3
14.07,"verified",29.28,0.2287,0,60,"Mar2018",1
15.04,"not",8.48,0.865,0,60,"Mar2018",5
9.44,"not",1.48,0.058,0,60,"Jan2018",0
6.07,"source_only",6.25,0.3463,0,36,"Mar2018",0
5.31,"not",15.41,0.3224,0,36,"Mar2018",1
9.43,"source_only",14.59,0.3393,0,60,"Mar2018",1
6.72,"source_only",8.56,0.3093,0,36,"Feb2018",1
10.41,"verified",17,0.0599,0,36,"Mar2018",4
21.45,"not",12.23,0.3267,0,60,"Feb2018",7
9.92,"source_only",8.35,0.4791,0,36,"Mar2018",1
10.9,"source_only",18.83,0.2083,1,60,"Feb2018",6
10.9,"verified",25.99,0.8298,0,36,"Mar2018",0
13.59,"not",29.07,0.9041,0,36,"Jan2018",0
10.41,"verified",6.13,0.6183,0,36,"Mar2018",2
6.71,"not",12.78,0.0844,0,36,"Mar2018",1
15.04,"source_only",7.34,0.3745,0,60,"Mar2018",3
18.06,"verified",37.82,0.6431,0,36,"Jan2018",3
9.44,"source_only",20.28,0.2137,0,36,"Jan2018",2
7.35,"not",19.03,0.6018,0,36,"Feb2018",0
7.97,"source_only",15.36,0.2354,1,36,"Feb2018",5
18.45,"not",16.16,0.7986,0,60,"Mar2018",1
15.05,"not",28.49,0.6197,1,36,"Feb2018",2
9.44,"not",21.54,0.5134,0,36,"Jan2018",0
12.62,"verified",13.71,0.363,0,36,"Feb2018",4
6.07,"source_only",22.25,0.4718,0,36,"Mar2018",0
6.07,"source_only",26.89,0.2057,0,36,"Mar2018",0
7.34,"not",4.51,0.0533,0,60,"Mar2018",1
13.58,"verified",35.39,0.3442,1,36,"Mar2018",5
6.07,"not",26.97,0.3571,0,36,"Mar2018",3
18.45,"verified",25.94,0.1809,0,60,"Mar2018",3
9.93,"verified",20.44,0.3861,1,36,"Feb2018",3
23.88,"not",144.74,0.835,1,60,"Feb2018",0
10.42,"verified",18.82,0.0794,0,36,"Feb2018",4
9.93,"not",23.53,0.6089,0,60,"Feb2018",0
13.58,"verified",9.8,1.0679,0,60,"Mar2018",1
7.97,"not",24.99,0.6754,0,36,"Jan2018",4
9.93,"not",15.84,0.3611,0,36,"Jan2018",3
18.06,"not",21.4,0.9131,0,36,"Feb2018",1
10.41,"source_only",34.16,0.7793,0,36,"Mar2018",0
11.98,"source_only",17.8,0.1289,0,60,"Mar2018",4
7.97,"verified",27.91,0.3591,0,36,"Jan2018",5
6.07,"not",9.52,0.2091,0,36,"Mar2018",0
10.42,"not",20.65,0.4005,0,36,"Feb2018",0
11.98,"not",27.16,0.6369,0,60,"Mar2018",1
13.59,"source_only",27.95,0.1903,0,36,"Jan2018",3
15.05,"not",10.86,0.9136,0,36,"Jan2018",5
14.07,"not",11.11,0.2102,0,36,"Mar2018",1
10.42,"verified",132.06,0.3254,0,60,"Feb2018",2
10.91,"not",13.06,0.7567,1,36,"Feb2018",0
6.72,"verified",1.83,0.1969,0,36,"Jan2018",0
17.47,"source_only",20.23,0.4546,0,60,"Mar2018",1
7.97,"source_only",0.86,0.0308,0,36,"Feb2018",0
7.96,"not",18.99,0.3915,0,36,"Mar2018",2
9.44,"source_only",31.62,0.3775,0,60,"Feb2018",0
15.05,"source_only",6.62,0.8288,1,60,"Feb2018",0
13.58,"verified",10.35,0.6278,0,36,"Feb2018",0
9.44,"not",19.67,0.0786,0,36,"Jan2018",0
30.65,"verified",39.1,0.3786,0,60,"Jan2018",5
9.43,"verified",20.41,0.2183,0,36,"Mar2018",8
7.35,"source_only",5.54,0.0685,0,36,"Jan2018",0
6.07,"verified",26.82,0.4012,0,36,"Feb2018",3
17.09,"not",15.73,0.19,0,60,"Jan2018",0
7.35,"not",8.51,0.3834,0,36,"Jan2018",3
10.42,"verified",13.08,0.2572,0,60,"Feb2018",1
17.09,"not",17.39,0.8239,0,60,"Feb2018",0
21.45,"not",27.48,0.3244,0,36,"Feb2018",1
11.99,"not",36.38,0.2788,0,36,"Jan2018",5
7.34,"not",25.54,0.6134,0,36,"Mar2018",3
13.59,"verified",19.61,0.254,0,60,"Jan2018",0
17.09,"verified",16.87,0.3012,1,60,"Jan2018",3
17.09,"verified",3.7,0.5046,0,60,"Jan2018",1
18.06,"not",13.72,0.8002,0,36,"Jan2018",5
14.08,"not",20.61,0.7258,0,36,"Feb2018",0
20.39,"not",0.222298507462687,0.6646,0,60,"Mar2018",1
7.96,"verified",3.56,0.4096,0,36,"Mar2018",0
11.99,"source_only",17.96,0.1942,0,36,"Feb2018",1
7.97,"not",16.12,0.6322,0,36,"Feb2018",0
12.61,"source_only",13.08,0.7688,1,36,"Mar2018",0
16.01,"source_only",13.89,0.8105,0,60,"Mar2018",2
13.58,"verified",12.96,0.508,1,36,"Mar2018",1
10.41,"source_only",11.28,0.1448,1,60,"Mar2018",1
13.59,"not",21.57,0.5652,0,36,"Jan2018",1
18.45,"source_only",10.73,0.4959,0,36,"Feb2018",2
12.62,"source_only",17.79,0.3859,0,36,"Jan2018",0
7.97,"source_only",17.76,0.4142,1,36,"Jan2018",15
21.45,"not",29.76,0.0967,0,36,"Jan2018",2
5.32,"not",13.95,0.0521,0,36,"Feb2018",3
11.99,"verified",29.2,0.1311,1,36,"Feb2018",5
9.44,"source_only",0.42,0.0363,1,36,"Jan2018",1
6.07,"source_only",6.06,0.0713,0,36,"Mar2018",3
11.99,"source_only",10.72,0.0863,0,36,"Jan2018",2
24.85,"not",11.01,0.7515,1,60,"Jan2018",6
12.61,"not",10.51,0.161,0,60,"Feb2018",3
9.43,"not",16.14,0.1172,0,60,"Mar2018",0
6.71,"source_only",5.31,0.4658,0,36,"Mar2018",1
17.09,"source_only",16.9,0.7155,0,36,"Feb2018",1
10.42,"not",9.46,0.5208,0,36,"Jan2018",2
6.72,"not",9.84,0.4524,0,36,"Feb2018",0
7.35,"not",22.5,0.556,0,36,"Jan2018",1
14.08,"source_only",16.42,0.1281,1,60,"Feb2018",1
5.32,"source_only",12.61,0.1402,0,36,"Feb2018",0
10.42,"verified",20.48,0.1795,0,60,"Jan2018",1
28.72,"source_only",17.05,0.2761,0,60,"Mar2018",6
7.34,"not",24.67,0.3058,1,36,"Mar2018",1
5.31,"source_only",8.4,0.3706,0,36,"Mar2018",0
15.04,"source_only",27.46,0.198,1,60,"Mar2018",1
11.98,"source_only",14.92,0.1142,0,36,"Mar2018",7
10.91,"source_only",14.19,0.273,0,36,"Feb2018",0
6.08,"not",20.69,0.7046,1,36,"Feb2018",0
25.82,"verified",43.44,0.1867,0,60,"Jan2018",4
13.59,"verified",11.28,0.5951,0,36,"Jan2018",0
16.01,"verified",39.08,0.2881,1,36,"Mar2018",1
15.05,"source_only",11.58,0.1853,0,36,"Jan2018",1
25.81,"verified",9.8,0.5006,1,60,"Mar2018",4
14.08,"verified",11.84,0.445,0,36,"Feb2018",2
9.43,"not",17.67,0.6574,0,36,"Mar2018",1
9.43,"not",20.74,0.1776,0,36,"Mar2018",0
9.43,"verified",10.27,0.2253,0,60,"Mar2018",4
11.99,"source_only",21.85,0.6892,1,60,"Jan2018",1
10.41,"source_only",16.9,0.217,0,36,"Feb2018",0
11.99,"source_only",21.42,0.3191,1,36,"Jan2018",2
7.34,"source_only",30.74,0.3869,0,36,"Mar2018",0
16.02,"source_only",19.23,0.4145,0,36,"Jan2018",1
10.91,"source_only",11.34,0.5315,0,36,"Jan2018",4
21.85,"verified",23.14,0.5709,0,60,"Mar2018",0
18.45,"source_only",27.01,0.7864,0,36,"Mar2018",3
17.09,"source_only",10.91,0.2252,0,60,"Jan2018",3
9.93,"source_only",17.81,0.1395,0,36,"Feb2018",1
13.59,"source_only",9.98,0.3253,0,36,"Jan2018",0
12.61,"not",14.34,0.4686,0,36,"Mar2018",1
18.06,"verified",29.63,0.3242,0,60,"Feb2018",3
9.44,"verified",11,0.0689,0,36,"Jan2018",1
10.42,"source_only",18.92,0.0705,0,36,"Jan2018",1
16.01,"verified",26.12,0.1917,0,36,"Mar2018",1
13.59,"verified",27.94,0.3144,0,60,"Feb2018",0
10.42,"source_only",12.59,0.6946,0,36,"Jan2018",1
7.35,"source_only",29.26,0.2263,0,36,"Feb2018",3
15.04,"not",10.2,0.5021,0,60,"Mar2018",4
7.97,"not",12.79,0.1841,1,36,"Feb2018",3
7.34,"source_only",24.66,0.2985,1,36,"Feb2018",0
23.88,"verified",17.08,0.4915,0,60,"Jan2018",0
10.41,"verified",85.01,0.6287,0,36,"Mar2018",0
20,"not",30.61,0.2584,0,36,"Feb2018",6
10.9,"source_only",1.07,0.0107,0,36,"Mar2018",0
13.59,"verified",13.28,0.2628,0,60,"Mar2018",4
11.99,"source_only",12.03,0.3677,0,60,"Jan2018",1
16.01,"source_only",29.36,0.7118,0,60,"Mar2018",5
16.01,"not",28.78,0.4781,0,36,"Mar2018",8
7.96,"not",19.82,0.6256,0,36,"Mar2018",0
5.32,"verified",5.01,0.1087,0,36,"Jan2018",0
10.91,"verified",19.81,0.1669,0,36,"Feb2018",1
7.35,"not",12.6,0.4509,0,36,"Feb2018",3
15.04,"verified",43.62,0.4748,0,60,"Mar2018",3
21.85,"source_only",17.1,0.7658,0,36,"Mar2018",2
12.62,"source_only",24.03,0.3669,0,36,"Jan2018",0
7.35,"not",25.13,0.9558,0,36,"Jan2018",1
10.41,"verified",26.33,0.6757,0,36,"Mar2018",1
10.91,"verified",13.4,0.4954,0,36,"Jan2018",6
7.34,"not",19.34,0.3809,0,36,"Mar2018",1
19.03,"not",32.08,0.1375,0,36,"Feb2018",1
7.97,"source_only",17.36,0.482,1,36,"Jan2018",1
12.62,"source_only",23.02,0.0287,0,60,"Feb2018",0
13.58,"source_only",29.66,0.2337,0,60,"Mar2018",3
12.62,"source_only",31.72,0.6108,0,36,"Jan2018",0
14.08,"not",43.6,0.4658,0,36,"Jan2018",0
13.58,"not",21.56,0.6858,0,60,"Mar2018",1
7.97,"source_only",26.24,0.4006,0,36,"Mar2018",1
15.05,"verified",15.14,0.6262,0,36,"Feb2018",0
6.72,"verified",7.44,0.0622,0,36,"Jan2018",1
5.32,"not",12.98,0.1498,0,36,"Jan2018",1
20,"source_only",15.8,0.8123,1,36,"Jan2018",4
5.31,"source_only",18.46,0.1402,0,36,"Mar2018",1
13.58,"source_only",8.97,0.0557,0,36,"Mar2018",1
10.9,"not",11.76,0.4252,1,36,"Mar2018",0
6.71,"not",24.53,0.5473,0,36,"Mar2018",4
11.99,"not",17.74,0.2629,0,60,"Jan2018",0
10.41,"not",9.08,0.8023,0,36,"Mar2018",0
9.92,"not",11.7,0.9992,0,36,"Mar2018",0
12.61,"source_only",1.65,0.1525,0,60,"Mar2018",1
11.98,"not",17.1,0.5132,1,36,"Mar2018",3
10.42,"not",0.63,0.1955,0,36,"Feb2018",0
6.72,"source_only",21.4,0.2405,0,36,"Feb2018",0
15.05,"source_only",20.86,0.2789,0,60,"Jan2018",4
13.58,"not",18.55,0.4971,0,36,"Mar2018",0
17.09,"verified",25.07,0.2011,0,60,"Jan2018",2
9.92,"verified",30.72,0.7989,0,36,"Mar2018",1
10.42,"source_only",22.52,0.2431,0,36,"Feb2018",2
16.01,"verified",20.59,0.5825,0,36,"Mar2018",1
5.32,"verified",10,0.1375,0,36,"Jan2018",3
20.39,"source_only",13.91,0.9907,0,60,"Mar2018",2
11.99,"not",14,0.2509,0,36,"Feb2018",0
6.72,"verified",33.54,0.5282,0,36,"Jan2018",5
15.04,"not",15.92,0.2598,0,36,"Mar2018",3
9.93,"not",20.23,0.3928,0,36,"Jan2018",1
10.91,"not",24.27,0.498,1,36,"Jan2018",2
6,"not",14.18,0.6108,0,36,"Mar2018",3
10.42,"source_only",24.64,0.6855,1,60,"Jan2018",4
7.35,"source_only",26.93,0.4784,0,36,"Jan2018",0
9.93,"verified",25.16,0.5475,0,60,"Feb2018",0
11.99,"not",11.28,0.2109,1,36,"Jan2018",2
7.34,"not",19.98,0.3937,1,36,"Mar2018",1
18.45,"source_only",9.29,0.8629,0,36,"Mar2018",0
7.97,"not",17.28,0.2927,0,36,"Feb2018",2
28.72,"source_only",24.22,1.006,0,60,"Feb2018",0
6.08,"source_only",29.99,0.2407,0,36,"Jan2018",2
12.61,"source_only",27.78,0.2137,0,60,"Mar2018",1
16.02,"source_only",11.47,0.1521,0,60,"Jan2018",16
12.62,"not",25.49,0.1894,0,60,"Jan2018",0
7.97,"not",16.11,0.6045,0,36,"Mar2018",0
9.44,"not",34.09,0.5963,0,36,"Jan2018",2
13.59,"source_only",11.5,0.2679,1,36,"Mar2018",9
11.98,"verified",28,0.1669,0,36,"Mar2018",1
10.91,"source_only",17.18,0.5025,0,36,"Jan2018",0
26.77,"verified",11.7,0.1156,0,60,"Feb2018",2
5.32,"not",9.83,0.0809,0,36,"Jan2018",1
12.62,"not",28.52,0.4501,0,36,"Feb2018",1
13.59,"source_only",21.41,0.824,0,36,"Feb2018",3
19.03,"verified",26.83,0.5224,1,60,"Jan2018",3
24.84,"not",16.79,0.5991,0,60,"Feb2018",2
17.47,"source_only",13.22,0.8524,0,60,"Mar2018",0
9.43,"source_only",13,0.5269,0,60,"Mar2018",0
7.35,"not",37.5,0.837,0,36,"Jan2018",0
10.41,"not",8.47,0.5351,0,36,"Mar2018",1
11.99,"source_only",19.78,0.2318,0,36,"Jan2018",0
16.01,"not",28.81,0.2088,0,36,"Mar2018",1
12.62,"not",21.97,0.1168,0,60,"Jan2018",3
9.43,"source_only",16.31,0.1543,0,36,"Mar2018",1
6.08,"verified",3.25,0.0148,0,36,"Jan2018",1
10.91,"verified",28.65,0.2993,0,36,"Jan2018",4
7.97,"not",23.13,0.9176,0,36,"Jan2018",0
13.59,"verified",41.72,0.9359,0,36,"Jan2018",2
16.02,"verified",11.59,0.0465,0,36,"Feb2018",2
7.34,"not",25.53,0.2883,0,36,"Mar2018",2
14.07,"source_only",28.52,0.412,0,36,"Mar2018",2
9.44,"source_only",17.42,0.3231,0,60,"Feb2018",2
12.61,"not",26.28,0.816,0,36,"Mar2018",2
7.97,"not",23.97,0.267,0,36,"Feb2018",3
10.42,"verified",10.1,0.2525,1,36,"Feb2018",0
7.97,"not",17.42,0.3345,0,36,"Jan2018",0
21.45,"verified",20.77,0.4459,0,36,"Feb2018",0
17.09,"source_only",18.8,0.631,0,60,"Jan2018",0
10.42,"source_only",8.2,0.159,0,60,"Feb2018",0
6.71,"not",14.46,0.3132,0,36,"Mar2018",5
9.92,"not",16.58,0.78,0,36,"Feb2018",4
7.34,"not",3.51,0.024,0,36,"Mar2018",2
21.85,"verified",20.71,0.7035,0,60,"Mar2018",2
5.32,"not",6.53,0.4992,0,36,"Jan2018",2
9.43,"not",19.68,0.5256,0,36,"Mar2018",1
7.34,"source_only",9.86,0.0403,0,60,"Mar2018",1
26.3,"not",12.02,0.3481,0,36,"Jan2018",3
12.61,"not",27.48,0.2218,0,36,"Feb2018",3
11.98,"source_only",11.53,0.1528,0,60,"Mar2018",2
9.43,"not",5.55,0.3208,1,36,"Mar2018",0
10.42,"not",19.18,0.5026,0,36,"Jan2018",1
10.9,"not",26.62,0.2665,0,36,"Mar2018",5
10.9,"not",29.43,0.1989,0,36,"Mar2018",0
6.72,"not",8.16,0.3103,1,36,"Feb2018",0
7.96,"verified",18.15,0.5999,0,36,"Feb2018",0
13.58,"source_only",16.41,0.5116,0,36,"Feb2018",2
7.34,"not",15.71,0.06,0,60,"Mar2018",1
15.04,"verified",22.75,0.9476,0,36,"Mar2018",0
6.08,"not",13.58,0.0851,0,36,"Jan2018",3
7.96,"not",8.04,0.036,0,36,"Mar2018",4
6.07,"not",9.54,0.1312,0,36,"Mar2018",5
10.9,"source_only",33.76,0.7517,1,60,"Mar2018",6
6.72,"source_only",26.71,0.1571,0,36,"Feb2018",5
11.99,"not",17.69,0.7253,0,36,"Jan2018",0
15.04,"not",6.09,0.0367,0,36,"Mar2018",4
16.01,"verified",22.22,0.2402,0,36,"Feb2018",2
7.34,"verified",64.47,0.4416,0,36,"Mar2018",7
7.35,"not",15.66,0.4321,1,36,"Jan2018",4
5.31,"source_only",13.2,0.2876,0,36,"Mar2018",0
13.59,"source_only",19.26,0.9067,0,60,"Jan2018",6
9.43,"not",21.98,0.2871,0,36,"Mar2018",2
7.97,"not",22.16,0.2393,0,36,"Jan2018",4
6.07,"not",11.83,0.4221,0,36,"Mar2018",1
11.99,"not",22.68,0.8679,0,36,"Feb2018",0
14.08,"not",20.93,0.146,0,60,"Jan2018",0
15.04,"not",17.42,0.3807,0,36,"Mar2018",0
7.35,"source_only",16.51,0.7158,0,36,"Jan2018",0
9.43,"source_only",14.76,0.1986,0,36,"Mar2018",4
11.98,"source_only",24.01,0.1468,0,36,"Mar2018",1
5.32,"not",2.58,0.0017,0,36,"Jan2018",1
18.06,"verified",18.35,0.4352,0,60,"Feb2018",4
11.98,"not",30.96,0.1823,0,36,"Mar2018",0
10.9,"not",14.26,0.6202,1,36,"Mar2018",4
21.45,"verified",21.85,0.881,0,60,"Jan2018",0
11.98,"source_only",8.68,0.3195,0,60,"Mar2018",0
6.07,"verified",11.16,0.1106,0,36,"Mar2018",0
6.72,"not",25.47,0.4872,0,36,"Feb2018",0
10.41,"source_only",23.22,0.1772,0,60,"Mar2018",0
7.35,"verified",20.44,0.5766,0,36,"Jan2018",0
10.9,"not",22.05,0.7577,0,36,"Mar2018",1
19.03,"not",22.4,0.2695,0,60,"Feb2018",2
6.71,"not",13.18,0.0708,0,36,"Feb2018",2
11.99,"source_only",16.72,0.2251,0,36,"Feb2018",0
10.42,"not",7.58,0.3877,0,36,"Jan2018",2
17.47,"not",15,0.6472,0,60,"Mar2018",0
9.93,"not",31.53,0.6751,0,36,"Jan2018",1
15.05,"source_only",16.52,0.5894,0,60,"Jan2018",0
10.9,"source_only",9.06,0.0907,1,60,"Feb2018",3
13.59,"source_only",11.21,0.0619,0,36,"Jan2018",8
19.03,"not",24.46,0.9271,0,36,"Jan2018",1
19.42,"not",31.74,0.2483,0,36,"Mar2018",4
19.03,"verified",0.86,1.0289,0,36,"Jan2018",1
14.08,"verified",19.3,0.0379,0,36,"Feb2018",3
6.08,"not",38.22,0.6896,0,36,"Feb2018",0
5.31,"source_only",16.63,0.2373,0,36,"Mar2018",4
13.59,"not",22.52,0.1398,0,60,"Jan2018",2
16.02,"source_only",11.76,0.7994,1,36,"Feb2018",2
14.08,"source_only",12.49,0.5814,0,36,"Feb2018",3
6.07,"source_only",19.04,0.2139,0,36,"Mar2018",2
11.98,"source_only",31,0.3875,1,36,"Mar2018",2
13.59,"verified",9.96,0.5494,0,36,"Jan2018",3
10.41,"source_only",17,0.6527,0,36,"Mar2018",3
20,"source_only",24.14,0.5894,1,60,"Feb2018",2
7.97,"source_only",23.52,0.7509,0,36,"Jan2018",0
9.44,"not",2.97,0.254,0,36,"Feb2018",0
14.08,"source_only",6.36,0.0877,0,36,"Jan2018",5
21.45,"verified",32.36,0.4197,0,36,"Feb2018",1
9.93,"source_only",23.52,0.5826,0,36,"Jan2018",2
12.61,"source_only",33.54,0.4136,0,36,"Mar2018",3
5.32,"not",17.15,0.758,0,36,"Feb2018",0
7.96,"verified",11.87,0.6294,1,36,"Mar2018",0
5.32,"source_only",18.95,0.3413,1,36,"Jan2018",0
7.35,"source_only",6.1,0.0603,0,36,"Jan2018",6
16.02,"verified",0,0,0,60,"Feb2018",0
5.32,"not",25.42,0.2112,0,36,"Feb2018",0
6.72,"not",14.17,0.1035,0,60,"Feb2018",0
26.3,"source_only",21.19,0.8544,0,60,"Feb2018",0
12.62,"not",27.32,0.1831,0,60,"Feb2018",1
19.42,"source_only",31.39,0.7573,0,36,"Mar2018",1
11.98,"not",11.82,0.8539,0,36,"Mar2018",15
10.42,"source_only",30.01,0.3944,0,36,"Jan2018",3
7.97,"verified",0.821799705409386,0.8297,0,36,"Jan2018",0
9.43,"source_only",9.52,0.0478,0,36,"Mar2018",0
16.02,"verified",55.27,0.2708,0,36,"Jan2018",1
10.42,"source_only",35.87,0.5135,0,36,"Jan2018",2
9.43,"not",7.51,0.0964,0,36,"Feb2018",1
14.08,"not",28.19,0.2443,0,36,"Feb2018",5
20,"not",6.25,0.3958,0,36,"Jan2018",2
20,"not",4.35,0.4742,1,60,"Jan2018",2
10.41,"not",19.16,0.7049,0,36,"Mar2018",2
18.45,"source_only",32.04,0.7995,0,60,"Mar2018",7
12.62,"verified",12.28,0.0668,0,60,"Jan2018",0
10.42,"not",6.9,0.7314,0,36,"Jan2018",0
5.31,"source_only",7.35,0.0402,0,36,"Mar2018",2
11.99,"source_only",14.07,0.5764,1,36,"Jan2018",1
10.9,"not",27.74,0.2254,0,36,"Mar2018",0
17.09,"not",70.48,0.6902,0,60,"Mar2018",0
5.32,"not",9.04,0.1274,0,36,"Jan2018",0
22.9,"verified",11.47,0.1053,0,36,"Mar2018",5
10.42,"source_only",22.19,0.5077,0,36,"Jan2018",4
10.42,"not",22.58,0.4803,1,60,"Feb2018",0
6.07,"not",20.64,0.1812,0,36,"Mar2018",0
14.07,"verified",25.45,0.1236,0,60,"Mar2018",1
10.9,"verified",45.82,0.6698,0,36,"Mar2018",0
10.91,"source_only",10.11,0.0771,0,36,"Jan2018",0
17.47,"not",11.26,0.655,0,36,"Mar2018",2
12.62,"verified",30.34,0.2393,0,36,"Jan2018",0
7.96,"verified",30.06,0.398,0,36,"Feb2018",4
7.97,"verified",21.33,0.5827,1,36,"Jan2018",0
13.58,"verified",16.42,0.8956,2,60,"Mar2018",1
26.77,"verified",12.84,0.2602,1,60,"Feb2018",3
9.43,"not",15.06,0.2948,0,36,"Mar2018",0
23.88,"source_only",39.73,0.3017,0,36,"Jan2018",1
11.99,"not",8.74,0.4359,0,36,"Feb2018",3
6.07,"source_only",15.31,0.121,0,36,"Feb2018",1
14.08,"not",25.24,0.2825,0,36,"Jan2018",1
14.07,"not",15.43,1.1345,0,36,"Mar2018",1
15.04,"not",35.18,0.1522,0,36,"Mar2018",2
7.34,"source_only",13.92,0.3421,0,36,"Mar2018",1
9.43,"not",24.81,0.1846,0,60,"Feb2018",1
9.92,"source_only",23.13,1.0475,0,60,"Mar2018",3
19.03,"not",37.3,0.8749,0,36,"Feb2018",0
15.04,"source_only",13.28,0.2536,0,60,"Mar2018",10
13.59,"source_only",6.25,0.4748,0,36,"Jan2018",5
11.99,"source_only",17.46,0.1545,0,36,"Feb2018",1
21.85,"verified",25.4,0.1724,0,60,"Mar2018",2
10.91,"source_only",22.48,0.4468,1,36,"Feb2018",2
9.43,"not",17.08,0.0848,0,60,"Mar2018",3
5.31,"not",11.68,0.0835,1,36,"Mar2018",1
5.31,"not",4.87,0.1948,0,36,"Mar2018",0
5.32,"not",5.1,0.2171,0,36,"Feb2018",0
7.97,"not",34.92,0.6443,0,36,"Jan2018",1
6.72,"source_only",29.47,0.2139,0,36,"Feb2018",0
15.05,"source_only",13.19,0.0921,0,60,"Feb2018",2
7.96,"source_only",1.54,0.0865,0,36,"Feb2018",0
18.06,"not",26.09,0.6727,0,36,"Jan2018",2
13.59,"source_only",0.59,0.3015,1,36,"Jan2018",0
17.09,"not",9.07,0.5117,0,36,"Feb2018",2
11.98,"source_only",1.08,0.7266,0,36,"Mar2018",0
11.99,"verified",16.74,0.0262,0,36,"Feb2018",0
20,"not",17.64,0.7178,1,36,"Jan2018",4
7.35,"source_only",17.02,0.0654,0,60,"Feb2018",2
10.41,"not",15.68,0.4308,0,36,"Mar2018",0
10.42,"not",23.13,0.1828,0,36,"Feb2018",4
7.34,"not",7.52,0.8168,0,36,"Mar2018",0
7.34,"not",17.21,0.3258,0,36,"Mar2018",1
16.01,"verified",19.42,0.0927,0,36,"Mar2018",0
15.05,"source_only",21.56,0.6175,0,36,"Jan2018",0
14.08,"source_only",14.6,0.6811,0,60,"Feb2018",12
9.92,"source_only",25.88,0.4212,0,60,"Mar2018",0
15.04,"verified",28.58,0.8942,0,36,"Mar2018",3
9.44,"source_only",5.98,0.5175,1,36,"Jan2018",5
13.59,"not",19.87,0.1523,1,60,"Jan2018",11
6.72,"source_only",17.52,0.3066,0,36,"Feb2018",1
13.59,"source_only",7.2,0.5121,1,60,"Feb2018",2
30.79,"verified",32.69,0.2306,0,60,"Jan2018",2
9.93,"verified",52.47,0.2056,0,60,"Jan2018",3
15.05,"not",17.28,0.2267,0,60,"Jan2018",5
7.96,"verified",26.56,0.2259,0,36,"Mar2018",0
7.34,"not",22.45,0.5874,0,36,"Mar2018",0
10.42,"source_only",437.61,0.1731,0,60,"Jan2018",0
14.08,"verified",23.07,0.6567,0,36,"Feb2018",0
11.98,"not",37.84,0.7306,0,36,"Mar2018",7
7.35,"verified",13.75,0.7231,0,36,"Feb2018",1
13.58,"verified",18.32,0.1752,0,36,"Mar2018",1
13.58,"verified",2.38,0.0341,0,60,"Mar2018",3
16.02,"not",33.26,0.616,0,60,"Jan2018",0
7.35,"not",13.51,0.5971,0,36,"Jan2018",1
17.09,"not",7.8,0.577,0,36,"Jan2018",1
15.05,"verified",29.67,0.1307,0,36,"Jan2018",3
18.45,"source_only",25.73,0.6872,0,60,"Mar2018",0
19.42,"verified",30.28,0.7021,0,36,"Mar2018",3
10.42,"source_only",20.1,0.2515,0,60,"Jan2018",8
14.08,"not",19.77,0.487,1,36,"Feb2018",2
12.61,"source_only",10.34,0.4541,0,60,"Mar2018",1
19.03,"verified",23.33,0.1705,1,60,"Feb2018",7
19.03,"verified",35.74,0.4852,1,36,"Jan2018",3
7.34,"source_only",13.64,0.572,1,36,"Mar2018",0
13.59,"not",23.87,0.5983,0,36,"Feb2018",0
9.44,"not",7.68,0.5589,1,36,"Jan2018",1
9.92,"source_only",21.56,0.3669,0,36,"Feb2018",7
26.77,"verified",26.73,0.395,0,60,"Mar2018",3
10.41,"not",29.73,0.4999,0,36,"Mar2018",2
19.03,"source_only",12.03,0.2263,1,36,"Feb2018",3
9.92,"not",4.75,0.0821,0,60,"Mar2018",4
11.99,"not",24.05,0.5979,1,36,"Feb2018",2
17.09,"not",30.8,0.2777,1,36,"Jan2018",2
11.98,"not",5.27,0.4074,0,36,"Mar2018",0
17.09,"source_only",21.35,0.8026,0,36,"Feb2018",4
10.41,"verified",12.56,0.117,0,36,"Mar2018",0
18.06,"source_only",32.25,0.5823,0,60,"Jan2018",2
6.72,"source_only",24.68,0.5617,0,36,"Feb2018",0
9.43,"source_only",15.46,0.0767,0,36,"Mar2018",1
21.45,"verified",11.07,0.8135,0,36,"Jan2018",1
10.41,"source_only",20.15,0.2265,1,36,"Mar2018",6
11.99,"not",32.65,0.1992,0,36,"Feb2018",0
5.32,"verified",26.66,0.5912,0,36,"Feb2018",0
9.44,"not",7.04,0.0538,0,60,"Jan2018",0
10.9,"not",5.66,0.0652,1,60,"Mar2018",5
9.44,"verified",22.74,0.413,0,36,"Feb2018",2
9.92,"not",26.16,0.1284,0,60,"Mar2018",4
7.35,"not",3.1,0.0189,0,60,"Jan2018",2
11.98,"source_only",23.69,0.2924,0,60,"Mar2018",0
7.96,"not",25.06,0.365,0,36,"Mar2018",0
19.03,"source_only",14.07,0.6229,0,36,"Jan2018",4
10.91,"not",20.92,0.8396,0,36,"Jan2018",6
12.61,"source_only",13.62,0.0656,0,36,"Mar2018",0
10.41,"source_only",5.83,0.0843,0,36,"Mar2018",1
13.58,"source_only",10.72,0.1115,0,60,"Mar2018",0
9.92,"source_only",21.67,0.5661,0,36,"Mar2018",1
6.08,"source_only",14.72,0.5583,0,36,"Feb2018",0
13.59,"not",13.29,0.744,0,36,"Feb2018",3
10.41,"not",19.71,0.3763,0,36,"Mar2018",0
21.85,"verified",19.1,0.8288,0,60,"Mar2018",1
9.44,"source_only",11.92,0.0636,0,36,"Jan2018",0
7.97,"source_only",25.38,0.3371,0,36,"Feb2018",8
12.61,"source_only",37.54,0.7453,0,36,"Mar2018",2
7.34,"source_only",35.6,0.6984,1,36,"Mar2018",1
14.07,"not",12.79,0.5705,0,36,"Mar2018",0
16.01,"source_only",61.31,0.2591,0,36,"Mar2018",3
6.07,"source_only",30.91,0.1196,0,36,"Mar2018",3
10.42,"verified",36.66,0.6233,0,36,"Mar2018",1
6.71,"not",20.28,0.2277,0,36,"Mar2018",1
7.35,"not",9.38,0.2002,0,36,"Jan2018",0
9.93,"not",5.84,0.4364,0,36,"Jan2018",0
12.61,"not",10.04,0.7543,1,36,"Mar2018",2
14.08,"not",15.84,0.1898,0,36,"Jan2018",1
9.44,"not",11.96,0.5725,0,36,"Feb2018",1
5.31,"source_only",25.09,0.2808,1,36,"Mar2018",4
12.61,"source_only",24.66,0.0869,0,36,"Mar2018",1
7.34,"verified",1.44,0.125,0,36,"Mar2018",1
6.07,"not",19.74,0.1315,0,36,"Mar2018",0
10.41,"verified",9.37,0.5658,0,36,"Mar2018",0
19.42,"source_only",9.48,0.3538,1,60,"Mar2018",1
6.08,"source_only",13.29,0.049,0,36,"Jan2018",1
20,"source_only",8.98,0.3982,0,36,"Jan2018",2
5.32,"not",18.28,0.5375,0,36,"Feb2018",0
13.58,"verified",17.95,0.7108,1,36,"Mar2018",0
11.98,"source_only",19.3,0.4726,0,36,"Mar2018",4
14.07,"not",22.77,0.8038,0,60,"Mar2018",2
15.05,"source_only",18.42,0.6497,0,60,"Feb2018",3
13.58,"verified",25.37,0.5786,0,36,"Mar2018",0
10.42,"verified",13.73,0.3577,0,60,"Jan2018",3
10.42,"verified",23.82,0.392,0,60,"Feb2018",2
5.32,"source_only",4.2,0.418,0,36,"Jan2018",3
6.72,"verified",7.15,0.0604,0,36,"Jan2018",0
7.97,"verified",28.27,0.3983,0,36,"Feb2018",3
12.61,"source_only",25.4,0.7815,0,60,"Mar2018",2
9.92,"source_only",8.55,0.3489,0,36,"Mar2018",1
7.96,"not",14.81,0.9378,0,36,"Mar2018",2
13.59,"source_only",4.57,0.2893,0,60,"Jan2018",3
14.08,"source_only",24.51,0.7011,0,36,"Jan2018",2
23.88,"verified",27.86,0.8801,0,60,"Feb2018",7
7.34,"not",6.25,0.3041,0,36,"Mar2018",1
21.45,"source_only",17.71,0.7388,0,36,"Jan2018",3
9.44,"not",16.37,0.3109,0,36,"Jan2018",2
12.62,"verified",11.78,0.7332,0,36,"Jan2018",3
15.05,"source_only",17.48,0.5376,0,60,"Feb2018",1
13.58,"verified",36.71,0.6244,0,36,"Mar2018",4
10.41,"verified",62.58,0.3162,0,36,"Mar2018",1
9.93,"source_only",24.41,0.2721,0,36,"Jan2018",2
7.97,"not",16.72,0.4116,1,36,"Jan2018",4
17.09,"source_only",17.68,0.1786,0,60,"Feb2018",5
13.59,"source_only",5.63,0.4864,0,60,"Jan2018",2
14.07,"source_only",14.97,0.5273,0,36,"Mar2018",5
7.96,"source_only",19.75,0.2442,1,36,"Mar2018",0
21.45,"source_only",23.49,0.5029,0,60,"Feb2018",1
9.43,"not",16.51,0.437,0,60,"Mar2018",2
9.44,"verified",12.34,0.2424,0,36,"Feb2018",2
16.01,"verified",38.64,0.2719,1,36,"Mar2018",5
7.97,"not",28.81,0.3081,0,36,"Feb2018",3
23.88,"verified",10.66,0.1254,0,60,"Jan2018",5
19.42,"source_only",18.33,0.5922,0,60,"Feb2018",0
10.41,"source_only",26.25,0.7673,0,36,"Mar2018",1
19.03,"verified",27.52,0.7443,0,60,"Jan2018",4
17.47,"verified",18.4,0.6315,0,36,"Mar2018",1
10.91,"not",13.01,0.6484,0,36,"Jan2018",1
11.99,"source_only",33.5,0.8886,1,36,"Feb2018",11
10.91,"not",15.16,0.6162,0,36,"Feb2018",2
9.93,"source_only",27.77,0.5063,0,36,"Jan2018",1
14.07,"not",28.13,0.3768,0,36,"Mar2018",0
7.34,"not",25.15,0.2248,0,36,"Mar2018",1
7.97,"verified",7.81,0.4267,0,36,"Jan2018",4
9.92,"not",20.7,0.8394,0,36,"Feb2018",2
13.59,"source_only",4.32,0.4843,0,60,"Jan2018",0
11.98,"source_only",27.88,0.2855,0,36,"Mar2018",2
21.45,"verified",26.25,0.2203,0,60,"Mar2018",0
19.03,"verified",20.93,0.2075,0,60,"Feb2018",3
7.96,"source_only",17.05,0.1424,0,36,"Mar2018",4
19.03,"verified",25.37,0.206,0,36,"Feb2018",3
16.01,"verified",11.43,0.3377,0,60,"Feb2018",3
12.62,"not",8.59,0.1818,1,60,"Feb2018",3
5.31,"not",9.31,0.0757,0,36,"Feb2018",1
18.45,"verified",1.08,0.0694,0,60,"Mar2018",0
11.99,"not",10.08,0.1899,0,36,"Feb2018",3
15.04,"verified",25.67,0.5882,0,36,"Mar2018",2
12.62,"source_only",19.13,0.9705,0,36,"Jan2018",0
6.08,"verified",5.58,0.0493,0,36,"Jan2018",2
5.32,"verified",14.79,0.1142,0,36,"Feb2018",1
20,"source_only",34.44,0.6946,0,60,"Feb2018",0
9.92,"not",4.2,0.0394,0,60,"Mar2018",4
17.47,"source_only",2.76,0.7812,0,60,"Feb2018",0
21.45,"source_only",1.71,0.0221,0,36,"Feb2018",0
13.58,"not",19.41,0.3836,0,36,"Mar2018",6
21.45,"source_only",16.57,0.1478,0,60,"Jan2018",2
16.01,"verified",20.87,0.6786,0,36,"Mar2018",4
15.04,"source_only",7.79,0.078,0,60,"Mar2018",1
20,"not",15.71,0.731,1,36,"Jan2018",0
14.07,"source_only",23.49,0.2945,0,36,"Mar2018",2
10.9,"source_only",11.56,0.6515,0,60,"Mar2018",0
17.09,"source_only",22.29,0.6158,0,60,"Jan2018",4
7.34,"verified",8.36,0.0265,0,60,"Mar2018",1
7.96,"source_only",17.35,0.632,0,36,"Mar2018",0
6.07,"not",7.08,0.0707,0,36,"Mar2018",2
6.08,"source_only",12.73,0.3818,0,36,"Jan2018",8
10.9,"verified",13.64,0.3223,0,60,"Mar2018",2
10.42,"source_only",10.3,0.0351,0,60,"Feb2018",0
13.58,"source_only",11.63,0.1966,0,60,"Mar2018",6
16.02,"source_only",10.76,0.0674,0,36,"Jan2018",4
7.97,"not",12.13,0.102,0,36,"Jan2018",3
11.99,"not",17.12,0.4659,0,36,"Jan2018",6
17.09,"source_only",24.37,0.1277,0,60,"Jan2018",4
6.08,"verified",0.21,0.0047,0,36,"Jan2018",1
9.44,"source_only",16.61,0.1252,0,36,"Jan2018",0
5.32,"not",26.54,0.1993,0,36,"Jan2018",0
9.93,"source_only",3.63,0.2472,0,36,"Jan2018",0
15.05,"source_only",33.98,0.7419,0,60,"Jan2018",1
14.07,"source_only",6.73,0.1145,0,36,"Feb2018",9
10.42,"not",17.07,0.9219,0,36,"Jan2018",1
12.62,"verified",36.5,0.7276,1,36,"Jan2018",0
14.07,"not",11.87,0.2036,0,36,"Mar2018",2
14.07,"not",29.87,0.1474,0,36,"Mar2018",0
6.08,"not",38.37,0.1482,0,36,"Jan2018",2
9.44,"source_only",9.91,0.4222,0,36,"Feb2018",0
19.42,"not",25.9,0.2026,0,36,"Mar2018",4
20,"verified",20.78,0.3887,0,36,"Jan2018",0
14.07,"source_only",14.81,0.2904,0,60,"Mar2018",3
9.93,"not",21.65,0.0696,0,36,"Feb2018",1
16.01,"source_only",33.64,0.1518,0,36,"Feb2018",6
16.01,"source_only",16.56,0.5016,0,60,"Feb2018",1
15.05,"verified",35.41,0.7246,0,36,"Jan2018",0
13.58,"verified",35.11,0.2452,0,36,"Mar2018",0
10.42,"source_only",10.02,0.4685,0,60,"Feb2018",0
12.62,"source_only",11.84,0.1692,0,60,"Jan2018",0
12.62,"source_only",28.78,0.6112,0,36,"Jan2018",2
6.08,"not",31.72,0.6769,0,36,"Jan2018",1
18.06,"verified",37.51,0.5666,1,36,"Feb2018",1
10.42,"not",21.28,0.4251,1,36,"Feb2018",3
10.9,"verified",39.27,0.334,0,60,"Mar2018",0
7.96,"not",17.88,0.8472,0,36,"Feb2018",7
9.93,"not",9.35,0.5681,0,36,"Feb2018",0
9.93,"source_only",4.12,0.1302,0,36,"Jan2018",0
15.05,"source_only",23.24,0.2105,0,36,"Jan2018",1
9.43,"source_only",15.45,0.5284,0,36,"Mar2018",0
10.9,"source_only",8.28,1.6613,0,36,"Feb2018",1
10.42,"source_only",7.26,0.1276,0,36,"Jan2018",6
7.97,"source_only",11.27,0.2665,0,36,"Jan2018",2
5.31,"not",22.03,0.4474,0,36,"Mar2018",0
7.35,"not",21.83,0.4579,0,36,"Jan2018",1
5.31,"not",6.17,0.2389,0,36,"Mar2018",0
16.02,"source_only",5.52,0.2437,0,36,"Jan2018",3
6.72,"not",7.74,0.0709,0,36,"Jan2018",0
17.47,"source_only",2.5,0.6083,0,60,"Mar2018",0
9.43,"not",13.72,0.1566,0,36,"Mar2018",1
15.04,"not",21.75,0.5999,0,36,"Mar2018",0
7.96,"source_only",17.98,0.1809,0,36,"Feb2018",0
19.03,"verified",46.08,0.3322,0,60,"Feb2018",5
5.32,"not",5.9,0.0599,0,36,"Feb2018",1
13.58,"verified",25.52,0.2312,0,60,"Mar2018",3
10.9,"source_only",17.68,0.4873,0,36,"Mar2018",1
11.99,"not",9.3,0.4119,0,36,"Feb2018",2
7.96,"not",24.1,0.1521,0,36,"Mar2018",3
15.04,"not",4.85,0.0583,0,36,"Feb2018",1
7.34,"not",16.4,0.1767,0,36,"Mar2018",2
9.43,"not",9.95,0.1569,1,36,"Mar2018",0
9.92,"verified",40.71,0.3376,0,36,"Mar2018",0
7.34,"source_only",27.69,0.6605,0,36,"Mar2018",2
20,"source_only",32.23,0.6751,0,60,"Jan2018",0
24.85,"verified",34.91,0.7905,0,60,"Jan2018",1
14.07,"not",37.52,0.6297,0,60,"Mar2018",1
10.91,"source_only",19.73,0.069,0,60,"Feb2018",3
10.41,"source_only",7.32,0.6436,0,36,"Mar2018",1
12.62,"source_only",7.02,0.2693,0,60,"Jan2018",2
10.42,"source_only",5.09,0.0809,0,60,"Jan2018",0
6.71,"source_only",9.32,0.1647,0,36,"Mar2018",1
7.97,"verified",19.11,0.6405,0,36,"Jan2018",9
7.97,"not",18.27,0.6089,0,36,"Jan2018",1
13.58,"source_only",24.81,0.1667,0,60,"Feb2018",2
5.32,"not",7.23,0.2909,0,36,"Feb2018",1
15.04,"not",20.63,0.5773,1,36,"Feb2018",17
9.43,"not",19.78,0.1494,0,36,"Mar2018",1
14.08,"source_only",20.21,0.4985,0,36,"Jan2018",4
9.44,"not",15.07,0.6663,0,36,"Jan2018",1
18.06,"verified",2.08,0.0668,0,60,"Jan2018",1
26.3,"verified",15.34,1.1674,0,60,"Feb2018",0
7.34,"source_only",13.2,0.0137,0,36,"Mar2018",0
5.32,"not",4.25,0.1839,0,36,"Jan2018",2
19.03,"not",25.84,0.7962,0,60,"Jan2018",7
15.05,"source_only",26.03,0.1069,0,36,"Jan2018",1
10.91,"not",10.24,0.2422,0,36,"Feb2018",3
6.72,"not",17.34,0.1368,0,36,"Feb2018",1
12.61,"source_only",18.16,0.1985,0,36,"Feb2018",3
16.02,"verified",27.91,0.6381,1,36,"Feb2018",4
12.62,"source_only",18.71,0.823,0,36,"Jan2018",1
10.9,"not",18.23,0.1069,0,60,"Mar2018",0
16.02,"verified",11.94,0.1038,0,36,"Jan2018",1
9.44,"not",8.15,0.6646,1,36,"Feb2018",0
21.45,"not",21.76,0.4325,0,60,"Jan2018",1
9.43,"source_only",3.52,0.0491,0,36,"Mar2018",2
19.42,"source_only",16.03,0.0682,0,36,"Feb2018",3
5.32,"not",23.66,0.4343,0,36,"Jan2018",1
10.91,"not",14.15,0.3325,0,36,"Jan2018",3
6.72,"not",16.39,0.1632,0,36,"Feb2018",0
7.35,"not",5,0.2144,0,36,"Feb2018",0
10.91,"source_only",21.64,0.4979,0,36,"Jan2018",9
28.72,"source_only",15.25,0.7591,0,60,"Jan2018",3
13.59,"verified",49.99,0.3436,0,36,"Mar2018",0
10.42,"source_only",12,0.0478,0,36,"Jan2018",2
5.31,"not",10.24,0.3131,0,36,"Feb2018",1
14.08,"not",17.57,0.5818,0,36,"Feb2018",4
6.08,"not",29.68,0.6513,0,36,"Jan2018",5
9.44,"not",16.44,0.5131,1,36,"Feb2018",3
9.44,"not",18.07,0.4991,0,36,"Jan2018",1
13.59,"verified",59.68,0.2615,0,36,"Jan2018",0
12.61,"not",7.23,0.5242,0,60,"Mar2018",0
10.42,"source_only",25.14,0.261,1,60,"Feb2018",1
23.88,"verified",27.48,0.8698,0,36,"Jan2018",0
12.61,"source_only",38.75,0.442,0,36,"Mar2018",4
15.05,"verified",53.39,0.2683,0,36,"Jan2018",1
10.91,"source_only",11.83,0.056,0,36,"Feb2018",0
6.71,"source_only",13.46,0.0469,1,36,"Mar2018",0
15.05,"source_only",10.1,0.6756,0,60,"Jan2018",13
12.62,"source_only",37.23,0.6202,0,36,"Jan2018",1
7.97,"verified",22.47,0.0774,0,36,"Feb2018",1
15.04,"source_only",11.04,0.5854,0,60,"Mar2018",5
22.9,"source_only",24.72,0.3587,0,36,"Feb2018",2
11.98,"source_only",9.84,0.3979,0,60,"Mar2018",2
16.02,"source_only",28.24,0.7961,0,36,"Jan2018",11
7.34,"not",32.52,0.1143,1,36,"Feb2018",2
11.99,"verified",30.51,0.5163,0,36,"Feb2018",1
20.39,"verified",27.1,0.5,1,36,"Mar2018",3
7.34,"not",10.7,0.0871,0,60,"Mar2018",2
6.08,"source_only",21.06,0.7544,0,36,"Jan2018",0
13.58,"verified",10.75,0.538,0,60,"Mar2018",1
6.08,"not",3.41,0.077,0,36,"Feb2018",1
14.08,"verified",25.89,0.2674,0,60,"Jan2018",2
10.9,"source_only",23.52,0.1744,1,60,"Mar2018",0
18.06,"not",12.91,0.4953,0,60,"Feb2018",1
12.61,"source_only",8.91,0.2824,0,60,"Mar2018",0
13.59,"source_only",32.25,0.2658,0,60,"Jan2018",0
7.97,"verified",10.67,0.0993,0,36,"Feb2018",1
12.61,"source_only",23.08,0.6561,1,60,"Feb2018",1
7.96,"source_only",11.5,0.239,0,36,"Mar2018",0
17.47,"not",25.36,0.5005,0,36,"Mar2018",12
6.07,"not",14.82,0.159,0,36,"Mar2018",1
12.62,"source_only",16.91,0.0808,0,36,"Feb2018",4
9.92,"not",4.96,0.3195,0,36,"Mar2018",0
11.99,"source_only",16.11,0.0866,0,60,"Jan2018",2
7.34,"source_only",19.46,0.8504,1,36,"Mar2018",1
16.01,"source_only",25.32,0.5511,0,36,"Mar2018",2
15.05,"source_only",22.12,1.1181,0,60,"Feb2018",2
16.01,"source_only",7.84,0.15,0,60,"Mar2018",1
9.44,"source_only",25.7,0.1575,1,36,"Feb2018",14
9.92,"not",5.07,0.3514,1,60,"Mar2018",1
13.59,"not",7.5,0.4955,0,36,"Feb2018",0
15.04,"source_only",3.29,0.3984,0,60,"Mar2018",4
20.39,"verified",18.34,0.1947,0,36,"Mar2018",4
6.08,"not",48.23,0.6876,0,36,"Jan2018",1
19.42,"source_only",30.24,0.401,1,36,"Mar2018",3
19.42,"source_only",13.38,0.9719,0,36,"Feb2018",0
9.44,"verified",14.52,0.1701,0,36,"Jan2018",5
14.07,"source_only",27.02,0.2873,1,36,"Feb2018",0
9.44,"verified",13.33,0.5372,0,36,"Jan2018",1
9.92,"source_only",35.8,0.3998,0,36,"Mar2018",1
7.34,"source_only",22.06,0.1909,0,36,"Mar2018",0
6.08,"source_only",21.13,0.1939,0,36,"Feb2018",13
9.92,"not",16.82,0.4419,0,36,"Mar2018",3
14.08,"source_only",7.94,0.2829,0,60,"Jan2018",6
18.06,"verified",14.1,0.1156,0,36,"Feb2018",6
19.03,"source_only",11.21,0.146,1,36,"Jan2018",1
19.03,"source_only",22.56,0.8598,0,36,"Feb2018",0
9.93,"not",11.78,0.606,0,36,"Jan2018",3
11.99,"source_only",16.14,0.9633,0,60,"Jan2018",0
7.34,"source_only",4.75,0.0254,0,60,"Mar2018",0
7.35,"source_only",57.68,0.1135,0,36,"Feb2018",3
12.61,"not",9.93,0.1384,0,36,"Mar2018",5
10.91,"source_only",25.86,0.3597,0,36,"Feb2018",0
21.45,"verified",23.46,0.1119,1,36,"Jan2018",1
9.44,"source_only",5.81,0.7192,0,36,"Jan2018",0
12.62,"verified",20.93,0.2545,0,36,"Feb2018",2
13.58,"not",34.38,1.2482,0,36,"Mar2018",1
16.02,"source_only",57.24,0.4091,0,36,"Feb2018",1
21.45,"not",30.73,0.9455,0,36,"Jan2018",3
6.71,"source_only",16.28,0.1,0,36,"Mar2018",5
14.08,"source_only",21.66,0.5464,1,60,"Jan2018",1
12.61,"not",5.7,0.0869,0,36,"Mar2018",10
6.08,"not",17.69,0.5571,0,36,"Feb2018",4
9.92,"not",16.77,0.8361,0,60,"Mar2018",0
5.31,"not",11.68,0.1249,1,36,"Mar2018",1
20.39,"source_only",21.19,0.8415,0,36,"Mar2018",11
13.59,"source_only",5.03,0.0613,0,36,"Feb2018",4
9.93,"verified",33.97,0.4632,0,36,"Mar2018",1
20,"verified",21.34,0.2582,0,60,"Jan2018",5
14.07,"verified",1.43,0.2763,0,36,"Mar2018",2
11.99,"not",14.89,0.682,0,36,"Jan2018",0
14.08,"verified",20.24,0.5265,0,60,"Feb2018",3
21.45,"verified",31.03,0.5663,0,36,"Feb2018",0
9.44,"source_only",18.22,0.2016,0,36,"Jan2018",0
18.45,"verified",20.14,0.1876,1,36,"Mar2018",8
10.9,"not",27.54,0.5475,0,36,"Mar2018",3
11.99,"not",10.99,0.1421,0,36,"Jan2018",3
6.71,"verified",17.97,0.2456,0,36,"Mar2018",0
6.72,"source_only",13.41,0.6637,0,36,"Jan2018",4
6.08,"source_only",2.01,0.0418,0,36,"Jan2018",2
24.84,"source_only",9.73,0.0638,0,60,"Mar2018",0
21.45,"verified",9.55,0.417,0,36,"Jan2018",1
17.47,"verified",38.24,0.431,1,36,"Mar2018",2
6.72,"verified",8.1,0.0358,0,36,"Jan2018",2
14.07,"verified",28.54,0.0839,0,36,"Feb2018",0
16.02,"source_only",35.49,0.4014,0,60,"Jan2018",1
12.62,"verified",5.06,0.6401,0,36,"Feb2018",0
13.58,"not",0.126324137540361,0.4956,0,36,"Mar2018",0
5.31,"not",16.49,0.3146,0,36,"Feb2018",0
12.62,"not",21.43,0.61,0,36,"Jan2018",1
13.58,"not",16.05,0.9236,0,36,"Mar2018",0
15.05,"not",10.85,0.6787,0,36,"Jan2018",0
9.92,"source_only",46.29,0.7798,0,60,"Mar2018",2
9.44,"source_only",21.72,0.2078,0,36,"Feb2018",0
15.05,"source_only",18.03,0.3187,0,36,"Jan2018",0
12.62,"not",14.08,0.6593,0,36,"Jan2018",2
9.44,"source_only",3.43,0.0161,0,36,"Jan2018",0
15.05,"not",0.120714285714286,0.2856,0,36,"Feb2018",1
7.35,"verified",4.1,0.0373,0,36,"Feb2018",3
11.99,"source_only",18.61,0.2169,0,60,"Feb2018",10
10.9,"verified",22.33,0.438,0,36,"Mar2018",0
9.43,"source_only",22.35,0.4005,0,36,"Mar2018",1
10.42,"source_only",14.7,0.577,0,36,"Feb2018",1
12.62,"not",25.39,0.2161,0,60,"Jan2018",1
12.61,"not",18.18,0.3256,0,36,"Mar2018",0
14.08,"verified",27.52,0.2063,0,60,"Jan2018",0
15.05,"not",14.62,0.7682,0,60,"Jan2018",1
9.93,"not",11.29,0.7031,0,36,"Jan2018",0
9.92,"not",26.73,0.2942,0,60,"Mar2018",1
9.44,"source_only",21.08,0.7926,0,36,"Feb2018",0
18.06,"source_only",5.85,1.0192,3,36,"Feb2018",3
10.91,"not",29.84,0.5217,0,36,"Feb2018",2
21.85,"source_only",4.95,0.6209,0,60,"Feb2018",1
25.82,"source_only",32.18,0.7351,0,36,"Feb2018",0
9.92,"source_only",16.45,0.1798,0,36,"Mar2018",1
20,"source_only",6.2,0.7638,1,60,"Jan2018",3
7.97,"not",24.89,0.2535,0,36,"Jan2018",3
14.08,"source_only",7.73,0.6767,1,36,"Jan2018",4
12.62,"not",22.9,0.3114,0,60,"Jan2018",0
10.42,"verified",21.77,0.6283,0,60,"Feb2018",1
18.45,"source_only",0.6,0.2149,0,60,"Mar2018",4
13.59,"not",5.65,0.3298,1,36,"Jan2018",1
6.08,"verified",17.53,0.2981,0,36,"Feb2018",0
21.45,"verified",29.23,0.6703,0,60,"Feb2018",0
10.42,"verified",10.56,0.4244,0,36,"Feb2018",1
10.91,"verified",13.79,0.079,0,36,"Jan2018",3
16.02,"source_only",18.47,0.1798,0,36,"Feb2018",0
17.09,"source_only",7.52,0.1358,0,36,"Jan2018",15
9.44,"not",40.42,0.4058,0,36,"Jan2018",3
16.02,"verified",45.83,0.7149,0,60,"Jan2018",1
13.58,"source_only",26.79,0.5569,0,36,"Mar2018",3
7.35,"source_only",7.01,0.1581,0,36,"Feb2018",2
9.43,"not",30.62,0.4056,0,36,"Mar2018",0
11.98,"source_only",11.9,0.112,0,36,"Mar2018",4
11.98,"source_only",16.11,0.7912,0,60,"Mar2018",0
10.91,"source_only",6.7,0.3717,0,36,"Feb2018",0
13.59,"source_only",9.23,1.0511,0,36,"Jan2018",1
10.9,"not",23.02,0.1099,0,60,"Mar2018",1
18.45,"source_only",21.41,0.0809,0,60,"Mar2018",3
13.59,"verified",16.2,0.0971,0,60,"Jan2018",0
18.06,"source_only",24.47,0.9224,0,36,"Feb2018",3
6.72,"not",12.5,0.5607,0,36,"Feb2018",1
10.42,"verified",28.98,0.146,0,60,"Jan2018",0
10.42,"not",17.36,0.4877,0,36,"Jan2018",3
7.97,"verified",16.73,0.1046,0,36,"Feb2018",7
19.42,"verified",34.63,0.5592,0,36,"Mar2018",2
6.08,"verified",32.66,0.2735,0,36,"Jan2018",1
5.31,"verified",5.62,0.5167,0,36,"Mar2018",4
13.59,"verified",21.57,0.3296,1,36,"Feb2018",2
10.91,"source_only",22.5,0.795,0,36,"Jan2018",1
12.61,"verified",9.23,0.1681,0,60,"Mar2018",2
13.59,"source_only",37.32,0.2378,0,36,"Jan2018",3
18.06,"source_only",14.96,0.1247,0,36,"Jan2018",4
10.9,"verified",9.32,0.0349,0,36,"Mar2018",10
20,"verified",33.77,0.5508,0,36,"Feb2018",0
7.34,"verified",18.87,0.1416,0,36,"Mar2018",0
5.31,"verified",7.02,0.1375,0,36,"Mar2018",2
16.01,"source_only",24.8,0.754,0,36,"Mar2018",1
16.01,"source_only",5.85,0.2569,0,36,"Mar2018",0
11.99,"verified",25.94,0.2543,0,60,"Jan2018",4
9.44,"not",17.7,0.4137,0,36,"Feb2018",3
16.01,"not",11.29,0.541,0,36,"Mar2018",0
10.41,"not",22.81,0.213,0,36,"Mar2018",2
24.85,"verified",28.5,0.671,0,60,"Jan2018",1
9.92,"not",5.47,0.7711,0,36,"Mar2018",0
10.91,"source_only",8.94,0.7935,0,36,"Feb2018",7
6.71,"not",13.49,0.0457,0,36,"Mar2018",4
6.08,"not",30.69,0.7138,0,36,"Feb2018",2
6.72,"not",10.17,0.1602,0,36,"Feb2018",1
10.42,"not",10.94,0.6496,0,36,"Feb2018",1
7.35,"verified",26.7,0.2625,0,36,"Feb2018",0
17.47,"source_only",12.99,1.1991,0,36,"Feb2018",5
11.99,"not",24.77,0.2779,0,60,"Jan2018",1
15.05,"verified",21.6,0.9001,0,36,"Feb2018",2
20.39,"verified",21.36,0.8886,0,60,"Mar2018",2
9.44,"not",25.36,0.7015,0,36,"Jan2018",7
5.31,"not",2.09,0.0136,0,36,"Mar2018",0
12.61,"not",20.5,0.7813,0,36,"Mar2018",1
7.34,"not",18.58,0.1234,0,36,"Mar2018",1
25.82,"verified",28.77,0.6206,0,60,"Jan2018",2
18.06,"not",14.93,0.5692,0,36,"Jan2018",1
9.43,"not",14.07,0.1682,0,36,"Mar2018",5
6.07,"verified",24.17,0.3592,1,36,"Mar2018",1
20,"verified",59.29,0.234,0,60,"Jan2018",0
7.34,"verified",28.84,0.1786,0,60,"Feb2018",0
10.42,"not",9.76,1.2491,0,36,"Feb2018",3
11.99,"verified",21.42,0.1261,0,60,"Jan2018",0
7.96,"not",16.36,0.052,0,36,"Mar2018",0
7.34,"not",6.71,0.2846,0,36,"Mar2018",0
20,"verified",14.64,0.9042,0,60,"Feb2018",0
18.45,"verified",7.22,0.5585,0,36,"Mar2018",1
9.92,"verified",21.76,1.0911,1,36,"Mar2018",3
12.61,"source_only",19.81,0.2145,0,60,"Mar2018",0
11.99,"source_only",25.36,0.9391,1,36,"Jan2018",22
13.58,"not",18.43,0.9572,1,60,"Mar2018",4
13.58,"not",21.65,0.3226,0,36,"Mar2018",0
9.44,"not",12.78,0.4879,0,36,"Feb2018",0
7.96,"source_only",4.55,0.1618,0,36,"Mar2018",3
26.77,"source_only",31.9,0.0957,1,60,"Mar2018",0
9.92,"not",19.71,0.3736,0,36,"Mar2018",0
14.07,"not",19.58,0.18,0,60,"Mar2018",0
6.07,"source_only",20.99,0.2771,0,36,"Mar2018",4
16.01,"not",14.37,0.6938,0,36,"Mar2018",2
13.58,"verified",22.48,0.5238,1,60,"Mar2018",0
10.9,"not",27.93,0.3051,0,60,"Mar2018",1
13.58,"not",16.97,0.3773,0,36,"Feb2018",1
20,"verified",6.7,0.0288,0,60,"Jan2018",7
10.41,"source_only",9.55,0.6425,0,36,"Mar2018",1
6.72,"source_only",30.49,0.2934,0,36,"Jan2018",1
18.06,"verified",34.53,0.6359,0,36,"Jan2018",4
9.93,"not",16.28,0.0956,1,36,"Jan2018",2
9.93,"not",7.4,1.1772,0,36,"Feb2018",1
12.62,"source_only",14.64,0.7421,0,36,"Jan2018",2
13.58,"source_only",16.11,0.3873,0,36,"Mar2018",2
15.05,"source_only",18.8,0.8119,0,36,"Feb2018",0
9.93,"source_only",7.11,0.4496,0,36,"Jan2018",1
12.61,"verified",13.25,0.1781,1,36,"Mar2018",1
10.42,"source_only",25.69,0.1516,0,60,"Feb2018",2
17.09,"source_only",17.85,0.6788,0,36,"Feb2018",4
7.97,"not",26.89,0.7087,0,36,"Feb2018",0
18.06,"source_only",17.01,0.437,0,36,"Feb2018",0
12.61,"source_only",12.57,0.0606,0,60,"Mar2018",0
6.07,"verified",26.54,0.2617,0,36,"Feb2018",1
9.93,"source_only",26.31,0.3076,0,60,"Feb2018",5
5.31,"not",11.71,0.4647,0,36,"Mar2018",0
15.04,"not",32.54,0.4678,0,36,"Mar2018",0
13.59,"source_only",18.89,0.19,0,36,"Jan2018",4
10.91,"verified",180.71,0.3703,1,36,"Jan2018",1
7.96,"source_only",15.5,0.4497,0,36,"Mar2018",2
21.45,"source_only",26,0.6071,0,36,"Jan2018",7
16.01,"verified",1.29,0.016,0,36,"Mar2018",5
16.02,"not",28.21,0.6654,1,36,"Jan2018",0
12.62,"source_only",18.7,1.0594,0,36,"Feb2018",7
15.04,"source_only",29.22,0.8389,0,36,"Mar2018",2
13.58,"source_only",27.12,0.5842,0,60,"Mar2018",0
6.71,"not",17.6,0.2018,0,36,"Mar2018",0
9.93,"not",17.75,0.6212,0,60,"Jan2018",0
15.05,"source_only",11.82,0.0649,0,60,"Feb2018",1
9.43,"not",4.21,0.0675,0,36,"Mar2018",1
11.99,"not",10.69,0.7681,0,60,"Mar2018",0
9.93,"source_only",12.84,0.6731,1,60,"Jan2018",1
11.98,"source_only",16.25,0.6415,0,60,"Mar2018",3
17.09,"source_only",17.3,0.6762,0,60,"Feb2018",0
9.44,"source_only",36.86,0.2683,0,36,"Jan2018",4
9.93,"source_only",34.19,0.5596,0,36,"Feb2018",1
20,"verified",22.8,0.8731,0,60,"Feb2018",1
5.31,"not",8.8,0.1667,0,36,"Feb2018",4
12.62,"source_only",26.4,0.7009,1,36,"Jan2018",0
23.88,"verified",32.58,0.3714,0,60,"Jan2018",0
7.34,"source_only",30.69,0.6681,0,36,"Mar2018",1
7.34,"not",9.15,0.3044,0,36,"Mar2018",1
7.96,"not",12.99,0.3521,0,36,"Mar2018",8
9.43,"source_only",2.94,3e-04,0,60,"Mar2018",0
15.04,"verified",23.99,0.1592,0,36,"Mar2018",1
11.99,"not",23.41,0.3602,0,36,"Feb2018",0
13.58,"not",5.01,0.8437,0,36,"Mar2018",5
25.82,"verified",18.12,0.1788,1,60,"Feb2018",4
5.32,"source_only",5.26,0.2701,0,36,"Feb2018",0
10.91,"not",18.03,0.4477,0,36,"Jan2018",2
6.71,"source_only",1.98,0.665,0,36,"Mar2018",1
12.61,"source_only",26.83,0.3049,0,36,"Mar2018",2
16.01,"source_only",31.71,0.4869,0,36,"Mar2018",1
21.45,"source_only",21.72,0.4494,0,60,"Jan2018",2
14.07,"source_only",14.63,0.9542,0,36,"Mar2018",0
7.34,"not",17.25,0.0635,0,60,"Feb2018",0
18.45,"source_only",22.75,0.7009,0,36,"Mar2018",8
22.91,"verified",8.2,0.009,0,36,"Jan2018",18
19.42,"verified",23.81,0.2065,0,60,"Mar2018",4
7.35,"verified",8.92,0.144,0,60,"Jan2018",6
9.44,"verified",8.45,0.1674,0,60,"Jan2018",2
7.97,"not",21.47,0.4579,1,36,"Jan2018",1
17.47,"not",17.76,0.1025,0,36,"Mar2018",4
16.02,"not",17.72,0.6815,0,36,"Feb2018",1
20.39,"not",16.33,0.3429,0,36,"Mar2018",1
7.96,"source_only",4.51,0.9755,0,36,"Mar2018",3
18.45,"not",16.6,0.1915,1,60,"Mar2018",1
7.34,"source_only",33.71,0.0951,0,60,"Mar2018",2
10.9,"not",24.93,0.3458,0,60,"Feb2018",2
12.62,"not",15.35,0.1578,0,36,"Feb2018",4
24.84,"source_only",23.48,0.2539,0,60,"Mar2018",2
21.85,"source_only",13.95,0.8165,0,60,"Mar2018",7
6.72,"not",4.98,0.0424,0,36,"Feb2018",1
10.42,"source_only",16.15,0.2175,0,36,"Jan2018",8
6.71,"verified",39.83,0.1512,0,36,"Mar2018",6
11.98,"verified",2.86,0.2016,0,60,"Mar2018",1
16.02,"source_only",15.5,0.7535,0,36,"Jan2018",1
12.61,"source_only",25.33,0.1891,0,36,"Mar2018",1
11.99,"source_only",7.74,0.6802,1,60,"Jan2018",1
19.42,"verified",32.98,0.735,0,36,"Mar2018",2
15.05,"not",9.79,0.6283,0,36,"Jan2018",2
26.3,"source_only",12.49,0.5832,0,60,"Feb2018",2
17.09,"source_only",14.07,0.6451,0,60,"Feb2018",0
16.02,"source_only",22.6,0.2159,0,60,"Jan2018",1
7.35,"source_only",23.82,0.7307,0,36,"Jan2018",1
6.07,"source_only",15.2,0.1784,0,36,"Mar2018",3
6.72,"verified",9.67,0.1443,1,36,"Feb2018",0
18.45,"source_only",22.77,0.24,0,36,"Mar2018",0
20,"verified",34.02,0.6819,0,36,"Jan2018",4
12.62,"verified",28.15,0.4979,0,60,"Feb2018",1
9.93,"source_only",25.64,0.1177,0,60,"Feb2018",1
9.43,"verified",96.77,0.622,1,36,"Mar2018",1
9.43,"not",12.41,0.4966,0,36,"Mar2018",2
7.34,"verified",5.81,0.3105,0,36,"Feb2018",3
12.61,"verified",13.72,0.4425,1,36,"Mar2018",1
7.97,"not",18.32,0.1008,0,36,"Feb2018",1
17.47,"source_only",7.88,0.6448,0,36,"Mar2018",6
14.08,"not",19.45,0.1024,0,36,"Jan2018",0
19.42,"verified",11.58,0.0061,1,36,"Mar2018",1
6.72,"not",15.94,0.0445,0,36,"Jan2018",5
11.99,"not",52.22,0.2216,0,36,"Jan2018",3
19.42,"source_only",12.91,0.1193,0,60,"Mar2018",5
28.72,"source_only",29.16,0.323,0,60,"Feb2018",1
19.42,"not",24.54,0.6296,0,60,"Mar2018",3
12.61,"source_only",22.64,0.9316,0,60,"Mar2018",1
9.44,"source_only",9.02,0.2141,0,60,"Jan2018",4
13.58,"not",23.4,0.1914,0,60,"Mar2018",0
21.85,"verified",21.15,0.4487,0,60,"Mar2018",4
12.62,"verified",11.27,0.6366,1,36,"Jan2018",1
14.07,"not",6.02,0.5695,0,36,"Mar2018",0
6.72,"not",18.87,0.0685,1,36,"Feb2018",3
14.08,"source_only",2.22,0.6782,1,36,"Jan2018",0
9.43,"source_only",3.99,0.0181,0,60,"Mar2018",2
16.01,"not",32,0.3667,0,36,"Mar2018",2
10.41,"not",9.13,0.565,1,36,"Mar2018",2
13.59,"verified",50.91,0.27,0,60,"Jan2018",0
11.99,"verified",14.11,0.0526,0,36,"Feb2018",0
10.42,"not",28.91,0.2296,0,36,"Jan2018",3
18.06,"source_only",38.78,0.5192,0,36,"Jan2018",0
6.71,"verified",10.57,0.0865,0,36,"Mar2018",7
13.59,"source_only",19.46,0.5895,0,36,"Feb2018",0
21.45,"source_only",16.22,0.2197,0,60,"Mar2018",0
15.05,"verified",31.77,0.641,0,36,"Feb2018",0
7.35,"not",8.24,0.3418,0,60,"Jan2018",0
17.47,"verified",22.75,0.7469,0,60,"Mar2018",1
6.07,"not",22.8,0.3895,0,36,"Mar2018",1
21.45,"not",31.88,0.428,0,36,"Jan2018",1
26.3,"verified",24.56,0.6776,0,60,"Feb2018",0
7.97,"not",4.68,0.0127,0,36,"Feb2018",2
16.02,"source_only",26.69,0.402,0,36,"Jan2018",5
14.08,"verified",28.04,0.1867,0,36,"Jan2018",2
11.99,"source_only",1.2,0.2011,0,60,"Feb2018",2
17.09,"source_only",16.56,0.8947,0,60,"Jan2018",1
17.09,"not",4.03,0.198,0,60,"Feb2018",0
26.3,"source_only",48.47,0.7036,0,36,"Feb2018",1
6.07,"not",17.27,0.1026,0,36,"Mar2018",0
7.96,"not",17.52,0.635,0,60,"Feb2018",2
17.09,"not",30.62,0.6324,0,36,"Jan2018",1
6.07,"source_only",6.86,0.1166,0,36,"Mar2018",4
13.58,"verified",15.1,0.4812,1,60,"Mar2018",3
5.31,"verified",12.56,0.1564,0,36,"Mar2018",4
10.91,"source_only",12.38,0.59,0,36,"Jan2018",2
6.07,"not",23.17,0.1493,0,36,"Mar2018",3
11.98,"source_only",7.15,0.5122,0,36,"Mar2018",0
9.44,"verified",10.57,0.1088,0,60,"Feb2018",3
15.05,"not",22.01,0.808,0,60,"Jan2018",1
7.34,"not",33.16,0.3848,0,36,"Mar2018",2
10.41,"not",21.92,0.5851,0,36,"Mar2018",1
13.58,"not",22.25,0.0849,0,36,"Mar2018",1
9.43,"source_only",10.84,0.6834,1,36,"Feb2018",0
11.98,"not",22.61,0.1372,0,60,"Mar2018",0
15.04,"source_only",22.17,0.6195,0,36,"Mar2018",1
12.62,"source_only",17.48,0.1548,0,36,"Jan2018",5
7.96,"verified",15.51,0.1632,0,36,"Mar2018",3
15.05,"not",14.29,0.792,0,36,"Feb2018",5
7.97,"not",10.78,0.4994,0,36,"Feb2018",2
9.43,"source_only",8.98,0.0751,0,36,"Mar2018",2
11.99,"not",6.13,0.3492,1,36,"Feb2018",3
6.08,"source_only",8.16,0.0567,0,36,"Jan2018",2
11.99,"source_only",13.58,0.386,0,36,"Jan2018",2
18.45,"verified",27.35,0.7565,1,60,"Mar2018",3
11.98,"not",10.87,0.4874,0,36,"Mar2018",8
21.85,"source_only",19.56,0.8633,0,36,"Feb2018",2
10.42,"source_only",26.11,0.5472,0,36,"Feb2018",18
17.09,"verified",18.54,0.1738,0,60,"Feb2018",7
9.92,"not",16.47,0.4041,0,36,"Mar2018",1
10.42,"not",7.5,0.5549,0,36,"Jan2018",0
9.93,"source_only",18.42,0.3523,1,36,"Feb2018",0
12.62,"verified",30.44,0.9926,0,36,"Jan2018",1
13.59,"source_only",5.61,0.5717,0,36,"Jan2018",0
11.99,"not",21.19,0.4182,0,36,"Jan2018",2
11.99,"not",25.07,0.1317,0,36,"Jan2018",0
16.02,"verified",26.8,0.5427,0,36,"Jan2018",8
6.72,"not",24.52,0.3393,0,36,"Feb2018",1
18.06,"not",26.69,0.5405,0,36,"Feb2018",1
9.43,"not",13.19,0.6383,0,36,"Feb2018",0
25.82,"verified",21.18,0.6687,0,60,"Jan2018",0
6.71,"not",24.96,0.0984,1,36,"Mar2018",6
5.32,"not",13.34,0.1151,0,36,"Jan2018",2
7.97,"verified",64.4,0.2587,0,36,"Jan2018",0
9.44,"not",5.31,0.0453,0,36,"Jan2018",0
12.62,"source_only",15.95,1.1099,0,36,"Feb2018",4
7.34,"source_only",24.44,0.2881,0,36,"Feb2018",0
10.42,"verified",4.42,0.3664,0,36,"Jan2018",5
14.07,"source_only",27.7,0.1658,0,36,"Mar2018",1
13.58,"source_only",21.87,0.2707,0,36,"Mar2018",3
9.44,"not",10.96,0.5287,1,36,"Feb2018",2
14.08,"verified",20.38,0.5748,0,36,"Feb2018",6
16.01,"source_only",20.59,0.5535,0,60,"Mar2018",0
22.9,"not",2.4,0.202,0,36,"Mar2018",2
17.09,"not",16.17,0.6002,0,36,"Feb2018",0
16.01,"source_only",35.03,0.7371,1,60,"Feb2018",6
10.91,"not",9.58,0.9102,0,36,"Mar2018",1
16.01,"source_only",20.43,0.8556,0,36,"Feb2018",14
6.72,"not",13.61,0.1267,0,36,"Jan2018",0
15.04,"source_only",13.68,0.7167,1,60,"Mar2018",4
14.08,"source_only",19.21,0.4305,0,36,"Jan2018",1
17.09,"verified",33.6,0.176,1,36,"Feb2018",3
9.44,"source_only",2.75,0.4308,0,36,"Jan2018",2
14.07,"source_only",6.84,0.0688,0,60,"Mar2018",0
16.02,"source_only",15.01,0.6644,0,36,"Jan2018",3
5.31,"source_only",18.62,0.1,0,36,"Mar2018",1
6.72,"not",18.71,0.2622,0,36,"Feb2018",3
5.32,"not",11.06,0.0839,0,36,"Jan2018",1
9.93,"not",14.31,0.5065,0,60,"Jan2018",0
9.93,"not",17.05,0.2274,0,36,"Jan2018",1
13.59,"verified",13.89,0.1914,0,60,"Feb2018",5
10.9,"source_only",19.5,0.1038,0,36,"Feb2018",3
13.59,"verified",15.4,0.3109,1,60,"Jan2018",6
6.72,"not",11.93,0.8778,0,36,"Feb2018",0
10.42,"not",17.7,0.0935,0,36,"Jan2018",0
14.07,"not",16.5,0.6681,0,36,"Mar2018",0
16.02,"source_only",31.27,0.759,0,36,"Feb2018",14
15.05,"source_only",29.64,0.5405,0,36,"Jan2018",3
18.45,"source_only",17.67,0.6401,0,36,"Mar2018",3
13.59,"verified",27.21,0.0959,0,36,"Feb2018",4
16.01,"source_only",20.47,0.2,0,60,"Mar2018",0
15.04,"not",13.29,0.5593,1,60,"Mar2018",0
19.03,"not",28.97,0.6684,0,60,"Jan2018",6
7.35,"source_only",3.46,0.0033,0,60,"Feb2018",0
9.43,"not",5.47,0.0641,2,36,"Mar2018",0
7.97,"not",26.71,0.5239,0,36,"Jan2018",0
20.39,"verified",17.41,0.3691,0,60,"Mar2018",3
10.42,"source_only",1.12,0.1584,0,60,"Jan2018",1
7.97,"source_only",10.37,0.3068,0,36,"Jan2018",11
7.34,"verified",15.62,0.1239,0,60,"Feb2018",0
11.98,"source_only",32.44,0.6803,0,60,"Mar2018",0
12.62,"not",21.12,0.4203,0,36,"Feb2018",0
15.05,"source_only",33.83,0.7993,1,36,"Feb2018",6
10.91,"source_only",6.41,0.9985,0,36,"Jan2018",1
11.99,"not",22.94,0.7889,1,60,"Feb2018",8
9.44,"not",35.68,0.3637,0,36,"Jan2018",2
9.92,"source_only",12.62,0.4656,0,36,"Mar2018",2
19.42,"verified",22.67,0.4427,1,36,"Mar2018",9
12.62,"source_only",13.49,0.0903,0,60,"Feb2018",0
14.07,"not",24.55,0.6955,0,36,"Feb2018",4
14.08,"not",14.5,0.6385,1,36,"Feb2018",3
12.61,"source_only",24.13,0.5508,0,36,"Mar2018",0
9.93,"not",15.99,1.0961,0,36,"Feb2018",1
26.3,"source_only",30.51,0.3507,0,60,"Feb2018",0
13.59,"source_only",4.27,0.0166,1,60,"Feb2018",1
9.93,"source_only",10.57,0.0664,0,36,"Feb2018",0
5.31,"not",16.27,0.0701,0,36,"Mar2018",5
6.71,"not",3.63,0.4308,0,36,"Mar2018",1
14.08,"source_only",34.4,0.2725,0,36,"Feb2018",2
9.92,"source_only",7.6,0.1764,1,36,"Mar2018",3
9.44,"source_only",46.5,0.2033,0,60,"Jan2018",2
9.93,"not",20.82,0.1166,0,36,"Jan2018",2
10.42,"not",6.8,0.7961,0,36,"Jan2018",10
14.08,"not",37.01,0.2185,0,36,"Feb2018",4
7.35,"verified",47.91,0.177,0,36,"Jan2018",3
17.09,"source_only",3.43,0.0944,0,60,"Feb2018",1
19.03,"source_only",34.53,0.0863,0,36,"Jan2018",5
19.42,"not",25.93,0.7151,0,36,"Mar2018",0
9.93,"source_only",15.87,0.1913,0,60,"Jan2018",3
10.42,"not",24.07,1.0153,0,36,"Jan2018",0
13.59,"source_only",19.53,0.5695,0,60,"Jan2018",0
7.35,"source_only",30.61,0.417,0,36,"Jan2018",0
16.01,"not",18.93,0.8199,0,36,"Mar2018",1
11.99,"source_only",22.6,0.9632,0,36,"Feb2018",1
7.34,"not",35.58,0.2884,0,36,"Mar2018",0
15.05,"source_only",0.6,0.0975,0,60,"Feb2018",0
14.08,"not",19.8,0.5807,0,36,"Jan2018",0
7.35,"source_only",1.99,0.0359,0,36,"Jan2018",7
11.98,"verified",23.29,0.4747,1,36,"Mar2018",1
11.98,"source_only",29.02,0.2889,0,60,"Feb2018",1
7.35,"source_only",20.34,0.134,0,60,"Jan2018",5
12.62,"not",45.75,0.8022,0,36,"Feb2018",0
14.07,"source_only",20.27,0.5482,0,60,"Feb2018",0
17.47,"source_only",9.76,1.0304,0,36,"Mar2018",0
6.07,"not",16.51,0.1528,0,36,"Mar2018",1
19.03,"verified",81.61,0.717,0,60,"Jan2018",1
9.43,"verified",49.32,0.4831,0,60,"Mar2018",1
13.59,"source_only",8.31,0.068,1,36,"Jan2018",10
7.96,"source_only",13.33,0.4249,0,36,"Mar2018",1
12.62,"verified",48.96,0.2767,0,36,"Feb2018",1
7.96,"source_only",15.57,0.0721,0,36,"Mar2018",8
15.04,"verified",21.28,0.2892,0,36,"Mar2018",3
11.98,"not",18.75,0.0542,0,60,"Mar2018",0
23.88,"verified",29.73,0.157,0,60,"Jan2018",1
18.06,"source_only",24.96,0.8611,0,36,"Jan2018",0
21.45,"verified",30.09,0.4715,0,36,"Jan2018",2
10.9,"verified",21.09,0.0768,0,60,"Mar2018",2
14.08,"source_only",34.59,0.7178,0,60,"Feb2018",0
16.02,"not",22.15,0.4579,0,36,"Jan2018",1
7.35,"not",26.03,0.1117,0,36,"Feb2018",2
6.08,"not",4.43,0.47,0,36,"Feb2018",1
20,"not",34.82,0.8149,0,36,"Jan2018",0
9.43,"source_only",20.89,0.7875,0,36,"Mar2018",0
17.47,"verified",36.28,0.2534,1,36,"Mar2018",8
9.43,"not",13.98,0.2787,0,60,"Feb2018",3
26.77,"not",45.37,0.62,0,60,"Mar2018",1
7.97,"not",8.32,0.2659,0,36,"Jan2018",3
15.05,"not",14.09,0.1657,0,36,"Jan2018",0
15.04,"verified",4.53,0.9805,0,36,"Mar2018",0
11.99,"not",34.21,0.3777,1,36,"Feb2018",1
9.93,"verified",24.2,0.1456,0,36,"Feb2018",1
6.72,"not",3.23,0.0485,0,36,"Jan2018",0
9.44,"not",10.34,0.0859,0,60,"Feb2018",0
6.08,"source_only",5.84,0.0066,0,36,"Jan2018",4
19.03,"not",17.96,0.3152,1,36,"Jan2018",4
14.07,"source_only",4.55,0.9922,0,36,"Mar2018",0
10.91,"verified",26.5,0.1537,0,36,"Jan2018",3
15.04,"verified",27.99,0.2229,0,60,"Mar2018",1
7.97,"not",21.09,0.5061,0,36,"Jan2018",0
14.08,"not",19.71,0.7444,0,36,"Jan2018",2
10.91,"verified",28.46,0.1973,0,60,"Feb2018",2
10.91,"source_only",18.16,0.7251,0,36,"Jan2018",0
9.43,"not",8.76,0.0746,1,36,"Mar2018",3
9.92,"not",13.14,0.074,0,36,"Mar2018",4
10.91,"verified",14.65,0.1112,1,36,"Feb2018",10
21.45,"verified",13.85,0.7347,0,36,"Feb2018",0
13.59,"not",15.45,0.723,0,60,"Feb2018",2
6.71,"source_only",13.47,0.715,1,36,"Mar2018",0
6.71,"source_only",15.27,0.6619,0,36,"Mar2018",0
9.93,"source_only",14,0.4306,0,36,"Jan2018",3
9.92,"verified",39.45,0.1587,0,60,"Mar2018",0
11.98,"source_only",16.97,0.3252,0,60,"Mar2018",2
21.45,"not",1.97,0.2877,0,60,"Jan2018",0
9.93,"not",22.2,0.1226,0,60,"Feb2018",1
10.42,"source_only",36.93,0.794,1,36,"Jan2018",6
29.69,"verified",20.84,0.5209,0,60,"Jan2018",3
6.08,"source_only",26.58,0.4855,0,36,"Feb2018",1
18.06,"verified",35.99,0.6805,1,36,"Feb2018",0
9.92,"not",15.44,0.1056,0,36,"Mar2018",2
10.91,"not",9.89,0.3812,0,36,"Feb2018",0
10.91,"not",7.08,0.7465,0,36,"Jan2018",0
15.04,"source_only",20.68,0.707,0,36,"Mar2018",0
7.96,"not",9.75,0.837,0,36,"Mar2018",4
5.31,"not",43.96,0.0403,0,36,"Mar2018",2
19.42,"source_only",11.31,0.0505,1,60,"Mar2018",4
10.42,"not",27.32,0.4526,0,60,"Feb2018",2
13.59,"not",16.51,0.2903,0,36,"Jan2018",2
15.05,"not",29.65,0.3804,0,36,"Feb2018",0
13.58,"verified",43.6,0.5149,0,36,"Mar2018",1
9.43,"source_only",1.09,0.0239,0,60,"Feb2018",2
5.32,"source_only",14.08,0.0781,0,36,"Jan2018",1
9.93,"source_only",20.85,0.0893,0,36,"Jan2018",1
11.98,"verified",37.35,0.4323,0,60,"Mar2018",0
17.47,"verified",24.31,0.534,0,60,"Mar2018",2
12.62,"verified",27.19,0.6034,0,36,"Jan2018",2
10.42,"verified",18.51,0.1887,0,60,"Jan2018",3
9.43,"source_only",38.46,0.1869,0,36,"Feb2018",1
10.9,"not",23.04,0.3369,1,36,"Mar2018",0
16.02,"not",26.19,0.2219,0,60,"Jan2018",1
7.97,"source_only",15.18,0.4338,0,36,"Jan2018",0
7.35,"not",2.66,0.0197,0,60,"Jan2018",2
15.05,"source_only",22.38,0.6323,0,60,"Jan2018",2
11.99,"source_only",29.13,0.2174,0,36,"Feb2018",1
10.41,"source_only",28.63,0.2971,0,36,"Mar2018",9
9.93,"not",17.97,0.7119,0,36,"Jan2018",1
7.35,"not",15.7,0.4691,0,36,"Jan2018",0
7.34,"source_only",28.44,0.8073,0,60,"Mar2018",2
7.96,"source_only",14.39,0.1387,0,60,"Mar2018",8
13.58,"not",10,0.6046,0,36,"Feb2018",3
6.07,"source_only",11.4,0.0872,0,36,"Mar2018",0
14.07,"verified",12.09,0.833,0,36,"Mar2018",2
6.07,"not",7.93,0.3878,0,36,"Mar2018",0
9.93,"not",26.84,0.3498,0,36,"Jan2018",1
12.61,"not",19.36,0.0965,0,36,"Mar2018",2
5.32,"not",13.14,0.1619,0,36,"Feb2018",3
21.85,"verified",21.04,0.5665,0,36,"Mar2018",2
16.01,"verified",32.75,0.8214,1,36,"Feb2018",3
15.04,"not",20.97,0.1378,0,36,"Mar2018",1
5.31,"not",3.99,0.0429,0,36,"Feb2018",0
7.97,"not",23.84,0.6146,0,36,"Feb2018",5
12.62,"not",26.72,0.6424,0,60,"Jan2018",2
15.04,"verified",32.79,0.5876,0,60,"Mar2018",0
21.85,"verified",26.31,0.7387,0,36,"Feb2018",2
9.43,"not",27.48,0.1393,0,60,"Mar2018",0
9.44,"not",32.86,0.322,1,36,"Jan2018",2
6.07,"not",16.08,0.1181,1,36,"Mar2018",2
7.96,"source_only",14.08,0.5078,0,36,"Mar2018",0
20,"not",20.39,0.5634,0,36,"Jan2018",2
10.42,"not",15.2,0.9551,0,36,"Feb2018",0
19.42,"verified",29.76,0.4713,1,36,"Mar2018",1
7.35,"source_only",9.12,0.502,0,36,"Jan2018",2
11.98,"verified",7.7,0.1966,0,36,"Mar2018",1
13.58,"verified",9.73,0.6341,0,60,"Mar2018",6
20.39,"not",27.16,0.8376,0,36,"Mar2018",0
9.43,"source_only",9.42,0.0617,1,36,"Mar2018",6
7.35,"not",20.45,0.5981,0,60,"Jan2018",4
15.04,"verified",15.92,0.8036,0,36,"Mar2018",4
12.62,"verified",14.2,0.0454,0,36,"Feb2018",2
5.32,"source_only",1.66,0.203,0,36,"Feb2018",2
9.92,"not",12.35,0.5657,0,36,"Mar2018",1
6.07,"source_only",18.33,0.3843,0,36,"Feb2018",2
20,"source_only",10.15,0.1462,0,60,"Feb2018",8
10.41,"verified",32.53,0.6311,0,36,"Mar2018",0
6.07,"source_only",11.88,0.4012,0,36,"Mar2018",1
11.99,"not",28.03,0.3481,0,36,"Jan2018",3
7.96,"not",7.93,0.6775,0,36,"Mar2018",2
10.91,"source_only",36.31,0.3676,0,36,"Feb2018",10
15.05,"source_only",13.07,0.728,0,60,"Jan2018",1
10.42,"not",20.19,0.7557,1,36,"Jan2018",0
7.97,"source_only",14.38,0.4108,0,36,"Feb2018",2
10.41,"not",4.47,0.5176,0,36,"Mar2018",2
9.93,"not",12.3,0.3257,0,36,"Mar2018",1
9.93,"not",25.56,0.2012,0,36,"Jan2018",0
7.35,"source_only",19.03,0.5146,0,36,"Feb2018",0
18.06,"source_only",31.72,0.6607,0,36,"Jan2018",3
6.08,"source_only",29.08,0.2904,0,36,"Jan2018",0
6.07,"source_only",18.3,0.1796,0,36,"Mar2018",0
6.71,"source_only",7.79,0.0245,0,36,"Mar2018",3
9.92,"not",18.11,0.6823,0,36,"Feb2018",1
14.08,"source_only",23.47,0.4517,0,36,"Jan2018",3
10.42,"not",21.64,0.3803,0,36,"Jan2018",3
18.06,"not",25.11,0.5052,0,36,"Jan2018",0
26.3,"source_only",35.32,0.1595,0,36,"Feb2018",1
15.05,"verified",5.85,0.277,0,36,"Jan2018",1
15.05,"source_only",40.8,0.3282,0,60,"Jan2018",4
10.91,"source_only",26.98,0.519,0,36,"Jan2018",2
7.97,"verified",10.82,0.7328,0,36,"Jan2018",4
7.96,"not",20.08,0.4886,0,36,"Feb2018",1
7.97,"not",13.34,0.1915,0,36,"Feb2018",3
5.32,"source_only",21.35,0.5313,1,36,"Jan2018",2
14.08,"source_only",24.53,0.2628,0,60,"Feb2018",1
7.97,"not",27.96,0.344,0,36,"Feb2018",2
21.85,"verified",35.35,0.882,0,36,"Mar2018",1
13.59,"source_only",7.52,0.1123,0,60,"Jan2018",1
9.92,"not",9.59,0.8118,0,60,"Mar2018",3
18.45,"verified",23.35,0.5222,0,60,"Mar2018",4
20,"source_only",20.16,0.2586,0,60,"Feb2018",1
5.32,"not",9.12,0.4846,1,36,"Jan2018",2
13.59,"source_only",3.75,0.746,0,36,"Feb2018",0
6.72,"verified",3.26,0.5807,1,36,"Jan2018",4
15.05,"verified",39.25,0.3082,0,36,"Mar2018",4
10.42,"not",16.34,0.7846,0,36,"Jan2018",1
7.97,"not",8.04,0.2465,0,36,"Jan2018",1
7.34,"verified",9.83,0.0618,0,60,"Mar2018",2
15.05,"source_only",8.21,0.5395,0,36,"Feb2018",0
19.03,"not",21.03,0.0852,0,36,"Jan2018",6
20.39,"verified",17.49,0.8696,0,36,"Feb2018",2
9.92,"not",11.6,0.9542,0,60,"Mar2018",2
16.02,"source_only",32.19,0.6349,0,36,"Feb2018",0
16.01,"verified",12.14,0.1408,0,60,"Mar2018",2
24.85,"not",31.1,0.4443,0,60,"Jan2018",10
24.84,"not",38.21,0.2119,0,60,"Mar2018",2
13.59,"source_only",38.39,0.9766,0,60,"Feb2018",2
13.58,"not",39.89,0.2532,0,60,"Mar2018",5
6.08,"not",7.04,0.0461,0,36,"Jan2018",0
7.35,"verified",19.58,0.2747,0,36,"Jan2018",0
7.35,"source_only",21.67,0.1843,0,36,"Jan2018",0
13.58,"not",7.05,0.519,0,36,"Mar2018",9
9.44,"not",9.69,0.6651,0,36,"Jan2018",0
17.09,"verified",22.53,0.5582,0,60,"Feb2018",10
12.62,"source_only",28.6,0.6081,0,36,"Feb2018",1
12.61,"source_only",10.29,0.1157,1,60,"Mar2018",0
7.34,"source_only",8.17,0.4674,0,36,"Mar2018",0
19.03,"verified",21.08,0.3462,0,36,"Jan2018",3
6.71,"not",29.92,0.2806,0,36,"Mar2018",0
6.08,"not",13.41,0.0325,0,36,"Feb2018",0
10.42,"not",7.97,0.6528,0,36,"Feb2018",0
9.92,"not",31.45,0.2432,0,36,"Mar2018",3
19.42,"verified",18.92,0.6102,1,36,"Mar2018",3
14.07,"verified",23.64,0.3507,0,60,"Mar2018",4
7.35,"not",10.92,0.2633,0,60,"Feb2018",4
18.45,"verified",31.29,0.234,0,36,"Mar2018",1
6.08,"source_only",27.95,0.1913,0,36,"Jan2018",0
12.62,"verified",20.18,0.7809,0,36,"Jan2018",0
15.04,"source_only",8.96,0.5422,0,36,"Mar2018",0
7.35,"not",21.83,0.1278,0,60,"Jan2018",0
6.07,"not",16.17,0.1768,0,36,"Mar2018",3
6.72,"not",25.9,0.2,0,36,"Jan2018",0
5.32,"not",6.51,0.601,0,36,"Jan2018",1
26.3,"verified",24.42,0.8362,1,60,"Jan2018",0
7.35,"verified",15.16,0.114,0,60,"Feb2018",4
10.9,"verified",60.22,0.7861,0,36,"Mar2018",2
9.93,"source_only",13.84,0.1706,0,36,"Jan2018",4
15.05,"not",17.48,0.1725,0,36,"Jan2018",3
6.07,"not",23.28,0.8744,0,36,"Feb2018",4
5.32,"not",19.15,0.2684,0,36,"Jan2018",1
18.06,"not",15.89,0.1115,0,36,"Feb2018",3
26.3,"verified",26.72,0.516,1,60,"Feb2018",4
14.07,"source_only",12.56,0.6401,0,36,"Mar2018",3
19.03,"source_only",134.53,0.4619,0,60,"Jan2018",4
15.05,"source_only",10.41,0.6889,0,60,"Feb2018",0
6.72,"not",8.87,0.2413,0,36,"Feb2018",2
14.08,"verified",21.75,0.2105,0,36,"Jan2018",1
11.99,"source_only",3.18,0.0304,0,36,"Jan2018",1
5.31,"not",10.98,0.1008,0,36,"Mar2018",0
23.87,"verified",7.72,0.6725,0,60,"Feb2018",13
9.43,"not",20.48,0.6684,0,36,"Mar2018",2
6.72,"source_only",17.18,0.216,0,36,"Feb2018",0
19.03,"verified",26.1,0.8048,0,60,"Jan2018",0
11.99,"source_only",24.81,0.2633,0,36,"Jan2018",2
21.45,"source_only",17.37,0.5336,0,60,"Jan2018",2
6.08,"source_only",7.65,0.1218,0,36,"Feb2018",2
11.98,"source_only",20.1,0.3425,1,36,"Feb2018",8
9.43,"source_only",20.25,0.8447,0,36,"Mar2018",1
5.32,"not",4.93,0.1067,0,36,"Feb2018",0
10.9,"source_only",62.57,0.3806,0,36,"Mar2018",0
7.34,"not",28.82,0.0986,0,36,"Mar2018",2
10.9,"source_only",4.84,0.2548,1,36,"Mar2018",0
6.72,"verified",26.69,0.6022,0,36,"Jan2018",0
10.42,"verified",22.65,0.1407,1,60,"Feb2018",9
10.9,"source_only",34.72,0.3343,0,36,"Mar2018",2
17.47,"verified",8.94,0.0216,0,60,"Mar2018",1
16.01,"source_only",18.99,0.788,1,36,"Mar2018",1
11.99,"not",5.31,0.3527,0,36,"Feb2018",1
26.3,"source_only",7.46,0.6656,1,60,"Jan2018",0
9.44,"not",26.4,0.1216,0,60,"Jan2018",0
10.42,"verified",43.95,0.2494,0,60,"Jan2018",3
11.98,"source_only",5.25,0.3065,0,60,"Mar2018",8
7.96,"verified",15.81,0.4521,1,36,"Mar2018",1
11.98,"not",6.02,0.4211,0,36,"Mar2018",0
5.32,"source_only",15.13,0.1073,0,36,"Jan2018",2
6.72,"not",20.07,0.1041,0,36,"Jan2018",0
9.44,"source_only",0.69,0.0627,1,36,"Feb2018",4
6.07,"source_only",15.74,0.1128,0,36,"Mar2018",1
21.45,"source_only",28.68,0.896,0,36,"Feb2018",9
12.62,"verified",25,0.1115,0,36,"Jan2018",1
13.58,"source_only",24.58,0.4634,0,36,"Mar2018",5
25.82,"verified",34.28,0.4393,0,60,"Jan2018",1
5.31,"not",6.72,0.0077,0,36,"Mar2018",2
15.04,"source_only",4.32,0.0691,0,60,"Feb2018",5
6.08,"not",7.83,0.5098,0,36,"Feb2018",2
10.42,"not",11.4,0.186,0,36,"Feb2018",3
6.72,"source_only",10.08,0.1232,0,36,"Jan2018",2
16.02,"not",25.02,0.8362,0,60,"Feb2018",2
22.9,"source_only",24.86,1.1678,0,60,"Mar2018",1
15.04,"source_only",4.53,0.0246,0,60,"Mar2018",0
10.41,"source_only",1.94,0.2694,0,36,"Mar2018",5
9.93,"source_only",29.26,0.1248,0,36,"Jan2018",2
15.05,"not",6.16,0.0677,0,60,"Jan2018",1
16.02,"source_only",9.52,0.0743,0,60,"Jan2018",1
26.77,"source_only",34.31,0.7007,0,36,"Mar2018",0
12.62,"source_only",13.38,0.0706,0,36,"Jan2018",1
13.58,"not",13.85,0.1352,0,60,"Mar2018",0
9.44,"verified",23.54,0.4077,0,60,"Jan2018",1
10.42,"source_only",10.24,0.8668,0,36,"Feb2018",0
10.9,"not",24.75,0.0928,0,60,"Mar2018",2
11.99,"source_only",26.09,0.8474,0,36,"Feb2018",1
9.44,"source_only",8.02,0.2858,0,36,"Jan2018",1
9.93,"source_only",25.74,0.2629,0,36,"Feb2018",1
14.08,"verified",23.7,0.5059,0,60,"Jan2018",2
11.98,"source_only",9.8,0.7537,0,36,"Mar2018",1
11.99,"source_only",70.21,0.9317,0,60,"Jan2018",1
16.02,"verified",31.06,0.1491,0,36,"Feb2018",1
9.43,"not",20.94,0.1927,0,36,"Mar2018",13
5.31,"not",13.59,0.1617,0,36,"Feb2018",4
9.93,"not",10.92,0.1775,0,36,"Feb2018",1
15.05,"source_only",20.9,0.4779,0,60,"Jan2018",4
9.43,"not",12.81,0.1334,0,36,"Mar2018",1
16.02,"not",37.5,0.4008,0,36,"Feb2018",0
15.04,"source_only",21.8,0.1575,0,60,"Mar2018",2
9.93,"source_only",18.4,0.2943,0,36,"Jan2018",4
14.08,"source_only",22.52,0.3576,1,36,"Feb2018",1
7.35,"source_only",12.64,0.566,0,60,"Feb2018",6
5.32,"not",17.27,0.0728,0,36,"Feb2018",1
20,"verified",31.92,0.2326,0,60,"Feb2018",0
10.42,"verified",0,0,0,36,"Jan2018",0
6.08,"not",12.6,0.1458,0,36,"Jan2018",0
5.32,"not",23.16,0.1252,0,36,"Jan2018",1
9.92,"source_only",17.24,0.2127,0,36,"Mar2018",3
14.07,"verified",31.4,0.2917,1,60,"Mar2018",2
9.93,"verified",36.28,0.7785,0,36,"Jan2018",4
6.72,"source_only",13.27,0.1534,0,36,"Jan2018",1
15.04,"verified",18.46,0.8747,0,36,"Mar2018",2
9.44,"source_only",32.88,0.6171,0,36,"Feb2018",2
10.91,"verified",28.8,0.1768,1,36,"Feb2018",2
9.93,"not",15.09,0.6398,0,60,"Jan2018",0
13.59,"verified",33.99,0.2903,0,36,"Jan2018",0
7.96,"source_only",10.98,0.1973,0,36,"Mar2018",1
16.01,"verified",12.03,0.4334,0,60,"Mar2018",1
10.42,"not",19.16,0.7237,0,36,"Jan2018",1
9.92,"not",20.29,0.0972,0,36,"Mar2018",0
9.93,"not",27.41,0.1009,0,36,"Feb2018",1
17.09,"not",15.84,0.6405,1,36,"Feb2018",4
7.35,"verified",8.54,0.5029,0,36,"Feb2018",3
16.02,"not",7.68,0.691,1,36,"Jan2018",3
13.59,"not",13.5,0.5452,0,36,"Feb2018",4
15.05,"source_only",10.49,0.0549,0,60,"Feb2018",4
17.09,"source_only",16.11,0.6894,0,60,"Feb2018",2
7.97,"not",17.52,0.098,0,36,"Feb2018",3
6.71,"not",12.78,0.6665,0,36,"Mar2018",0
15.04,"verified",16.27,0.079,1,60,"Mar2018",3
15.05,"source_only",8.08,0.0896,0,60,"Feb2018",2
30.75,"verified",49.26,0.747,0,60,"Mar2018",4
19.03,"not",19.24,0.947,0,36,"Feb2018",0
10.9,"source_only",13.35,0.231,0,36,"Feb2018",4
13.59,"not",15.26,0.3204,1,36,"Jan2018",3
9.92,"source_only",21.91,0.2282,0,60,"Mar2018",2
9.93,"source_only",28.94,0.133,0,60,"Jan2018",2
11.99,"source_only",19.31,0.2652,0,36,"Jan2018",5
9.44,"not",31.67,0.1567,1,60,"Feb2018",1
12.61,"not",28.98,0.8101,0,36,"Feb2018",2
7.97,"source_only",15.12,0.3507,0,36,"Feb2018",1
10.9,"source_only",25.16,0.2061,0,60,"Mar2018",3
11.99,"not",9.39,0.421,0,36,"Feb2018",0
10.42,"source_only",5.17,0.039,1,36,"Feb2018",4
18.45,"not",24.13,0.6943,0,36,"Mar2018",1
12.61,"source_only",23.92,0.5987,0,60,"Feb2018",3
7.96,"not",31.64,0.6986,0,36,"Mar2018",0
6.71,"verified",19.62,0.5555,0,36,"Mar2018",0
17.47,"verified",24.65,0.51,0,60,"Mar2018",0
9.93,"verified",22.47,0.2446,0,60,"Jan2018",0
13.58,"source_only",15.24,0.7143,0,36,"Mar2018",0
6.71,"not",16.93,0.3494,0,36,"Mar2018",6
19.03,"verified",23.79,0.733,0,60,"Jan2018",8
19.42,"verified",17.43,0.7455,0,60,"Mar2018",1
5.32,"source_only",13.47,0.1105,0,36,"Jan2018",0
26.3,"verified",3.47,0.0712,0,60,"Feb2018",2
11.98,"not",18.79,0.1298,1,60,"Mar2018",3
9.93,"source_only",7.44,0.0474,0,36,"Jan2018",1
5.32,"source_only",7.94,0.0994,0,36,"Feb2018",0
11.99,"source_only",21.23,0.1452,0,36,"Feb2018",2
11.99,"source_only",15.04,0.1936,0,36,"Jan2018",5
21.45,"verified",11.63,0.3027,0,60,"Feb2018",7
12.61,"not",23.98,0.8218,0,36,"Mar2018",0
7.96,"verified",24.03,0.5887,0,36,"Mar2018",5
11.98,"not",29.53,0.2452,0,60,"Feb2018",2
9.44,"source_only",16.32,0.0867,1,36,"Jan2018",3
6.71,"verified",0.78,0.0514,0,36,"Feb2018",0
9.44,"source_only",9.73,0.1558,0,60,"Feb2018",8
9.93,"source_only",5.6,0.4899,1,36,"Feb2018",0
5.32,"verified",18.22,0.3726,0,36,"Feb2018",0
9.93,"source_only",22.18,0.3877,0,60,"Feb2018",7
5.32,"not",3.15,0.1487,0,36,"Jan2018",1
13.59,"source_only",12.64,0.1487,0,36,"Jan2018",14
15.05,"not",6.3,0.7207,0,36,"Jan2018",2
6.72,"source_only",17.4,0.154,0,36,"Jan2018",3
9.92,"verified",4.67,0.1834,0,36,"Mar2018",5
7.35,"not",22.98,0.4352,0,60,"Jan2018",1
12.62,"verified",1.86,0.0334,0,60,"Jan2018",2
7.96,"not",11.63,0.4087,0,36,"Mar2018",0
12.61,"verified",22.52,0.1455,0,36,"Mar2018",0
10.42,"not",25.59,0.7636,0,36,"Jan2018",0
24.85,"verified",31.93,0.9464,0,36,"Jan2018",0
21.45,"source_only",21.28,0.6491,0,60,"Jan2018",0
16.02,"not",49.69,0.595,0,60,"Feb2018",1
5.32,"not",7.47,0.1593,0,36,"Jan2018",1
15.05,"source_only",54.81,0.275,0,60,"Feb2018",1
16.01,"not",33.07,0.4509,0,36,"Feb2018",7
17.47,"source_only",18.69,1.2029,1,36,"Mar2018",4
7.96,"verified",49.44,0.4611,0,36,"Mar2018",1
13.58,"not",9.18,0.5889,1,36,"Feb2018",1
6.72,"source_only",15.56,0.1307,0,36,"Jan2018",0
6.07,"verified",19.2,0.2132,0,36,"Mar2018",2
6.08,"not",23.19,0.1109,0,36,"Jan2018",0
14.08,"source_only",4.1,0.5521,0,36,"Feb2018",2
12.62,"verified",13.53,0.5041,0,60,"Jan2018",5
7.97,"verified",24.79,0.7015,0,36,"Jan2018",1
19.03,"source_only",23.37,0.8588,0,60,"Jan2018",2
10.41,"not",8.45,0.2136,1,36,"Mar2018",1
9.44,"not",20.32,0.1445,0,36,"Feb2018",2
5.31,"not",6.34,0.4228,0,36,"Mar2018",0
19.03,"source_only",21.26,0.3993,0,36,"Jan2018",2
18.45,"verified",20.59,0.2418,0,60,"Mar2018",3
20,"source_only",23.96,0.6224,1,60,"Jan2018",0
6.08,"not",10.94,0.1784,0,36,"Jan2018",0
7.97,"not",18.03,0.3289,0,36,"Jan2018",0
6.72,"not",31.02,0.2928,0,36,"Feb2018",0
15.05,"verified",13.91,0.0976,0,36,"Jan2018",9
13.58,"source_only",30.47,0.7297,0,36,"Feb2018",0
13.59,"not",13.71,0.162,0,60,"Jan2018",0
6.07,"not",11.23,0.0578,0,36,"Mar2018",3
21.85,"not",15.78,0.5753,1,60,"Mar2018",2
9.93,"verified",50.77,0.1519,0,60,"Feb2018",0
21.85,"source_only",6.77,1.2124,0,60,"Mar2018",2
17.47,"source_only",25.55,0.2512,1,60,"Mar2018",5
12.62,"source_only",14.82,0.1211,0,60,"Jan2018",1
6.71,"not",12.73,0.4377,0,36,"Mar2018",1
11.99,"source_only",14.97,0.2433,0,36,"Jan2018",0
19.42,"not",35.4,1.0238,0,36,"Mar2018",1
9.92,"verified",9.45,0.8587,0,60,"Mar2018",1
7.34,"verified",12.86,0.1302,0,36,"Mar2018",0
12.61,"not",20.95,0.8647,1,36,"Feb2018",3
13.59,"source_only",12.76,0.1537,0,36,"Jan2018",5
17.09,"verified",39.77,0.4966,0,60,"Feb2018",0
7.97,"verified",6.7,0.1405,0,36,"Jan2018",0
19.42,"source_only",38.24,0.8495,0,60,"Mar2018",2
16.01,"verified",19.78,0.0511,0,36,"Mar2018",0
9.44,"source_only",22.78,0.3469,0,36,"Mar2018",4
21.45,"source_only",3.65,0.0103,0,36,"Jan2018",7
14.08,"source_only",15.33,0.6761,0,60,"Feb2018",0
15.04,"verified",31.13,0.8131,0,36,"Mar2018",1
16.01,"not",8.05,0.3845,0,60,"Mar2018",0
9.43,"verified",45.47,0.7768,0,36,"Mar2018",3
14.08,"not",33.31,0.163,0,60,"Jan2018",4
10.9,"verified",10.77,0.0515,0,36,"Mar2018",5
7.96,"source_only",26.71,0.333,0,36,"Mar2018",7
6.08,"not",14.53,0.2245,0,36,"Feb2018",1
7.97,"not",30.06,0.6057,0,36,"Jan2018",2
9.92,"not",20.5,0.5305,0,60,"Mar2018",0
15.04,"source_only",19.08,0.27,0,60,"Mar2018",5
14.08,"not",18.14,0.6804,0,36,"Jan2018",0
6.71,"not",27.31,0.6296,0,36,"Mar2018",8
10.42,"source_only",8.15,0.7047,0,36,"Jan2018",0
13.59,"not",26.62,0.5463,1,36,"Jan2018",2
13.59,"not",14.1,0.6642,0,60,"Jan2018",4
20,"not",34.75,0.6875,0,36,"Feb2018",0
9.44,"not",8.18,0.205,0,36,"Feb2018",1
6.72,"source_only",10.87,0.9926,0,36,"Jan2018",0
11.99,"verified",26.84,0.2789,0,60,"Jan2018",1
13.59,"source_only",13.55,0.5314,0,60,"Jan2018",1
11.99,"verified",13.66,0.1515,0,36,"Feb2018",3
13.59,"not",29.39,0.4461,0,60,"Feb2018",3
10.91,"source_only",9.34,0.0736,0,36,"Jan2018",1
21.45,"verified",18.25,0.6732,0,60,"Mar2018",1
6.08,"not",21.08,0.2678,0,36,"Feb2018",2
5.32,"not",15.74,0.3261,0,36,"Feb2018",0
18.06,"not",15.23,1.4021,0,36,"Feb2018",0
21.85,"source_only",9.44,0.6373,0,60,"Mar2018",1
23.87,"verified",20.11,0.7817,0,60,"Mar2018",1
5.31,"not",9.5,0.5596,0,36,"Mar2018",0
6.71,"source_only",6.42,0.1141,0,36,"Mar2018",3
19.42,"verified",18.81,0.6485,0,36,"Mar2018",1
7.97,"not",21.03,0.4378,0,36,"Jan2018",0
7.97,"not",22.72,0.3802,0,36,"Feb2018",0
16.02,"verified",16.17,0.098,0,36,"Feb2018",2
18.06,"not",29.4,0.5002,0,60,"Feb2018",8
5.31,"not",6.71,0.0268,0,36,"Mar2018",2
10.91,"verified",27.42,0.8757,0,36,"Feb2018",2
15.04,"source_only",11.44,0.507,0,36,"Mar2018",2
13.58,"source_only",41.06,0.3693,0,60,"Mar2018",1
20.39,"source_only",31.88,0.2757,1,36,"Mar2018",1
18.06,"not",7.27,0.9732,0,36,"Jan2018",2
19.03,"verified",35.66,0.5687,0,60,"Jan2018",0
25.81,"verified",29.94,0.7766,1,60,"Feb2018",3
15.04,"source_only",28.59,0.6826,0,60,"Feb2018",4
7.96,"not",10.68,0.0111,0,36,"Mar2018",1
11.98,"source_only",3.21,0.0728,0,36,"Mar2018",10
5.32,"verified",40.75,0.4196,1,36,"Jan2018",0
16.01,"verified",30.75,0.5658,1,36,"Mar2018",2
9.92,"source_only",15.35,0.4033,0,60,"Mar2018",4
18.45,"verified",16.92,0.1591,0,36,"Mar2018",2
16.02,"source_only",11.44,0.5791,0,36,"Feb2018",2
7.97,"source_only",13.22,0.6956,0,36,"Jan2018",3
13.59,"not",21.22,0.6406,0,36,"Feb2018",0
16.01,"not",12.86,0.1096,0,60,"Mar2018",5
9.44,"not",10.6,0.1021,0,60,"Jan2018",0
11.99,"source_only",16.3,0.1123,0,36,"Jan2018",1
12.61,"not",18.09,0.101,0,60,"Mar2018",3
14.07,"not",18.7,0.3041,0,36,"Mar2018",4
10.91,"not",28.31,0.3728,0,36,"Feb2018",0
7.96,"source_only",7.96,0.6227,0,36,"Mar2018",1
7.97,"source_only",11.59,0.6485,0,36,"Jan2018",7
18.06,"verified",17.66,0.8774,0,36,"Jan2018",1
10.91,"source_only",4.56,0.08,0,36,"Mar2018",1
21.85,"verified",26.86,1.2273,0,36,"Mar2018",6
11.99,"source_only",29.73,0.3761,0,36,"Jan2018",3
10.91,"verified",16.35,0.6123,1,36,"Mar2018",1
15.05,"not",24.91,0.4859,0,36,"Feb2018",0
6.72,"not",4.46,0.4355,0,36,"Feb2018",0
9.93,"source_only",11.41,0.1981,0,36,"Jan2018",0
9.43,"verified",17.27,0.7026,0,36,"Feb2018",7
13.58,"not",34.73,0.4564,0,36,"Feb2018",2
10.9,"verified",36.32,0.4283,0,36,"Mar2018",1
12.62,"source_only",24.6,0.7345,1,36,"Feb2018",3
9.92,"not",7.16,0.226,0,36,"Mar2018",1
11.98,"source_only",19.76,0.0918,0,60,"Mar2018",1
15.05,"not",10.78,0.3639,0,36,"Jan2018",0
7.97,"not",22.25,0.4313,0,36,"Jan2018",0
18.45,"verified",21.28,0.6836,0,60,"Mar2018",2
15.04,"verified",22.11,0.221,0,60,"Feb2018",2
13.59,"source_only",10.62,0.0879,0,36,"Jan2018",1
12.62,"verified",0.84,0.2654,0,60,"Jan2018",0
9.44,"source_only",4.54,0.0432,0,36,"Jan2018",1
19.03,"source_only",13.73,0.5847,0,60,"Feb2018",10
6.71,"not",12.23,0.076,0,36,"Mar2018",1
28.72,"not",0.598972222222222,0.6749,0,60,"Feb2018",0
7.96,"not",10.14,0.5431,1,36,"Mar2018",4
10.91,"source_only",42.67,0.3376,0,36,"Jan2018",1
21.85,"verified",24.53,0.7455,0,36,"Mar2018",0
9.93,"not",10.95,0.5969,0,60,"Feb2018",0
9.93,"source_only",9.13,0.4345,0,36,"Jan2018",2
6.07,"source_only",5.82,0.0237,0,36,"Mar2018",10
12.61,"source_only",7.85,0.2572,1,60,"Mar2018",1
18.45,"source_only",20.13,0.1421,1,60,"Mar2018",1
14.07,"verified",21.91,0.3336,0,36,"Mar2018",1
6.07,"verified",14.85,0.0636,0,36,"Mar2018",0
16.01,"source_only",9.18,0.9054,0,60,"Mar2018",0
6.72,"verified",24.31,0.4242,0,36,"Jan2018",0
7.35,"not",13.09,0.2182,1,36,"Jan2018",1
9.92,"verified",23.52,0.9438,1,36,"Mar2018",1
12.62,"not",28.72,0.1404,0,36,"Jan2018",0
16.02,"source_only",22.19,0.6221,0,60,"Feb2018",0
11.99,"source_only",44.72,0.9166,0,36,"Feb2018",5
13.59,"verified",32.36,0.0642,0,36,"Jan2018",1
9.43,"source_only",12.14,0.1059,0,36,"Mar2018",3
6.08,"not",14.08,0.2284,0,36,"Feb2018",0
11.98,"not",35.8,0.5123,0,36,"Mar2018",4
9.44,"source_only",26.88,0.4907,0,36,"Jan2018",0
7.97,"verified",38.96,0.5343,1,36,"Jan2018",0
10.42,"not",1.85,0.1209,1,36,"Jan2018",1
7.97,"source_only",21.31,0.6143,0,36,"Jan2018",0
12.62,"source_only",27.37,0.7864,0,60,"Jan2018",3
11.99,"verified",38.55,0.3191,0,60,"Feb2018",2
13.59,"source_only",7.14,0.9309,1,60,"Jan2018",2
21.45,"verified",26.33,0.4125,0,36,"Jan2018",0
7.34,"source_only",1.18,0.018,0,36,"Mar2018",1
18.06,"source_only",12.8,0.336,0,36,"Jan2018",1
7.34,"verified",34.93,0.4468,0,36,"Mar2018",0
9.92,"verified",7.51,0.1777,0,60,"Mar2018",1
16.01,"source_only",23.31,0.2934,0,60,"Mar2018",2
10.9,"source_only",28.06,0.2286,0,36,"Mar2018",3
9.44,"source_only",9.36,0.4717,0,36,"Feb2018",2
25.82,"not",7.59,0.47,0,60,"Jan2018",0
20.39,"source_only",14.37,0.6706,0,60,"Feb2018",0
7.97,"source_only",8.83,0.0861,0,36,"Jan2018",2
10.91,"source_only",8.55,0.2258,0,36,"Jan2018",2
10.41,"source_only",32.41,1.0507,0,36,"Mar2018",0
10.42,"source_only",29.6,0.2093,0,36,"Feb2018",2
26.3,"not",24.11,0.3431,0,60,"Jan2018",1
7.96,"source_only",13.98,0.1842,0,36,"Mar2018",5
15.04,"not",23.2,0.5672,0,60,"Mar2018",0
19.42,"not",32,0.3016,0,60,"Mar2018",1
6.08,"verified",137.52,0.0798,0,36,"Feb2018",0
7.34,"not",6.5,0.0552,0,60,"Mar2018",1
18.06,"source_only",10.32,0.1369,0,36,"Jan2018",1
5.32,"not",21.4,0.1049,0,36,"Jan2018",3
11.99,"source_only",11.99,0.1433,0,36,"Jan2018",2
5.31,"source_only",5.64,0.0871,0,36,"Mar2018",0
7.35,"source_only",20.25,0.2018,0,36,"Jan2018",9
11.99,"source_only",13.07,0.6016,0,36,"Jan2018",0
9.44,"verified",21.48,0.3614,0,36,"Feb2018",1
21.45,"verified",13.16,0.1825,0,36,"Jan2018",1
6.08,"verified",36.91,0.6472,0,36,"Jan2018",2
12.62,"verified",7.58,0.4795,0,36,"Jan2018",6
11.99,"verified",18.05,0.2544,0,60,"Jan2018",11
7.97,"verified",19.63,0.6091,0,36,"Feb2018",0
10.42,"verified",69.36,0.3333,0,60,"Feb2018",0
10.9,"source_only",16.61,0.359,0,36,"Mar2018",0
10.9,"source_only",11.36,0.1989,0,60,"Mar2018",1
15.05,"verified",29.15,0.5576,1,36,"Jan2018",2
16.02,"verified",11.91,0.2389,0,36,"Jan2018",5
9.93,"not",30.82,0.3925,0,36,"Feb2018",0
9.43,"source_only",28.58,0.1518,0,60,"Mar2018",0
14.07,"not",66.72,0.2009,0,60,"Mar2018",1
6.07,"not",32.1,0.3743,0,36,"Feb2018",5
19.03,"not",18.45,0.7564,0,36,"Feb2018",0
21.45,"not",13.14,0.503,0,36,"Feb2018",1
10.91,"source_only",16.03,0.8614,0,36,"Jan2018",1
9.44,"not",7.05,0.2285,0,60,"Feb2018",2
17.09,"source_only",4.96,0.7952,1,60,"Feb2018",1
18.45,"not",36.83,0.7369,0,36,"Mar2018",0
6.72,"source_only",22.34,0.8815,0,36,"Jan2018",1
16.02,"not",14.01,0.4854,1,36,"Mar2018",0
7.97,"source_only",15.15,0.1548,0,36,"Feb2018",0
17.09,"source_only",12.46,0.7293,1,60,"Jan2018",2
5.32,"not",24.99,0.2647,0,36,"Jan2018",7
16.02,"source_only",16.29,0.13,0,36,"Jan2018",3
9.92,"verified",16.38,0.1441,0,36,"Mar2018",0
6.07,"source_only",14.27,0.204,0,36,"Mar2018",0
11.98,"source_only",17.13,0.4462,0,36,"Mar2018",0
16.01,"not",9.88,0.3899,0,36,"Mar2018",3
18.06,"verified",8.19,0.1993,0,36,"Mar2018",2
6.71,"source_only",9.66,0.0624,0,36,"Mar2018",0
20,"source_only",14.11,0.1609,0,36,"Jan2018",8
12.62,"not",12.09,0.8811,0,36,"Jan2018",1
12.61,"not",12.78,0.4616,0,36,"Feb2018",3
12.62,"not",24.09,0.5926,0,60,"Jan2018",1
15.04,"source_only",1.87,0.0237,0,60,"Mar2018",3
5.32,"not",22.31,0.9522,0,36,"Jan2018",0
7.97,"source_only",12.43,0.7596,0,36,"Jan2018",8
14.07,"source_only",30.33,0.1338,0,60,"Mar2018",0
18.06,"source_only",22.61,0.9105,0,36,"Feb2018",4
10.91,"source_only",14.63,0.5832,0,36,"Feb2018",0
17.09,"verified",25.63,0.2372,0,60,"Jan2018",5
11.99,"not",49.84,0.2911,0,60,"Jan2018",0
21.45,"source_only",5.77,0.8097,0,36,"Jan2018",3
17.09,"source_only",15.56,0.8511,0,36,"Feb2018",5
6.08,"not",6.36,0.0915,0,36,"Jan2018",0
10.42,"verified",13.43,0.5395,0,60,"Jan2018",2
23.88,"verified",8.27,0.2684,0,60,"Jan2018",8
6.08,"not",29.71,0.6889,0,36,"Jan2018",0
24.84,"not",33.47,0.7107,0,36,"Mar2018",2
6.07,"not",26.17,0.1781,0,36,"Mar2018",2
9.44,"not",21.22,0.456,0,36,"Jan2018",1
6.08,"source_only",9.91,0.1202,0,36,"Feb2018",0
19.03,"not",19.75,1.0691,0,36,"Jan2018",0
30.17,"source_only",23.48,0.2384,1,60,"Mar2018",3
14.07,"source_only",5.82,0.72,1,36,"Mar2018",0
6.71,"source_only",20.85,0.3442,1,36,"Feb2018",1
15.05,"not",6.24,0.1504,0,36,"Jan2018",4
21.85,"source_only",39.27,0.3352,1,36,"Mar2018",0
7.97,"source_only",25.06,0.2156,0,36,"Jan2018",4
6.72,"not",9.44,0.2805,0,36,"Jan2018",1
6.07,"not",6.97,0.5431,0,36,"Mar2018",0
9.93,"not",28.98,0.5413,0,36,"Feb2018",1
17.47,"verified",36.53,0.2893,0,60,"Mar2018",0
20.39,"verified",10.62,0.1314,0,36,"Mar2018",0
6.72,"not",29.68,0.6947,0,36,"Jan2018",1
9.92,"source_only",19.72,0.2063,0,36,"Feb2018",5
14.07,"not",14.07,0.8198,0,36,"Mar2018",0
9.93,"source_only",14.63,0.6462,0,60,"Feb2018",0
5.32,"not",16.92,0.1647,0,36,"Jan2018",1
5.31,"not",18.14,0.2851,0,36,"Mar2018",1
6.08,"source_only",22.95,0.2244,0,36,"Jan2018",0
11.98,"not",18.48,0.2353,0,36,"Mar2018",5
11.99,"source_only",16.78,0.9893,1,36,"Jan2018",2
9.43,"source_only",7.83,0.0562,0,36,"Mar2018",3
14.08,"not",10,0.0707,0,36,"Feb2018",1
5.31,"source_only",13.13,0.1252,0,36,"Mar2018",0
21.85,"not",16.13,0.6195,0,60,"Mar2018",4
14.07,"source_only",22.59,0.2705,0,36,"Mar2018",2
6.72,"not",6.78,0.1683,0,36,"Feb2018",1
17.09,"not",38.8,0.7825,0,60,"Feb2018",6
21.45,"source_only",19.42,0.4582,0,36,"Feb2018",3
11.98,"not",11.23,0.4278,0,36,"Mar2018",1
9.43,"source_only",9.81,0.1728,0,36,"Mar2018",0
26.3,"verified",25.44,0.8717,0,60,"Jan2018",1
21.45,"not",29.49,0.774,0,60,"Feb2018",2
9.43,"verified",14.9,0.2061,0,60,"Mar2018",5
16.01,"not",33.45,0.4891,0,36,"Mar2018",1
14.08,"source_only",16.43,0.6777,0,36,"Feb2018",2
7.97,"verified",27.61,0.5663,0,36,"Feb2018",5
9.93,"not",9.63,0.1849,0,60,"Feb2018",4
5.31,"source_only",11.29,0.1034,0,36,"Mar2018",4
16.01,"not",35.47,0.7889,0,36,"Mar2018",2
15.04,"source_only",25.35,0.1215,0,36,"Mar2018",0
18.45,"verified",23.72,0.6971,0,60,"Mar2018",0
6.72,"verified",13.83,0.1281,0,36,"Feb2018",0
7.96,"not",15.22,0.0739,0,36,"Mar2018",2
10.9,"source_only",27.59,0.0775,0,60,"Mar2018",1
7.96,"source_only",12.02,0.6293,0,36,"Mar2018",3
6.07,"source_only",6.84,0.3582,0,36,"Mar2018",1
15.05,"source_only",15.15,0.8491,1,60,"Jan2018",3
5.31,"source_only",15.08,0.8674,0,36,"Mar2018",2
15.04,"not",10.72,0.54,0,60,"Mar2018",4
11.99,"source_only",14.37,0.0974,0,60,"Jan2018",0
7.35,"not",10.13,0.3097,0,60,"Jan2018",2
13.59,"not",13.78,0.9326,0,36,"Jan2018",2
15.04,"not",12.27,0.5769,0,60,"Mar2018",0
9.43,"not",9.32,0.4928,1,36,"Feb2018",0
7.35,"not",13.71,0.0908,0,36,"Jan2018",2
13.58,"verified",12.21,0.2621,0,36,"Mar2018",6
11.99,"not",31.44,0.2966,0,36,"Jan2018",0
7.35,"verified",20.64,0.2082,0,36,"Feb2018",3
20.39,"not",17.16,0.5432,0,36,"Mar2018",0
10.91,"not",186,0.5221,0,36,"Feb2018",0
17.09,"verified",18.9,0.1315,0,60,"Jan2018",2
10.42,"not",22.6,0.3474,0,36,"Feb2018",0
9.44,"not",4.04,0.4502,0,36,"Jan2018",0
6.71,"verified",4.96,0.0412,0,36,"Mar2018",3
10.91,"not",27.47,0.4349,0,36,"Feb2018",0
12.62,"not",39.97,0.6718,0,36,"Jan2018",0
6.72,"source_only",8.75,0.2196,0,36,"Jan2018",0
24.84,"not",8.03,0.1569,1,36,"Mar2018",1
10.41,"source_only",11.66,0.2078,0,36,"Feb2018",1
9.92,"not",8.33,0.1428,1,36,"Mar2018",1
13.59,"source_only",14.18,0.1721,0,60,"Jan2018",9
15.04,"source_only",28.61,1.2715,0,36,"Mar2018",2
5.31,"not",10.69,0.1224,0,36,"Mar2018",0
9.44,"source_only",25.8,0.3404,0,36,"Jan2018",0
18.06,"source_only",13.33,0.2066,0,36,"Jan2018",1
11.99,"source_only",5.07,0.1246,0,36,"Feb2018",1
9.43,"not",6.73,0.2907,0,36,"Mar2018",7
6.07,"not",6.35,0.0881,0,36,"Mar2018",1
13.59,"not",44.26,0.3129,0,60,"Feb2018",3
17.47,"not",15.9,0.7493,0,36,"Mar2018",0
7.35,"not",32.48,0.2341,0,36,"Feb2018",2
7.35,"source_only",21.42,0.584,0,36,"Jan2018",0
11.99,"verified",43.93,0.1652,0,36,"Jan2018",6
10.9,"verified",29.32,0.563,0,60,"Mar2018",0
19.03,"verified",56.86,0.3894,0,60,"Feb2018",0
7.35,"source_only",19.42,0.6531,0,36,"Jan2018",3
10.42,"source_only",24.21,1.4274,1,36,"Jan2018",0
14.08,"source_only",27,0.2543,0,60,"Jan2018",0
12.62,"not",37.56,0.3905,0,36,"Feb2018",2
9.43,"not",28.02,0.1045,0,36,"Mar2018",3
16.02,"not",33.28,0.3241,0,36,"Jan2018",0
11.99,"verified",19.62,0.5771,1,60,"Jan2018",3
10.42,"not",12.56,0.0482,0,36,"Feb2018",2
6.71,"not",16.17,0.8652,0,36,"Feb2018",0
6.08,"not",24.96,0.2824,0,36,"Feb2018",1
12.62,"not",14.44,0.9454,0,36,"Jan2018",0
10.42,"verified",19.58,0.131,0,60,"Feb2018",2
10.41,"verified",29.8,0.252,0,36,"Feb2018",0
5.31,"source_only",17.68,0.2102,0,36,"Mar2018",0
11.98,"source_only",21.05,0.2016,0,36,"Mar2018",2
6.72,"not",19.64,0.1675,0,36,"Feb2018",4
26.77,"source_only",12.76,0.0761,0,36,"Mar2018",2
10.42,"source_only",10.35,0.4946,0,36,"Jan2018",2
9.43,"source_only",9.2,0.1583,0,36,"Mar2018",4
11.99,"not",14.47,0.6179,0,36,"Jan2018",1
7.35,"source_only",15.46,0.0928,0,36,"Jan2018",2
9.44,"source_only",15.76,0.2832,0,36,"Jan2018",1
10.42,"not",19.23,0.2304,0,36,"Feb2018",7
15.05,"not",19.62,0.7652,0,36,"Jan2018",0
16.01,"source_only",14.67,0.1074,0,60,"Mar2018",0
9.93,"source_only",20.42,0.4655,0,60,"Feb2018",0
9.44,"not",12.47,0.5912,0,36,"Jan2018",5
7.97,"not",6.37,0.7046,0,60,"Feb2018",1
17.09,"verified",17.73,0.5917,0,36,"Feb2018",2
18.06,"source_only",29.4,0.5841,0,60,"Jan2018",1
13.58,"not",8.68,0.5207,1,36,"Mar2018",3
9.93,"not",11.12,0.0688,0,60,"Feb2018",1
20,"not",40.4,0.7338,0,60,"Jan2018",0
9.43,"not",24.77,1.1491,0,36,"Mar2018",4
7.97,"source_only",15.21,0.3326,0,36,"Jan2018",2
16.01,"source_only",28.44,0.5548,0,60,"Mar2018",3
25.81,"verified",19.96,0.5851,0,60,"Mar2018",4
12.61,"source_only",21.55,0.1991,0,36,"Mar2018",8
21.85,"not",4.22,0.5116,0,60,"Mar2018",1
7.34,"not",27.45,0.7738,0,36,"Mar2018",5
7.96,"not",14.43,0.1066,1,36,"Mar2018",1
6.72,"source_only",7.73,0.4751,1,36,"Jan2018",0
11.99,"not",30.59,0.7254,0,60,"Jan2018",4
6.07,"not",34.69,0.2955,0,36,"Mar2018",9
5.31,"source_only",12.9,0.1285,0,36,"Mar2018",1
9.44,"source_only",35.02,0.2576,0,36,"Jan2018",11
24.85,"verified",21.19,0.1144,1,36,"Jan2018",3
13.59,"not",3.59,0.5692,0,36,"Jan2018",3
17.09,"not",13.06,0.1148,0,36,"Jan2018",0
17.47,"not",13.28,0.0783,0,36,"Mar2018",0
7.35,"verified",17.95,0.3851,0,60,"Jan2018",0
10.91,"not",27.2,0.5079,0,36,"Feb2018",2
9.43,"not",13.83,0.8437,0,36,"Mar2018",0
18.45,"source_only",12.62,0.5923,0,60,"Mar2018",1
7.34,"source_only",25.22,0.7069,0,36,"Mar2018",5
17.09,"verified",33.85,0.2035,1,36,"Jan2018",5
7.97,"source_only",3.92,0.1554,0,36,"Jan2018",1
19.42,"source_only",10.41,0.8064,0,36,"Mar2018",4
9.93,"source_only",1.24,0.1226,0,36,"Jan2018",3
17.09,"source_only",13.97,0.8254,0,60,"Jan2018",1
12.61,"verified",37.14,0.644,0,60,"Mar2018",4
20,"not",10.08,0.7844,0,60,"Jan2018",1
9.93,"not",30.93,0.5038,0,36,"Jan2018",2
7.35,"not",20.22,0.1513,0,36,"Jan2018",0
19.03,"not",22.26,0.2292,0,36,"Jan2018",0
18.06,"verified",68.74,0.3171,0,36,"Jan2018",0
6.72,"not",19.34,0.3828,0,36,"Jan2018",2
10.91,"verified",10.67,0.0788,0,36,"Jan2018",11
15.04,"verified",13.26,0.2753,0,36,"Mar2018",2
13.59,"source_only",12.67,0.0198,0,36,"Jan2018",0
9.44,"not",22.23,0.218,0,36,"Feb2018",0
20.39,"not",16.2,0.5253,1,60,"Mar2018",0
9.43,"not",10.26,0.1229,0,36,"Mar2018",0
11.99,"source_only",23.26,0.9568,0,36,"Feb2018",0
11.99,"source_only",16.13,0.0947,0,36,"Jan2018",0
13.58,"source_only",24.64,0.4891,0,36,"Mar2018",2
18.45,"verified",9.25,0.1385,0,36,"Feb2018",1
15.05,"source_only",32.28,0.4218,0,60,"Jan2018",4
7.97,"verified",25.95,0.2055,0,36,"Jan2018",0
10.42,"source_only",10.23,0.2576,0,36,"Jan2018",2
21.45,"verified",36.63,0.7172,0,36,"Feb2018",1
19.03,"not",25.94,0.492,0,36,"Jan2018",1
6.71,"source_only",10.19,0.5053,0,36,"Mar2018",3
21.85,"verified",30.31,0.2074,0,60,"Mar2018",5
12.62,"verified",10.69,0.0526,0,36,"Jan2018",1
13.58,"source_only",36.16,0.5339,0,36,"Mar2018",2
18.06,"not",29.89,0.8273,1,36,"Feb2018",3
10.9,"not",18.5,0.1175,0,60,"Mar2018",4
18.45,"source_only",26,0.1945,1,60,"Mar2018",2
6.72,"not",15.64,0.1037,0,36,"Jan2018",1
20,"verified",26.01,0.2284,0,36,"Jan2018",3
5.31,"verified",8.67,0.0818,0,36,"Mar2018",0
5.31,"not",7.9,0.1253,0,36,"Mar2018",4
9.93,"not",3.27,0.0598,0,60,"Jan2018",7
15.05,"source_only",30.88,0.9048,0,36,"Feb2018",9
7.96,"verified",37.26,0.78,0,36,"Feb2018",0
9.93,"source_only",8.24,1.0775,0,36,"Jan2018",3
7.34,"source_only",21.56,0.151,1,36,"Feb2018",2
14.08,"source_only",22.33,0.6605,0,36,"Jan2018",7
9.44,"source_only",7.47,0.0761,0,60,"Jan2018",2
21.85,"verified",17.26,0.1005,0,36,"Mar2018",8
14.07,"verified",22.84,0.2208,0,60,"Mar2018",0
12.62,"source_only",19.18,0.2491,0,60,"Jan2018",0
11.99,"not",33.15,0.4979,0,36,"Feb2018",0
6.71,"not",20.26,0.4781,0,36,"Mar2018",2
16.02,"source_only",11.86,0.8211,0,60,"Jan2018",0
9.93,"not",20.55,0.2203,0,36,"Jan2018",5
6.72,"not",14.52,0.547,0,36,"Jan2018",3
16.02,"source_only",19.2,0.0692,0,60,"Jan2018",0
9.44,"not",16.43,0.6564,1,36,"Feb2018",0
14.08,"verified",20.47,0.6927,0,60,"Jan2018",4
6.71,"not",24.37,0.5933,0,36,"Mar2018",0
7.34,"verified",16.46,0.1182,0,36,"Mar2018",7
12.62,"source_only",10.3,0.4525,0,36,"Jan2018",2
15.04,"source_only",10.01,0.0927,0,36,"Mar2018",2
9.92,"source_only",7.42,0.0592,0,36,"Mar2018",2
16.01,"not",4.8,0.5825,0,36,"Feb2018",0
14.07,"not",35.15,0.244,0,36,"Mar2018",1
18.45,"verified",22.09,0.7823,0,36,"Mar2018",1
16.01,"source_only",19.37,0.2295,1,36,"Mar2018",1
26.3,"source_only",8.02,0.5878,0,60,"Jan2018",0
26.77,"verified",0.46,1.3286,0,60,"Feb2018",3
13.58,"not",33.16,0.7782,0,36,"Mar2018",6
11.99,"source_only",13.56,1.0919,0,60,"Feb2018",0
9.93,"not",34.08,0.6665,0,36,"Feb2018",3
19.42,"source_only",23.8,0.0911,0,60,"Mar2018",4
7.96,"not",12.8,0.3955,0,36,"Feb2018",0
9.43,"not",5.15,0.3607,0,60,"Mar2018",0
14.08,"not",17.66,0.4102,0,60,"Feb2018",0
5.31,"not",3.12,0.1713,0,36,"Mar2018",1
9.93,"not",13.33,0.5203,0,60,"Feb2018",1
18.06,"verified",17.25,0.8701,0,60,"Mar2018",5
17.09,"not",10.61,0.9802,0,36,"Jan2018",4
7.97,"not",23.06,0.2164,1,36,"Jan2018",0
17.47,"not",12.79,1.0072,0,36,"Mar2018",5
25.81,"not",16.53,0.8728,0,36,"Mar2018",0
7.97,"source_only",14.31,0.402,0,36,"Jan2018",12
15.04,"source_only",9.81,0.1402,1,60,"Mar2018",6
19.03,"verified",16.68,0.0901,0,36,"Jan2018",8
15.05,"not",15.78,0.612,0,36,"Jan2018",2
9.44,"not",9.6,0.4701,0,36,"Jan2018",0
14.07,"not",15.81,0.7372,0,60,"Mar2018",1
9.43,"source_only",7.94,0.0937,0,36,"Mar2018",2
10.91,"source_only",7.01,0.9078,0,36,"Feb2018",3
19.42,"not",13.82,0.8006,0,36,"Mar2018",0
10.42,"verified",5.58,0.2732,1,36,"Jan2018",3
9.93,"source_only",0.52,0.0038,0,60,"Feb2018",2
14.07,"source_only",24.69,0.9078,0,36,"Mar2018",0
18.45,"not",37.9,0.753,0,36,"Mar2018",5
11.99,"not",17.24,0.5385,0,36,"Jan2018",0
10.41,"source_only",8.38,0.4352,0,36,"Mar2018",1
9.93,"not",15.65,0.3756,1,60,"Jan2018",0
7.35,"not",21.42,0.6253,0,36,"Jan2018",1
11.99,"source_only",14.6,0.4968,1,36,"Feb2018",3
9.92,"verified",22.49,0.8808,0,36,"Mar2018",1
12.61,"source_only",9.42,0.4912,1,36,"Mar2018",1
11.98,"source_only",28.45,0.2839,0,60,"Mar2018",0
9.93,"not",29.26,0.2311,0,36,"Feb2018",1
7.35,"source_only",8.71,0.6479,1,36,"Jan2018",0
9.92,"not",16.47,0.5817,0,36,"Mar2018",0
9.43,"not",11.64,0.7742,1,36,"Feb2018",3
12.61,"source_only",18.87,0.1474,0,36,"Mar2018",1
17.47,"source_only",32.24,0.882,0,36,"Mar2018",3
15.05,"verified",84.68,0.3311,0,60,"Feb2018",6
5.32,"not",33.55,0.1893,0,36,"Jan2018",0
13.59,"not",20.22,0.4299,1,60,"Jan2018",1
14.08,"source_only",38.26,0.324,0,60,"Feb2018",2
7.97,"verified",4.15,0.0785,1,36,"Feb2018",0
10.42,"verified",37.31,0.4839,0,60,"Jan2018",1
7.97,"not",16.99,0.1372,0,36,"Jan2018",1
15.04,"not",31.32,1.1345,1,60,"Mar2018",1
15.04,"source_only",29.21,0.3804,0,36,"Mar2018",1
26.3,"source_only",42.5,0.691,0,60,"Jan2018",3
12.62,"verified",22.96,0.6045,0,36,"Jan2018",0
24.85,"verified",31.73,0.3395,0,60,"Jan2018",3
6.71,"verified",7.54,0.5997,0,36,"Mar2018",1
10.91,"verified",13.77,0.1347,0,36,"Jan2018",2
16.02,"source_only",1.04,0.145,0,36,"Feb2018",0
19.03,"source_only",31.14,0.2609,0,60,"Feb2018",4
10.91,"verified",35.26,0.7377,0,36,"Jan2018",3
13.58,"source_only",15.75,0.2442,0,36,"Mar2018",3
6.72,"source_only",26.92,0.5882,0,36,"Feb2018",3
14.08,"not",15.32,0.2727,0,60,"Jan2018",1
6.08,"source_only",0.47,0.0118,0,36,"Feb2018",3
7.96,"not",10.42,0.2438,0,36,"Mar2018",2
17.47,"verified",33.39,0.2153,0,60,"Mar2018",7
20,"verified",27.44,0.8265,0,36,"Feb2018",1
6.07,"source_only",2.4,0.1377,0,36,"Mar2018",0
13.58,"not",18.43,0.2551,0,36,"Mar2018",9
15.05,"not",18,0.2056,0,60,"Jan2018",2
5.32,"verified",0.02,2e-04,0,36,"Jan2018",0
5.31,"not",15.59,0.6209,1,36,"Mar2018",2
17.47,"verified",1.52,0.0068,0,60,"Mar2018",2
12.62,"verified",28.65,0.173,0,60,"Jan2018",1
25.82,"source_only",24,0.8215,0,60,"Jan2018",3
17.09,"verified",18.67,0.6509,0,60,"Feb2018",1
13.58,"not",22.05,0.4271,0,36,"Mar2018",2
15.04,"verified",30.82,0.4003,0,60,"Mar2018",2
10.91,"not",14.74,0.143,0,36,"Jan2018",1
9.43,"not",9.51,0.183,0,36,"Mar2018",3
11.98,"verified",8.84,0.0607,0,60,"Mar2018",2
10.41,"verified",37.61,0.2729,0,36,"Mar2018",2
12.62,"not",12.91,0.2736,0,60,"Feb2018",2
9.44,"not",22.98,0.89,0,36,"Feb2018",1
13.59,"source_only",26.56,0.3185,0,36,"Jan2018",3
30.94,"verified",16.98,0.1553,0,36,"Mar2018",5
18.06,"verified",23.77,0.1926,0,60,"Jan2018",3
13.58,"source_only",38.33,0.1846,0,36,"Mar2018",1
7.97,"not",9.7,0.1509,0,36,"Feb2018",4
6.72,"source_only",3.33,0.2199,0,36,"Feb2018",2
9.92,"not",16.65,0.3857,1,36,"Mar2018",0
10.9,"source_only",25.38,0.423,0,36,"Mar2018",3
20.39,"verified",17.38,0.8898,1,60,"Feb2018",4
10.9,"not",22.05,0.5716,0,36,"Feb2018",11
7.35,"source_only",2.35,0.2991,0,36,"Jan2018",1
11.99,"not",9.43,0.3227,0,36,"Jan2018",1
7.96,"source_only",19.81,0.125,0,36,"Mar2018",2
9.93,"verified",22.14,0.5274,0,36,"Feb2018",3
9.43,"verified",14.74,0.2139,0,60,"Mar2018",2
7.97,"verified",13.95,0.1289,0,36,"Feb2018",6
16.01,"verified",13.24,0.1519,0,60,"Mar2018",0
10.42,"source_only",1.63,0.2034,0,36,"Jan2018",0
7.96,"not",21.53,0.6476,0,36,"Mar2018",0
9.44,"not",15.48,0.0679,0,36,"Feb2018",3
7.35,"source_only",1.97,0.0727,0,36,"Feb2018",0
11.99,"verified",25.59,0.2004,0,60,"Feb2018",3
12.62,"source_only",10.91,0.139,0,36,"Feb2018",4
26.77,"verified",30.93,0.556,0,60,"Mar2018",1
6.72,"not",18.01,0.1542,1,36,"Jan2018",1
5.32,"not",9.17,0.0632,0,36,"Feb2018",1
9.44,"verified",15.74,0.2439,0,36,"Feb2018",7
9.92,"verified",10.32,0.0597,0,60,"Mar2018",0
12.61,"source_only",3.68,0.3533,0,60,"Mar2018",2
7.34,"not",27.76,0.2604,0,60,"Mar2018",0
9.93,"not",21.88,0.5479,0,60,"Jan2018",0
14.08,"not",3.98,0.1211,0,36,"Jan2018",5
7.35,"verified",8.99,0.2211,0,36,"Feb2018",4
12.62,"verified",13.8,0.36,0,60,"Feb2018",1
25.82,"source_only",16.54,0.9525,0,36,"Jan2018",2
25.82,"verified",27.58,0.7964,0,60,"Jan2018",11
7.96,"verified",2.57,0.0623,0,36,"Mar2018",2
9.92,"not",20.52,0.4065,0,36,"Mar2018",3
11.98,"verified",30.4,0.2363,0,36,"Feb2018",2
18.45,"source_only",45.95,0.4243,0,36,"Mar2018",3
9.93,"not",18.25,0.7145,0,36,"Jan2018",3
10.91,"source_only",16.67,0.4178,0,36,"Jan2018",3
17.47,"source_only",0.84,0.1489,1,36,"Mar2018",7
14.08,"source_only",15.71,0.1297,0,36,"Jan2018",2
7.96,"source_only",25.63,0.2734,0,36,"Mar2018",4
7.97,"not",2.19,0.4921,0,36,"Jan2018",1
12.61,"source_only",29.84,1.3107,0,60,"Mar2018",2
16.02,"not",14.98,0.0728,1,36,"Jan2018",4
11.98,"verified",14.44,0.8552,0,36,"Mar2018",0
19.03,"source_only",33.99,0.719,1,60,"Jan2018",3
19.42,"verified",19.16,0.1358,1,36,"Mar2018",0
13.58,"source_only",4.16,0.3419,0,36,"Mar2018",0
9.44,"source_only",7.02,0.0878,0,60,"Feb2018",0
10.91,"source_only",33.86,0.484,0,36,"Feb2018",2
26.3,"verified",16.2,0.6709,0,60,"Jan2018",3
6.07,"not",10.39,0.3849,0,36,"Mar2018",0
9.93,"verified",20.53,0.4519,0,60,"Feb2018",1
6.72,"verified",39.72,0.4859,0,36,"Feb2018",1
11.99,"not",11.78,0.4169,0,60,"Jan2018",0
19.42,"source_only",16.17,0.5816,0,60,"Mar2018",0
7.96,"not",14.45,0.5052,1,36,"Mar2018",1
17.47,"verified",24.63,0.1451,0,36,"Mar2018",5
7.96,"not",22.05,0.4838,0,36,"Feb2018",1
7.34,"source_only",11.3,0.1335,1,36,"Mar2018",0
13.58,"verified",22.91,0.3442,0,36,"Mar2018",2
21.45,"source_only",11.31,0.1418,1,60,"Feb2018",1
11.99,"source_only",9.06,0.5769,0,36,"Feb2018",3
6.08,"not",14.61,0.4083,0,36,"Feb2018",0
17.47,"source_only",26.79,0.7035,0,60,"Mar2018",0
15.05,"source_only",12.13,0.4473,1,60,"Feb2018",0
5.32,"not",26.08,0.2498,0,36,"Jan2018",5
13.58,"source_only",24.03,0.6717,0,36,"Mar2018",1
6.72,"verified",20.66,0.1391,0,36,"Jan2018",1
30.79,"verified",25.21,0.2699,0,60,"Feb2018",1
10.9,"source_only",18.54,0.5725,0,36,"Mar2018",0
9.92,"not",7.35,0.3348,2,36,"Mar2018",1
9.93,"source_only",14.6,0.1087,0,36,"Jan2018",5
11.98,"not",18.15,0.9415,0,36,"Feb2018",4
15.05,"verified",41.5,0.8493,0,36,"Feb2018",0
13.58,"verified",29.31,0.5938,1,60,"Mar2018",1
7.34,"not",23.87,0.248,0,36,"Mar2018",1
15.05,"source_only",17.71,0.4618,0,60,"Feb2018",0
16.01,"verified",31.11,0.2175,0,36,"Mar2018",5
14.08,"not",12.51,0.8092,0,36,"Jan2018",0
21.45,"not",15.77,0.3103,0,60,"Feb2018",2
16.02,"not",14.85,0.9083,0,36,"Jan2018",1
6.07,"not",22.78,0.555,0,36,"Mar2018",1
6.72,"source_only",5.24,0.4678,0,36,"Jan2018",2
16.02,"verified",29.28,0.2008,0,60,"Jan2018",3
9.93,"source_only",11.81,1.0757,1,36,"Jan2018",0
14.08,"source_only",12.93,0.7551,0,60,"Feb2018",5
10.9,"not",21.96,0.6124,0,36,"Mar2018",2
14.07,"source_only",11.99,0.3659,0,60,"Mar2018",0
26.3,"verified",30.55,0.5564,0,60,"Feb2018",1
7.34,"source_only",0.98,0.267,0,36,"Feb2018",1
20.39,"not",27.86,0.6095,0,60,"Mar2018",2
9.44,"verified",73.75,0.518,1,36,"Feb2018",2
12.62,"not",15.67,0.6339,1,36,"Jan2018",4
9.44,"not",23.83,0.3125,0,36,"Feb2018",0
7.34,"source_only",12.21,0.1158,0,36,"Mar2018",4
9.92,"source_only",15.82,0.1295,0,36,"Mar2018",2
15.05,"source_only",13.29,0.5917,0,36,"Jan2018",0
15.05,"source_only",18.24,0.3864,0,60,"Jan2018",2
17.47,"verified",24.46,0.1645,1,36,"Mar2018",2
18.45,"source_only",0,0.7776,0,36,"Mar2018",4
11.99,"source_only",16.53,1.0466,0,36,"Jan2018",2
15.04,"verified",7.54,0.3446,0,60,"Mar2018",7
12.61,"source_only",24.53,0.2614,0,36,"Mar2018",7
18.06,"verified",16.56,0.0987,0,36,"Jan2018",2
9.93,"not",8.46,0.608,0,60,"Jan2018",3
12.62,"verified",19.97,0.3543,0,36,"Feb2018",2
10.91,"not",17.44,0.0568,0,36,"Feb2018",2
13.58,"verified",12.73,0.0915,0,36,"Mar2018",0
12.61,"verified",15.65,0.1015,0,60,"Mar2018",1
13.58,"source_only",14.76,0.9362,0,60,"Mar2018",2
7.97,"source_only",15.38,0.3083,0,36,"Jan2018",2
19.42,"not",3.15,0.8749,0,36,"Mar2018",3
13.59,"source_only",17.83,0.5272,1,36,"Feb2018",2
6.72,"not",18.2,0.2384,0,36,"Jan2018",0
20.39,"source_only",23.2,0.2931,0,36,"Mar2018",0
12.62,"verified",18.71,0.1338,1,36,"Jan2018",5
18.45,"not",32.96,0.1664,1,36,"Mar2018",2
7.34,"not",7.89,0.3101,0,60,"Feb2018",0
16.02,"not",11.05,0.3546,0,60,"Jan2018",2
15.04,"source_only",28.23,0.1816,0,60,"Mar2018",0
25.81,"verified",19.94,0.7131,0,60,"Mar2018",0
13.58,"not",26.45,0.2152,0,60,"Mar2018",3
5.32,"not",15.91,0.2141,0,36,"Jan2018",1
10.42,"verified",29.31,0.1723,0,36,"Jan2018",3
16.01,"not",15.36,0.222,0,60,"Feb2018",5
15.05,"not",10.87,0.7821,0,36,"Jan2018",1
6.71,"verified",18.67,0.0916,0,36,"Mar2018",1
7.96,"source_only",5.3,0.0791,0,36,"Mar2018",1
20.39,"source_only",35.75,0.862,0,60,"Mar2018",9
9.44,"not",20.34,0.6731,0,36,"Feb2018",0
16.01,"verified",43.38,0.1691,1,60,"Mar2018",4
10.42,"not",11.15,0.0453,1,36,"Jan2018",1
6.72,"not",17.93,0.2534,0,36,"Jan2018",0
12.61,"not",12.71,0.3675,0,36,"Mar2018",1
20.39,"verified",20.09,0.8285,0,60,"Mar2018",0
20.39,"not",16.53,0.7513,0,60,"Feb2018",1
17.09,"source_only",38.2,0.7003,0,60,"Jan2018",0
10.41,"verified",20.16,0.3113,0,36,"Mar2018",0
7.96,"not",33.05,0.3016,0,36,"Feb2018",3
12.62,"not",17.35,0.1293,0,60,"Feb2018",10
11.99,"source_only",25.22,0.1324,0,36,"Jan2018",0
11.98,"verified",12.44,0.4312,0,60,"Mar2018",2
18.06,"verified",11.79,0.2487,0,36,"Jan2018",16
9.93,"source_only",20.05,0.5952,0,36,"Jan2018",0
11.99,"source_only",24.22,0.1972,1,36,"Jan2018",2
13.58,"verified",18.12,0.4735,0,60,"Mar2018",2
5.32,"source_only",6.57,0.1116,0,36,"Jan2018",0
10.41,"not",16.1,0.2917,0,60,"Mar2018",1
15.05,"source_only",19.43,0.669,0,36,"Jan2018",7
9.93,"not",21.04,0.0945,0,36,"Jan2018",3
18.06,"source_only",26.2,0.5449,0,36,"Feb2018",2
21.45,"not",25.95,0.6344,0,36,"Feb2018",9
7.34,"verified",7.52,0.6746,0,36,"Mar2018",3
11.98,"verified",27.39,0.2701,0,36,"Mar2018",0
20,"source_only",29.41,0.9174,0,60,"Jan2018",0
13.59,"verified",36.58,0.6444,0,36,"Feb2018",0
16.02,"not",17.8,0.3139,0,36,"Feb2018",2
20,"verified",43.36,0.5899,0,36,"Mar2018",0
9.44,"verified",18.37,0.0174,0,60,"Jan2018",6
10.9,"not",29.36,1.4788,0,60,"Mar2018",4
5.31,"not",22.14,0.2596,0,36,"Mar2018",0
5.32,"verified",6.75,0.065,0,36,"Jan2018",0
12.62,"not",38.82,0.4913,0,36,"Jan2018",1
15.04,"source_only",2.2,0.0342,0,36,"Mar2018",4
11.98,"source_only",13.01,0.3032,0,36,"Feb2018",1
9.44,"source_only",21.78,0.22,0,36,"Feb2018",2
29.69,"verified",11.68,0.2288,0,60,"Mar2018",0
12.62,"source_only",13.74,0.3823,0,36,"Feb2018",1
11.98,"source_only",16.12,0.1566,0,36,"Mar2018",11
18.06,"verified",34.11,0.1942,0,36,"Feb2018",1
16.02,"verified",6.93,1.0991,0,36,"Jan2018",3
6.07,"source_only",4.84,0.0712,0,36,"Feb2018",0
11.99,"not",20.58,0.0756,0,36,"Jan2018",2
15.05,"not",15.96,0.8031,0,36,"Jan2018",1
10.91,"source_only",7.72,0.1126,0,60,"Feb2018",7
7.96,"source_only",7.45,0.2185,0,36,"Mar2018",1
13.59,"verified",4.5,0.7384,0,60,"Jan2018",0
12.61,"source_only",11.93,0.0997,0,36,"Mar2018",2
17.09,"source_only",27.23,0.699,0,36,"Feb2018",0
12.62,"source_only",13.89,0.8523,2,36,"Feb2018",12
13.58,"source_only",0,0,0,36,"Mar2018",1
20,"verified",14.05,0.5532,0,60,"Feb2018",0
5.31,"not",24.33,0.478,0,36,"Mar2018",1
17.47,"source_only",22.24,0.7368,0,36,"Mar2018",1
11.98,"source_only",7.06,0.4248,0,36,"Feb2018",2
21.85,"not",30,0.3137,0,60,"Mar2018",1
9.92,"source_only",23.96,0.9989,0,60,"Feb2018",2
9.43,"source_only",27.24,0.1527,1,36,"Mar2018",3
21.85,"source_only",0,0,0,36,"Mar2018",0
12.62,"not",15.68,0.3601,0,36,"Feb2018",3
10.91,"verified",13.23,0.1206,0,36,"Feb2018",0
19.03,"source_only",11.18,0.0697,0,60,"Jan2018",0
19.03,"verified",26.43,0.392,0,60,"Feb2018",2
9.44,"not",21.04,1.0112,0,36,"Jan2018",1
11.99,"not",9.62,0.7625,0,36,"Jan2018",4
7.97,"source_only",7.8,0.188,1,36,"Jan2018",6
10.91,"source_only",12.59,0.7947,0,60,"Jan2018",8
13.59,"source_only",22.18,0.8925,0,36,"Jan2018",3
15.04,"source_only",10.64,0.7371,0,60,"Mar2018",0
7.97,"source_only",7.24,0.3312,0,36,"Jan2018",0
13.58,"verified",35.67,0.6944,0,36,"Mar2018",2
5.31,"source_only",24.67,0.7475,0,36,"Mar2018",0
19.03,"source_only",30.1,0.7017,0,60,"Feb2018",3
11.99,"source_only",20.81,0.3764,0,36,"Feb2018",1
9.93,"source_only",14.33,0.1413,1,60,"Jan2018",5
5.32,"source_only",17.05,0.4339,1,36,"Feb2018",4
15.04,"source_only",22.4,0.294,1,60,"Mar2018",0
10.42,"source_only",21.33,0.6793,0,36,"Feb2018",0
12.61,"source_only",8.76,0.5305,0,36,"Mar2018",1
7.35,"verified",0.4,0.1576,0,36,"Jan2018",1
23.87,"not",9.68,0.5702,0,36,"Mar2018",4
16.02,"source_only",1.71,1.2571,0,36,"Jan2018",8
6.72,"not",9.71,0.4988,0,36,"Feb2018",0
10.42,"source_only",1.7,0.702,0,36,"Jan2018",3
21.45,"verified",35.77,0.8867,0,36,"Jan2018",5
16.02,"not",18.37,0.683,1,60,"Jan2018",2
7.96,"not",30.15,0.4126,0,36,"Mar2018",3
12.61,"source_only",20.4,0.7007,0,36,"Mar2018",1
12.61,"verified",3.77,0.1426,0,60,"Mar2018",1
9.43,"verified",27.19,0.5114,0,60,"Mar2018",0
14.07,"verified",31.32,0.3559,0,36,"Mar2018",0
13.59,"source_only",2.09,1.3069,0,36,"Jan2018",1
17.47,"source_only",22.78,0.185,0,60,"Mar2018",2
12.61,"source_only",21.9,0.1473,0,36,"Mar2018",1
16.02,"not",32,0.636,1,36,"Jan2018",2
18.45,"verified",33.7,0.1979,0,60,"Mar2018",0
10.91,"not",13.68,0.0718,0,36,"Mar2018",3
7.97,"source_only",24.75,0.3101,0,60,"Jan2018",1
15.04,"verified",22.17,0.1481,0,36,"Mar2018",8
21.45,"source_only",20.27,0.8384,0,60,"Jan2018",0
16.01,"verified",37.4,0.5216,0,36,"Mar2018",1
11.98,"not",17.83,0.1043,0,36,"Mar2018",0
13.59,"source_only",25.73,0.6962,0,36,"Feb2018",0
6.71,"source_only",11.85,1.0337,0,36,"Mar2018",2
10.91,"not",19.31,0.5939,1,36,"Jan2018",1
7.96,"not",9.91,0.2936,0,36,"Mar2018",1
10.42,"not",31.96,0.5819,0,36,"Jan2018",0
7.35,"not",8.93,0.1967,0,36,"Jan2018",2
16.02,"not",37.28,0.6908,0,36,"Jan2018",5
16.01,"not",19.25,0.4932,0,36,"Mar2018",3
13.58,"source_only",5.58,0.7997,0,36,"Mar2018",1
10.42,"source_only",8.66,0.3971,0,36,"Feb2018",2
14.07,"source_only",27.43,0.6215,0,60,"Mar2018",1
7.97,"not",23.93,0.7037,0,36,"Jan2018",0
11.99,"verified",11.13,0.3558,1,36,"Jan2018",1
13.59,"source_only",21.53,0.5802,0,36,"Feb2018",1
7.34,"not",0.95,0.0153,0,36,"Feb2018",0
15.04,"not",34.27,0.1156,0,36,"Feb2018",2
12.62,"not",27.58,0.2651,0,60,"Jan2018",0
19.42,"source_only",9.44,0.7361,0,36,"Feb2018",4
9.43,"not",11.02,0.395,0,36,"Mar2018",0
16.02,"verified",50.91,0.187,0,36,"Jan2018",0
7.34,"not",11.86,1.0056,0,36,"Mar2018",0
14.07,"verified",45.75,0.1548,0,60,"Mar2018",1
5.31,"not",13.15,0.0954,0,36,"Mar2018",2
6.71,"source_only",1.5,0.0352,0,36,"Mar2018",1
7.35,"not",14.71,0.2932,0,60,"Jan2018",0
6.08,"source_only",7.29,0.371,0,36,"Jan2018",1
6.71,"not",15.26,0.4379,0,36,"Feb2018",2
5.32,"source_only",16,0.1609,0,60,"Feb2018",0
6.08,"not",6.96,0.2923,0,36,"Jan2018",0
5.32,"source_only",24.84,0.1977,0,60,"Jan2018",1
16.02,"not",31.13,1.0395,0,36,"Jan2018",3
21.45,"verified",33.1,0.6119,1,60,"Feb2018",4
19.03,"not",50.3,0.6991,0,60,"Jan2018",4
16.02,"source_only",32.11,0.6345,0,36,"Jan2018",3
21.45,"verified",33.01,0.7909,0,36,"Jan2018",4
12.62,"source_only",1.75,0.1714,0,60,"Jan2018",0
10.41,"source_only",35.32,0.5728,0,36,"Mar2018",0
28.72,"verified",28.61,0.7896,0,60,"Mar2018",2
9.43,"source_only",5.04,0.8344,0,36,"Mar2018",0
10.42,"source_only",24.19,0.7043,0,36,"Jan2018",0
10.9,"not",5.39,0.3141,0,36,"Feb2018",0
9.43,"source_only",9.01,0.0375,1,36,"Mar2018",4
11.98,"source_only",15.27,0.5174,0,36,"Mar2018",3
20,"not",9.23,0.872,0,36,"Feb2018",1
9.43,"source_only",7.08,0.5913,0,36,"Feb2018",2
10.41,"not",22.24,0.3237,0,36,"Mar2018",2
9.43,"verified",12.51,0.0986,0,60,"Mar2018",3
9.44,"source_only",24.86,0.5901,0,36,"Feb2018",1
16.01,"source_only",13.9,0.7005,0,60,"Mar2018",8
9.93,"source_only",21.87,0.6537,0,60,"Feb2018",2
12.62,"verified",25.35,0.336,0,36,"Jan2018",0
16.01,"verified",20.27,0.3317,1,36,"Mar2018",5
21.45,"source_only",21.52,0.7205,0,36,"Feb2018",7
7.96,"source_only",8.62,0.0411,0,36,"Mar2018",2
13.59,"source_only",13.39,0.4187,0,36,"Jan2018",0
13.59,"source_only",28.6,0.7421,0,36,"Jan2018",12
7.34,"source_only",18.64,0.4556,0,36,"Mar2018",0
18.45,"not",0.113700787401575,0.1128,0,36,"Feb2018",4
14.07,"not",34.6,0.3702,1,36,"Mar2018",1
12.61,"source_only",27.27,0.5973,1,36,"Mar2018",8
19.03,"source_only",6.62,0.8447,1,60,"Mar2018",4
11.98,"source_only",17.6,0.0649,0,36,"Mar2018",1
21.85,"source_only",27.3,0.8599,0,36,"Mar2018",2
12.62,"source_only",20.72,0.3478,0,36,"Feb2018",2
5.32,"verified",21.92,0.2378,0,36,"Feb2018",0
19.42,"not",29.03,0.2577,0,36,"Mar2018",0
16.01,"source_only",6.73,0.1919,0,60,"Mar2018",1
11.99,"source_only",29.57,0.3101,0,60,"Feb2018",1
20,"source_only",21.12,0.561,0,36,"Feb2018",3
11.98,"source_only",8.46,0.1736,0,36,"Mar2018",7
19.03,"verified",22.18,0.7304,1,60,"Feb2018",0
6.08,"not",3.97,0.1488,0,36,"Jan2018",1
7.35,"source_only",9.39,0.1664,0,36,"Jan2018",0
7.35,"source_only",12.51,0.4649,0,36,"Feb2018",0
12.62,"source_only",10.2,0.4893,1,60,"Jan2018",1
13.59,"source_only",30.71,0.6745,0,36,"Jan2018",0
7.34,"not",36.61,0.1339,0,36,"Mar2018",5
7.35,"source_only",10.37,0.1921,0,36,"Jan2018",0
12.61,"not",30.25,0.3093,0,36,"Mar2018",0
7.35,"source_only",17.54,0.2425,0,36,"Jan2018",1
15.05,"source_only",10.88,0.5395,0,36,"Feb2018",1
18.45,"verified",16.79,0.0837,1,60,"Feb2018",1
18.45,"not",4.72,0.677,0,60,"Mar2018",0
7.96,"source_only",19.27,0.4264,0,36,"Mar2018",0
11.99,"source_only",17.05,0.9046,0,36,"Jan2018",0
20,"not",20.11,0.4374,0,36,"Feb2018",2
25.82,"not",20.51,0.7342,0,36,"Feb2018",3
11.98,"source_only",10.65,0.1591,0,36,"Mar2018",5
13.59,"not",15.47,0.3641,0,60,"Jan2018",2
10.91,"source_only",29.28,0.496,0,36,"Jan2018",3
9.44,"not",9.94,0.3001,0,36,"Feb2018",0
16.02,"verified",15.09,0.5458,0,36,"Jan2018",3
7.97,"source_only",3.43,0.0209,0,36,"Jan2018",3
5.32,"not",22.56,0.1909,0,36,"Feb2018",3
10.41,"verified",4.68,0.0881,1,36,"Feb2018",1
12.62,"source_only",15.16,0.3882,0,60,"Feb2018",0
10.9,"not",9.34,0.1764,0,60,"Mar2018",1
15.05,"verified",25.32,0.2777,0,36,"Feb2018",5
9.93,"verified",9.16,0.6299,0,36,"Jan2018",2
10.91,"not",10.99,0.7088,0,36,"Feb2018",6
13.58,"verified",25.1,0.7409,0,60,"Mar2018",0
15.05,"source_only",17.08,0.1889,1,60,"Feb2018",5
22.91,"source_only",22.21,0.1972,0,36,"Jan2018",0
7.35,"source_only",14.49,0.5725,0,36,"Feb2018",2
10.9,"source_only",14.17,0.1518,0,36,"Mar2018",3
17.47,"verified",15.62,0.2087,0,36,"Mar2018",9
5.31,"not",15.29,0.3113,0,36,"Feb2018",1
9.43,"source_only",14.66,0.0885,0,60,"Mar2018",4
14.07,"not",19.87,0.2094,0,60,"Mar2018",0
10.41,"source_only",16.89,0.6321,0,36,"Mar2018",0
22.9,"source_only",17.85,0.7106,0,36,"Feb2018",8
6.72,"source_only",8.98,0.1091,0,36,"Feb2018",1
13.58,"verified",16.08,0.531,0,36,"Mar2018",1
12.62,"source_only",4.9,0.175,0,60,"Jan2018",5
15.05,"not",25.3,0.1024,0,60,"Jan2018",7
19.03,"source_only",5.04,0.5803,0,60,"Feb2018",2
11.99,"source_only",7.24,0.1218,0,60,"Feb2018",3
19.03,"source_only",16.44,0.7056,0,36,"Jan2018",2
16.01,"verified",28.78,0.6875,0,60,"Mar2018",0
9.43,"verified",10.04,0.1037,1,36,"Mar2018",0
6.08,"not",12.51,0.4998,0,36,"Feb2018",0
16.01,"verified",5.41,0.1675,1,36,"Feb2018",9
14.07,"not",8.09,0.6088,0,36,"Feb2018",7
6.71,"source_only",21.48,0.3892,0,36,"Mar2018",1
15.04,"source_only",29.46,0.2276,0,36,"Mar2018",0
7.35,"not",7.57,0.5402,0,36,"Jan2018",0
12.62,"verified",13.69,0.372,0,60,"Jan2018",2
7.34,"not",14.54,0.396,1,36,"Mar2018",0
18.45,"verified",33.27,0.2474,0,36,"Mar2018",1
11.98,"source_only",20.32,0.9414,0,60,"Mar2018",1
12.62,"verified",13.71,0.1306,0,60,"Feb2018",0
16.02,"source_only",21.93,0.1314,1,36,"Jan2018",4
7.34,"source_only",18.39,0.247,0,36,"Mar2018",0
21.45,"verified",12.56,0.6032,0,60,"Jan2018",2
10.9,"not",20.16,0.1502,0,36,"Mar2018",1
10.41,"source_only",28.84,0.8599,0,36,"Mar2018",3
15.05,"not",27.72,0.5382,0,36,"Feb2018",0
9.93,"verified",16.79,0.163,0,36,"Feb2018",9
6.08,"source_only",27.04,0.5062,1,36,"Jan2018",0
19.42,"not",29.11,1.1014,1,36,"Mar2018",1
18.06,"not",15.37,0.8938,0,36,"Jan2018",1
10.91,"source_only",20.94,0.1078,0,36,"Feb2018",0
16.02,"source_only",18.66,0.587,0,36,"Feb2018",0
7.35,"source_only",10.28,0.4128,0,60,"Jan2018",0
6.07,"not",10.51,0.0726,1,36,"Mar2018",3
14.08,"source_only",7.73,0.4506,0,36,"Jan2018",0
6.72,"not",24.62,0.2715,0,36,"Jan2018",0
10.42,"source_only",0.75,0.0879,0,36,"Feb2018",2
7.34,"source_only",15.66,0.0979,0,60,"Feb2018",1
14.08,"verified",20.9,0.4961,0,36,"Jan2018",0
9.92,"verified",25.8,0.2129,0,36,"Mar2018",4
20.39,"not",15.32,0.5416,0,60,"Mar2018",2
17.47,"source_only",11.04,0.5687,0,36,"Mar2018",0
18.45,"verified",47.54,0.6834,0,60,"Mar2018",3
9.43,"not",21.6,0.7512,0,36,"Mar2018",0
7.96,"verified",0.46,0.003,0,36,"Mar2018",4
14.08,"source_only",8.96,0.7914,0,60,"Jan2018",1
5.32,"source_only",0,0,0,36,"Jan2018",0
7.97,"not",8.54,0.1134,0,36,"Jan2018",3
9.43,"source_only",9.06,0.4212,0,36,"Mar2018",2
17.09,"verified",27.13,0.1547,0,36,"Jan2018",0
20.39,"source_only",26.62,0.2542,0,36,"Mar2018",2
5.31,"source_only",26.9,0.1788,0,36,"Mar2018",0
6.72,"source_only",23.16,0.5275,0,36,"Jan2018",1
10.41,"source_only",11.71,0.7993,0,36,"Feb2018",1
9.44,"not",21.9,0.3845,0,36,"Jan2018",1
12.62,"verified",18.97,0.0875,0,60,"Jan2018",0
11.98,"not",16.99,0.7588,0,36,"Mar2018",0
7.96,"not",17.02,0.3528,1,36,"Feb2018",2
6.72,"verified",7.54,0.2613,0,36,"Feb2018",0
14.07,"not",34.78,0.2461,0,36,"Mar2018",5
9.92,"not",19.76,0.0874,1,36,"Mar2018",0
9.44,"source_only",23.77,0.2863,0,36,"Jan2018",1
10.91,"not",22.28,0.8756,0,36,"Jan2018",5
14.08,"source_only",15.88,0.355,0,60,"Jan2018",1
16.01,"verified",32.16,0.5318,0,36,"Mar2018",1
18.45,"source_only",27.17,0.639,1,36,"Mar2018",3
15.05,"not",26.57,0.2276,0,36,"Jan2018",2
16.02,"source_only",8.17,0.1788,0,36,"Jan2018",3
13.59,"source_only",10.22,0.3972,1,60,"Feb2018",3
10.91,"source_only",22.67,0.6135,1,36,"Jan2018",3
16.02,"verified",19.83,0.1538,1,36,"Jan2018",1
15.05,"source_only",27.64,0.3765,0,60,"Jan2018",2
10.41,"source_only",15.82,0.1493,0,36,"Mar2018",0
9.93,"source_only",18.12,0.7409,0,36,"Feb2018",3
18.06,"source_only",13.41,0.4967,0,60,"Feb2018",1
26.3,"source_only",12.45,0.7887,0,36,"Mar2018",7
20.39,"not",18.02,0.167,0,60,"Mar2018",2
16.02,"not",26.55,0.2266,0,36,"Jan2018",6
9.93,"not",25.9,0.2696,0,60,"Feb2018",1
7.96,"source_only",6.56,0.4086,0,36,"Mar2018",0
26.77,"not",38.82,0.7489,0,60,"Feb2018",0
6.08,"source_only",22.52,0.1786,0,36,"Jan2018",4
12.62,"verified",44.56,0.3752,0,60,"Feb2018",7
14.07,"verified",18.98,0.1456,0,60,"Feb2018",3
10.42,"not",8.89,0.1558,0,36,"Jan2018",2
25.81,"not",29.75,0.1574,0,60,"Mar2018",5
6.08,"source_only",3.51,0.3429,0,36,"Jan2018",0
9.92,"verified",14.29,0.8578,0,36,"Mar2018",0
20.39,"source_only",22.73,0.2329,0,60,"Mar2018",5
7.34,"not",15.72,0.4897,0,36,"Mar2018",0
10.9,"source_only",23.96,0.5615,0,36,"Mar2018",7
10.91,"source_only",4.05,0.8817,0,36,"Jan2018",2
6.08,"not",10.41,0.3972,0,36,"Jan2018",0
7.97,"verified",22.62,0.2351,0,60,"Feb2018",0
7.35,"not",1.78,0.0132,0,36,"Jan2018",4
10.41,"not",36.37,0.5315,1,36,"Mar2018",4
17.09,"verified",17.34,0.2004,1,60,"Jan2018",4
15.05,"verified",16.66,0.8342,0,36,"Jan2018",2
21.45,"source_only",3.18,0.0684,0,60,"Feb2018",1
7.34,"verified",28.74,0.1269,0,36,"Mar2018",0
9.43,"not",6.8,0.4783,0,36,"Feb2018",1
18.45,"verified",20.72,0.8563,0,60,"Mar2018",1
6.71,"source_only",45.47,0.5842,1,36,"Mar2018",1
12.61,"not",15.02,0.7503,0,36,"Mar2018",1
7.34,"not",17.49,0.1327,0,36,"Mar2018",2
19.42,"source_only",12.14,0.7459,0,36,"Mar2018",1
9.44,"source_only",15.2,0.5642,1,36,"Jan2018",0
12.62,"source_only",14.35,0.1233,0,36,"Jan2018",7
11.99,"not",23.02,0.5777,0,60,"Jan2018",5
15.05,"not",14.34,0.5191,0,36,"Feb2018",0
16.01,"not",8.91,0.4327,0,36,"Mar2018",2
7.35,"not",47.61,0.2623,0,36,"Jan2018",0
7.35,"verified",8.79,0.0498,1,36,"Jan2018",7
7.96,"verified",35.09,0.1456,0,36,"Mar2018",6
17.09,"verified",26.87,0.2993,0,60,"Jan2018",0
22.91,"verified",36.54,0.2289,0,36,"Jan2018",1
9.43,"source_only",23,0.438,0,36,"Mar2018",0
6.08,"not",25.53,0.1489,0,36,"Jan2018",2
6.07,"source_only",26.83,0.9056,0,36,"Mar2018",0
11.98,"source_only",17.01,0.1282,0,36,"Mar2018",5
9.93,"not",10.08,0.0903,0,60,"Feb2018",2
20,"verified",51.14,0.7087,0,36,"Feb2018",0
14.07,"source_only",17.73,0.209,0,60,"Feb2018",1
6.07,"verified",3.12,0.002,0,36,"Mar2018",6
12.62,"not",2.54,0.4807,0,60,"Jan2018",3
12.62,"not",18.26,0.1734,0,36,"Jan2018",2
9.44,"source_only",41.94,0.1058,0,36,"Feb2018",2
6.08,"not",9.72,0.3131,0,36,"Feb2018",1
9.44,"not",31.67,0.4691,1,36,"Feb2018",1
12.62,"source_only",12.86,0.1519,0,60,"Jan2018",3
18.06,"not",14.4,0.0631,0,36,"Jan2018",11
7.35,"source_only",11.5,0.1613,0,36,"Jan2018",0
15.04,"verified",20.68,0.28,0,60,"Mar2018",1
10.42,"source_only",9.7,0.0398,0,60,"Jan2018",1
17.09,"verified",20.89,0.1731,1,60,"Feb2018",3
12.62,"verified",16.62,0.1624,0,36,"Feb2018",1
11.98,"not",1.44,0.2977,0,60,"Mar2018",3
11.98,"verified",32.18,0.3078,0,36,"Mar2018",26
10.9,"verified",33.97,0.3695,0,60,"Mar2018",0
10.9,"verified",18.36,0.1696,0,36,"Mar2018",0
17.09,"verified",19.35,0.6459,0,36,"Feb2018",2
16.01,"source_only",9.76,0.1247,0,36,"Mar2018",5
7.35,"verified",28.44,0.7678,0,36,"Jan2018",0
5.31,"not",18.72,0.2118,0,36,"Mar2018",0
6.72,"not",21.6,0.1207,0,36,"Jan2018",0
14.07,"source_only",37.14,0.1478,0,60,"Mar2018",3
6.71,"not",8.9,0.3475,0,36,"Mar2018",1
9.43,"not",1.44,0.4682,0,60,"Feb2018",2
6.72,"not",16.71,0.5498,0,36,"Jan2018",0
14.08,"source_only",18.79,0.7245,0,36,"Jan2018",0
7.35,"verified",17.29,0.3514,0,36,"Feb2018",2
15.05,"not",20.81,0.4358,0,36,"Feb2018",1
16.02,"verified",28.13,0.599,0,36,"Jan2018",2
13.58,"source_only",29.82,0.626,1,60,"Mar2018",4
11.99,"source_only",23.1,0.5104,0,36,"Jan2018",0
16.02,"source_only",14.68,0.3625,0,60,"Jan2018",1
11.99,"not",22.59,0.1081,0,60,"Feb2018",1
17.47,"not",28.26,0.8854,0,60,"Feb2018",6
9.92,"source_only",12.92,0.059,0,36,"Mar2018",0
5.32,"not",3.91,0.5288,0,36,"Jan2018",2
13.59,"source_only",19.02,0.7012,0,36,"Mar2018",20
9.93,"source_only",32.87,0.4294,0,36,"Feb2018",12
21.45,"not",12.63,0.5524,0,36,"Jan2018",4
16.02,"source_only",19.85,0.4636,0,36,"Jan2018",2
6.72,"not",10.81,0.0982,0,36,"Jan2018",1
21.45,"verified",10.74,0.045,0,60,"Feb2018",1
11.98,"source_only",18.25,0.2826,0,60,"Mar2018",3
7.96,"source_only",16.97,0.1762,1,36,"Mar2018",1
19.03,"source_only",31.4,0.6567,0,36,"Feb2018",3
9.93,"verified",20.84,0.1542,1,60,"Jan2018",5
14.07,"source_only",34.76,0.6805,1,36,"Mar2018",4
15.04,"not",11.52,0.1498,0,60,"Mar2018",1
9.44,"not",30.82,0.2847,0,60,"Jan2018",0
20,"verified",14.2,0.8082,0,36,"Feb2018",1
11.99,"source_only",12.41,0.9229,0,36,"Feb2018",0
6.07,"not",17.5,0.1282,0,36,"Mar2018",2
9.43,"not",9.89,0.2645,0,60,"Mar2018",1
11.99,"source_only",8.44,1.0629,0,36,"Jan2018",3
19.03,"source_only",22.21,0.683,0,36,"Jan2018",0
12.62,"not",14.63,0.1486,0,36,"Feb2018",1
7.34,"source_only",4.31,0.1911,0,36,"Mar2018",0
7.96,"not",24.66,0.7003,0,36,"Mar2018",1
10.41,"source_only",27.78,0.3387,1,36,"Mar2018",6
14.08,"source_only",4.81,0.0843,0,60,"Jan2018",0
19.42,"verified",14.2,0.3097,0,36,"Mar2018",2
17.09,"verified",26.28,0.2762,1,36,"Jan2018",3
9.93,"source_only",4.05,0.0124,0,36,"Jan2018",0
15.04,"source_only",12.19,0.2972,0,36,"Mar2018",2
6.71,"verified",12.31,0.0207,0,36,"Mar2018",3
20.39,"verified",57.17,0.743,0,36,"Mar2018",6
23.88,"verified",32.79,0.22,0,60,"Jan2018",3
9.44,"not",5.89,0.0334,1,36,"Feb2018",1
19.03,"not",7.72,0.7824,0,36,"Jan2018",1
9.44,"source_only",16.41,0.1851,0,36,"Jan2018",1
9.92,"source_only",16.87,0.6027,0,36,"Mar2018",0
16.01,"source_only",39.72,0.6185,1,36,"Mar2018",2
9.93,"source_only",25.6,0.146,0,36,"Jan2018",3
5.32,"source_only",7.02,0.1754,0,36,"Feb2018",1
17.09,"verified",26.79,0.4314,0,60,"Feb2018",0
7.96,"not",50.21,0.2777,0,36,"Mar2018",1
7.34,"source_only",13.17,0.1031,0,36,"Feb2018",0
9.43,"source_only",11.48,0.4918,0,36,"Mar2018",0
10.91,"not",11.36,0.499,0,36,"Feb2018",3
16.02,"not",107.94,0.6886,1,36,"Jan2018",0
11.99,"source_only",7.14,0.2923,0,36,"Jan2018",5
7.35,"not",14.08,0.1026,0,36,"Jan2018",0
23.87,"verified",39.54,0.3992,0,36,"Mar2018",1
7.97,"source_only",23.65,0.7772,0,36,"Jan2018",0
14.08,"source_only",28.78,0.4346,0,36,"Jan2018",0
10.9,"source_only",8.61,1.0018,0,36,"Mar2018",1
14.07,"verified",47.47,0.6776,1,36,"Mar2018",3
9.44,"verified",34.54,0.1653,0,36,"Feb2018",0
9.92,"not",0.63,0.0648,0,36,"Feb2018",2
10.91,"source_only",16.89,0.8651,0,36,"Jan2018",1
11.99,"source_only",22.49,0.5628,0,60,"Jan2018",0
23.88,"source_only",27.53,0.3618,0,60,"Jan2018",3
16.02,"source_only",14.03,0.1225,1,36,"Jan2018",2
7.35,"not",24.25,0.279,0,60,"Feb2018",2
21.85,"source_only",25.9,0.6509,0,36,"Feb2018",0
21.45,"source_only",20.72,0.2773,0,36,"Feb2018",6
16.02,"source_only",13.95,0.467,1,60,"Feb2018",2
10.91,"source_only",1.81,0.0119,0,36,"Jan2018",2
12.61,"source_only",21.89,0.2872,0,36,"Mar2018",6
10.91,"source_only",27.92,0.4476,1,36,"Jan2018",2
17.47,"verified",0.63,0.1204,1,60,"Mar2018",1
9.44,"verified",32.77,0.3009,0,36,"Jan2018",0
12.62,"verified",33.29,0.289,0,60,"Jan2018",9
14.08,"source_only",23.02,0.1804,0,36,"Jan2018",2
6.08,"not",19.84,0.5221,0,36,"Jan2018",0
13.58,"source_only",19.98,0.5301,0,36,"Mar2018",1
9.93,"source_only",7.36,0.5125,0,36,"Jan2018",1
11.98,"verified",25.08,0.6158,0,60,"Mar2018",3
7.35,"not",21.48,0.3601,0,36,"Jan2018",0
7.35,"source_only",8.04,0.1076,0,36,"Jan2018",2
12.62,"verified",26.99,0.3292,0,36,"Jan2018",2
11.99,"verified",30.08,0.2682,0,60,"Feb2018",5
17.09,"source_only",15.44,0.1459,0,60,"Jan2018",2
7.34,"source_only",0.4,0.045,0,36,"Mar2018",2
21.45,"source_only",12.31,0.7173,0,60,"Feb2018",2
9.43,"verified",16.09,0.1921,0,60,"Mar2018",1
10.91,"source_only",36.63,0.2774,0,36,"Feb2018",2
12.61,"verified",13.33,0.0382,0,36,"Mar2018",3
9.43,"source_only",1.78,0.2034,0,36,"Mar2018",0
9.92,"not",24.81,0.2657,0,36,"Mar2018",0
10.9,"source_only",32.82,0.2455,0,36,"Mar2018",2
11.98,"source_only",6.93,0.7263,0,36,"Mar2018",1
17.09,"not",9.95,0.5088,0,36,"Jan2018",0
25.82,"verified",46.36,0.4412,0,36,"Feb2018",1
16.01,"source_only",15.24,0.7002,0,36,"Mar2018",0
19.42,"verified",22.95,0.7308,0,60,"Feb2018",0
13.59,"verified",46.11,0.8549,0,36,"Feb2018",2
9.44,"source_only",30.94,0.5683,1,36,"Jan2018",5
9.92,"source_only",9.31,0.5872,0,36,"Mar2018",2
10.9,"not",18.1,0.0992,0,36,"Mar2018",0
9.44,"verified",2.76,0.0392,0,60,"Jan2018",0
13.58,"not",12.91,0.0826,1,60,"Mar2018",1
13.59,"source_only",14.89,0.3054,0,60,"Feb2018",3
9.43,"verified",9.48,0.3523,0,60,"Mar2018",1
10.9,"not",13.2,0.4152,0,60,"Mar2018",6
20,"not",39.57,0.8564,0,60,"Feb2018",2
13.59,"source_only",17.25,0.7576,0,60,"Feb2018",1
15.05,"source_only",11.47,0.6779,0,36,"Jan2018",1
6.08,"source_only",89.88,0.6014,0,36,"Feb2018",0
15.05,"verified",20.82,0.5209,0,60,"Jan2018",0
16.01,"verified",19.14,0.2831,0,60,"Mar2018",1
10.9,"verified",23.69,0.0912,0,60,"Mar2018",0
23.88,"source_only",27.03,0.0978,0,60,"Jan2018",2
9.43,"source_only",8.19,0.0914,0,36,"Mar2018",6
5.32,"source_only",12.71,0.1172,0,36,"Jan2018",0
10.91,"not",6.85,0.5808,0,36,"Jan2018",0
7.96,"source_only",14.27,0.1432,0,36,"Feb2018",0
9.44,"not",25.48,0.6496,1,36,"Feb2018",0
15.05,"source_only",24.27,0.3055,0,60,"Feb2018",0
15.04,"not",31.72,0.2892,0,36,"Mar2018",0
10.42,"not",9.63,0.6744,0,36,"Jan2018",1
5.32,"source_only",6.57,0.3148,0,36,"Feb2018",5
10.42,"not",15.68,0.1899,0,60,"Feb2018",3
7.35,"not",21.44,0.4865,0,36,"Jan2018",0
14.08,"source_only",24.29,0.115,0,36,"Feb2018",1
5.31,"not",21.35,0.0853,1,36,"Feb2018",0
10.9,"not",13.93,0.2888,0,60,"Mar2018",1
16.02,"source_only",12.62,0.7414,0,60,"Feb2018",0
10.42,"verified",32.9,0.8521,1,36,"Feb2018",0
11.99,"source_only",10.75,0.1113,0,36,"Jan2018",0
20,"source_only",13.01,0.2201,0,60,"Jan2018",1
13.59,"not",11.02,0.984,1,36,"Jan2018",3
17.47,"source_only",27.07,0.8777,0,36,"Mar2018",20
19.42,"verified",27.33,0.6601,0,60,"Mar2018",1
6.72,"source_only",4.35,0.3805,0,36,"Feb2018",2
14.08,"not",9.78,0.7114,0,36,"Feb2018",0
12.61,"verified",19.65,0.3883,1,60,"Mar2018",7
5.32,"source_only",12.71,0.1181,0,36,"Jan2018",0
11.99,"not",25.01,0.1144,0,36,"Jan2018",0
6.71,"verified",22.99,0.4062,0,36,"Feb2018",0
10.91,"not",3.46,0.4586,0,36,"Feb2018",0
15.05,"not",13.32,0.1186,0,36,"Jan2018",0
6.07,"source_only",28.38,0.4041,0,36,"Feb2018",0
11.98,"source_only",19.57,0.6344,0,60,"Mar2018",4
9.44,"not",18.56,0.5032,0,36,"Feb2018",2
6.71,"not",9.3,0.2688,0,36,"Mar2018",1
16.01,"source_only",11.64,0.3491,0,36,"Mar2018",3
7.97,"not",18.13,0.2271,0,60,"Feb2018",2
13.58,"source_only",23.96,0.618,0,60,"Mar2018",3
24.84,"source_only",0.24,0.3008,1,36,"Mar2018",4
7.35,"verified",21.2,0.1393,0,36,"Feb2018",0
10.42,"source_only",14.29,0.2454,0,36,"Jan2018",1
20.39,"verified",20.06,0.1203,0,60,"Mar2018",3
10.91,"source_only",28.54,0.1941,1,60,"Jan2018",6
25.82,"verified",8.23,0.0445,0,60,"Feb2018",3
18.45,"source_only",15.88,0.9175,0,60,"Mar2018",5
11.98,"verified",17.33,0.7118,0,60,"Mar2018",0
7.97,"source_only",22.33,0.3125,1,36,"Feb2018",3
13.59,"verified",26.98,0.1481,0,36,"Feb2018",2
10.42,"source_only",19.83,0.6294,0,36,"Jan2018",5
9.44,"not",15.84,0.6718,0,36,"Jan2018",0
6.08,"not",5.88,0.0654,0,36,"Jan2018",1
14.07,"verified",8.33,0.8838,0,36,"Mar2018",0
13.58,"source_only",25.44,0.6079,0,36,"Mar2018",1
7.97,"not",13.65,0.4607,0,36,"Jan2018",0
21.85,"not",3.27,0.4579,0,60,"Mar2018",1
29.69,"source_only",11.62,0.2083,0,36,"Jan2018",5
7.34,"not",31.18,0.2978,0,36,"Mar2018",2
7.97,"verified",35.8,0.2687,0,36,"Jan2018",3
7.35,"source_only",5.87,0.0484,0,60,"Jan2018",0
5.32,"source_only",9.95,0.0695,0,36,"Jan2018",2
17.47,"source_only",14.1,0.5403,0,60,"Mar2018",2
7.34,"source_only",11.85,0.3734,0,36,"Mar2018",0
12.61,"not",23.14,0.4377,0,36,"Mar2018",0
26.3,"source_only",22.26,0.6251,0,60,"Jan2018",1
9.92,"not",33.73,0.3078,0,60,"Feb2018",1
7.96,"verified",1.28,0.0078,0,36,"Mar2018",0
16.01,"not",35.75,0.1473,0,60,"Mar2018",1
16.01,"not",18.46,0.7933,0,36,"Mar2018",3
16.01,"verified",20.91,0.1708,1,36,"Mar2018",0
12.62,"source_only",9.33,0.0335,0,60,"Jan2018",6
26.3,"source_only",15.67,0.5862,0,60,"Jan2018",0
6.72,"not",25.13,0.2053,0,36,"Jan2018",2
11.99,"verified",36.67,0.3354,0,36,"Jan2018",4
18.45,"verified",21.84,0.4539,0,60,"Mar2018",1
7.97,"not",14.24,0.1543,0,36,"Jan2018",2
12.61,"source_only",11.22,0.29,0,60,"Mar2018",2
7.97,"source_only",25.78,0.4308,0,36,"Jan2018",6
7.34,"source_only",32.32,0.2254,0,36,"Mar2018",1
11.99,"not",0.63,0.0499,0,36,"Jan2018",0
13.59,"source_only",1.02,1.0413,0,36,"Jan2018",1
16.01,"source_only",9.61,0.1364,0,36,"Mar2018",3
5.32,"not",27.91,0.8074,0,36,"Jan2018",1
5.32,"source_only",11.96,0.1915,1,36,"Jan2018",1
5.31,"source_only",19.69,0.3932,0,36,"Mar2018",2
13.59,"not",37.75,0.6176,0,60,"Jan2018",1
6.07,"source_only",6.58,0.1053,0,36,"Mar2018",2
5.32,"not",19.11,0.2724,0,36,"Feb2018",0
25.82,"verified",19.47,0.5669,0,60,"Jan2018",0
12.62,"verified",8.24,0.7162,0,36,"Jan2018",1
12.62,"not",6.53,0.3501,0,60,"Feb2018",1
6.08,"verified",25.78,0.658,0,36,"Jan2018",1
15.05,"source_only",25.29,0.2216,0,36,"Feb2018",2
19.42,"verified",17.51,0.4427,1,60,"Feb2018",2
18.06,"source_only",19.63,0.7964,2,60,"Jan2018",1
9.92,"not",8.36,0.5305,0,36,"Mar2018",1
12.62,"not",8.09,1.1936,0,60,"Jan2018",0
7.35,"not",15.4,0.2505,0,36,"Jan2018",2
10.9,"source_only",8.78,0.369,0,36,"Feb2018",0
6.71,"source_only",21.28,0.4335,0,36,"Mar2018",1
19.03,"source_only",17.5,0.0808,0,36,"Jan2018",1
11.99,"verified",20.02,0.0888,1,60,"Feb2018",0
7.96,"source_only",15.23,0.977,0,36,"Mar2018",0
16.01,"verified",26.52,0.2627,0,36,"Mar2018",4
7.34,"source_only",6.18,0.2194,0,36,"Mar2018",2
10.41,"verified",23.29,0.5867,0,36,"Mar2018",7
21.85,"not",30.11,0.4185,0,60,"Mar2018",7
7.35,"not",19.38,0.5755,0,36,"Feb2018",3
10.9,"source_only",4.98,0.0281,1,36,"Mar2018",1
10.41,"not",15.69,0.2483,0,36,"Feb2018",1
11.98,"source_only",17.95,0.5022,0,36,"Mar2018",3
11.98,"verified",44.9,0.3038,0,60,"Mar2018",1
6.72,"source_only",15.08,0.1407,1,36,"Mar2018",1
5.31,"not",17.25,0.4027,0,36,"Feb2018",0
12.61,"source_only",6.11,0.0787,0,60,"Mar2018",3
7.35,"verified",3.05,0.0494,0,36,"Feb2018",0
7.96,"source_only",12.33,0.6719,0,36,"Mar2018",2
14.08,"verified",10.49,0.0662,0,60,"Jan2018",0
9.93,"not",0,0,0,60,"Jan2018",0
9.44,"verified",68.3,0.2132,0,36,"Feb2018",4
16.02,"source_only",34.43,0.6825,0,60,"Jan2018",0
9.93,"not",13.96,0.6922,0,60,"Jan2018",1
9.92,"source_only",13.33,0.5052,0,36,"Feb2018",2
19.03,"not",27.61,0.7171,0,36,"Feb2018",3
9.93,"verified",16.13,0.0998,0,36,"Jan2018",2
16.02,"not",23.73,0.5413,0,60,"Feb2018",1
9.93,"source_only",26.22,0.7988,0,36,"Jan2018",0
10.42,"source_only",16.23,0.7794,0,36,"Feb2018",0
10.91,"not",11.13,0.6014,0,36,"Jan2018",2
9.92,"not",29.21,0.2699,0,60,"Mar2018",1
9.93,"source_only",19.31,0.3954,0,36,"Feb2018",0
9.44,"source_only",11.3,0.6465,0,36,"Feb2018",1
15.05,"not",18.96,0.1801,0,36,"Feb2018",0
17.09,"source_only",32.2,0.5774,0,36,"Jan2018",4
6.72,"not",16.48,0.2985,1,36,"Jan2018",2
6.72,"not",30.63,0.3065,0,36,"Jan2018",0
21.85,"verified",18.36,0.1691,0,60,"Mar2018",3
16.01,"not",24,0.1811,1,36,"Mar2018",4
7.96,"source_only",18.92,0.3316,0,36,"Feb2018",2
12.62,"source_only",21.05,0.7094,0,36,"Feb2018",2
19.03,"verified",32.46,0.6159,0,60,"Feb2018",1
12.61,"source_only",14.31,0.1021,0,60,"Mar2018",1
10.9,"source_only",17.09,0.3213,0,36,"Feb2018",1
15.04,"source_only",16.35,0.5854,0,36,"Mar2018",1
15.05,"source_only",18.12,0.275,0,36,"Feb2018",4
14.08,"source_only",48.06,0.2294,0,36,"Jan2018",0
9.93,"not",9.22,0.0333,0,60,"Jan2018",1
6.71,"not",10.07,0.1591,0,36,"Feb2018",5
13.59,"verified",54.81,0.545,0,36,"Jan2018",2
13.59,"verified",14.07,0.116,0,36,"Jan2018",5
12.61,"source_only",17.64,0.5313,1,60,"Mar2018",0
16.02,"source_only",12.39,0.1428,0,60,"Jan2018",3
17.09,"source_only",4.9,0.9945,0,36,"Feb2018",2
10.9,"not",31.47,0.5613,0,36,"Mar2018",0
6.71,"not",27.61,0.2431,0,36,"Mar2018",2
15.05,"verified",32.05,0.3166,0,60,"Feb2018",3
21.45,"source_only",11.3,0.0868,0,60,"Feb2018",1
7.35,"verified",8.09,0.0622,0,60,"Feb2018",9
6.71,"source_only",17.57,0.6858,0,36,"Feb2018",1
12.61,"source_only",4.98,0.8332,0,60,"Feb2018",1
6.72,"not",17.25,0.58,0,36,"Jan2018",2
16.02,"verified",22.33,0.2573,0,60,"Feb2018",5
11.99,"not",21.05,0.1462,0,60,"Feb2018",5
7.96,"not",11.57,0.5514,0,36,"Mar2018",0
10.42,"source_only",3.42,0.6247,0,36,"Jan2018",0
9.43,"verified",20.55,0.0724,0,36,"Mar2018",4
7.35,"not",31.45,0.3035,0,36,"Feb2018",0
7.97,"not",13.05,0.6749,0,36,"Jan2018",1
6.07,"not",20.15,0.0969,0,36,"Mar2018",4
13.59,"verified",32.29,0.6337,0,60,"Jan2018",0
10.42,"not",12.65,0.1347,0,60,"Jan2018",0
6.72,"not",14.06,0.174,1,36,"Feb2018",2
17.09,"not",21.66,0.5307,0,36,"Feb2018",3
14.08,"verified",23.65,0.3725,0,60,"Feb2018",5
6.71,"not",24.65,0.377,0,36,"Mar2018",1
7.34,"not",32.11,0.4235,0,36,"Feb2018",4
6.07,"not",5.67,0.1969,0,36,"Mar2018",3
24.85,"verified",20.69,0.1444,0,60,"Jan2018",8
16.01,"source_only",11.99,0.6526,0,60,"Mar2018",0
14.08,"source_only",23.91,0.134,1,60,"Jan2018",3
9.43,"source_only",20.38,0.748,0,36,"Mar2018",1
29.69,"source_only",8.85,0.2585,0,60,"Jan2018",0
21.45,"source_only",28.3,0.3405,0,36,"Jan2018",1
6.72,"not",17.43,0.7685,0,36,"Jan2018",2
11.99,"source_only",23.2,0.2054,0,60,"Jan2018",3
13.59,"not",11.96,0.1411,0,60,"Feb2018",0
6.72,"not",26.04,0.1603,0,36,"Jan2018",1
16.02,"source_only",10.36,0.0733,0,60,"Jan2018",2
15.05,"not",13.43,0.6971,1,36,"Feb2018",4
15.05,"source_only",58.23,0.8001,0,36,"Feb2018",0
11.99,"not",35.2,0.6868,0,36,"Jan2018",0
7.96,"not",15.33,0.6869,0,36,"Mar2018",1
15.04,"source_only",15.17,0.4872,0,60,"Mar2018",1
9.93,"source_only",21.68,0.4187,0,36,"Jan2018",2
16.02,"source_only",32.99,0.369,0,36,"Jan2018",0
5.31,"not",5.42,0.1761,0,36,"Mar2018",1
10.91,"not",12.86,0.5189,0,36,"Jan2018",1
9.93,"not",27.03,0.4011,0,36,"Jan2018",1
10.91,"not",15.45,0.0621,0,36,"Feb2018",1
9.92,"source_only",9.4,0.644,0,36,"Mar2018",0
5.31,"not",23.31,0.0777,0,36,"Feb2018",1
19.42,"source_only",14.93,0.5024,0,60,"Mar2018",2
19.03,"verified",17.35,0.153,1,60,"Feb2018",1
5.31,"source_only",5.43,0.0955,0,36,"Mar2018",1
11.99,"not",32.88,0.3929,0,36,"Jan2018",1
9.92,"not",8.8,0.1284,0,36,"Mar2018",4
16.02,"source_only",7.49,0.0458,0,36,"Jan2018",5
11.99,"verified",21.86,0.4223,0,36,"Feb2018",4
21.85,"source_only",22.82,0.6953,0,60,"Mar2018",3
20.39,"source_only",14.34,0.2056,0,36,"Mar2018",2
10.41,"source_only",24.48,0.6395,1,36,"Mar2018",4
10.91,"verified",16.12,0.593,0,36,"Jan2018",0
20,"source_only",4.56,0.008,0,60,"Feb2018",2
10.91,"source_only",24.97,0.577,0,36,"Jan2018",0
14.08,"not",15.72,0.0886,0,60,"Feb2018",1
10.42,"not",16.7,0.771,0,36,"Jan2018",0
7.97,"source_only",3.69,0.2612,1,36,"Jan2018",6
5.31,"source_only",6.92,0.1022,0,36,"Mar2018",0
23.87,"source_only",18.14,0.6012,0,36,"Mar2018",6
7.97,"not",20.51,0.3786,0,36,"Feb2018",1
9.44,"source_only",14.09,0.1064,0,36,"Feb2018",4
15.05,"verified",31.66,0.3014,0,60,"Feb2018",4
18.45,"not",15.42,0.7747,0,60,"Feb2018",3
10.91,"source_only",25.97,0.1858,0,36,"Jan2018",1
6.07,"not",14.54,0.0849,0,36,"Mar2018",0
9.93,"verified",34.18,0.2001,0,36,"Feb2018",1
10.9,"source_only",7.8,0.2062,0,60,"Mar2018",1
16.01,"not",11.62,0.547,0,36,"Feb2018",1
13.59,"not",26.16,0.4122,1,60,"Jan2018",0
6.71,"not",15.54,0.3542,0,36,"Mar2018",0
9.93,"source_only",27.97,0.4666,1,36,"Feb2018",5
12.62,"verified",15.4,0.0974,0,36,"Feb2018",0
9.43,"not",14.16,0.5277,1,36,"Mar2018",0
9.93,"source_only",21.15,0.8918,0,36,"Jan2018",1
12.61,"source_only",19.73,0.9423,0,36,"Feb2018",0
11.98,"verified",19.93,0.6886,1,36,"Mar2018",5
7.34,"not",0.67,0.0029,0,36,"Mar2018",0
9.43,"verified",6.71,0.0398,0,36,"Mar2018",7
16.02,"source_only",20.25,0.8264,0,36,"Jan2018",3
13.59,"verified",39.05,0.7215,0,36,"Jan2018",4
16.02,"source_only",28.22,0.4659,0,36,"Jan2018",0
10.42,"source_only",17.68,0.5398,0,36,"Jan2018",3
6.07,"not",19.43,0.3658,0,36,"Mar2018",0
15.04,"source_only",13.17,0.6362,0,36,"Feb2018",2
12.62,"not",10.98,0.706,0,60,"Jan2018",2
13.58,"verified",35.68,0.4824,0,36,"Mar2018",2
10.41,"source_only",20.33,0.1489,0,60,"Mar2018",2
10.9,"source_only",12.67,0.5668,1,36,"Feb2018",4
11.99,"verified",2.36,0.648,0,36,"Jan2018",3
21.45,"verified",3.31,0.2986,0,60,"Jan2018",0
11.99,"not",21.78,0.8617,0,60,"Feb2018",0
12.62,"not",25.4,0.7528,0,36,"Feb2018",4
10.41,"not",12.62,0.7888,0,36,"Mar2018",0
10.91,"source_only",10.24,0.1409,0,36,"Feb2018",5
12.62,"source_only",26.24,0.6016,0,36,"Mar2018",1
9.93,"not",24.66,0.685,0,36,"Jan2018",1
19.03,"source_only",11.4,0.4896,0,36,"Jan2018",3
6.72,"verified",16.81,0.1055,0,36,"Jan2018",0
7.35,"not",11.34,0.107,0,36,"Jan2018",1
6.72,"not",15.09,0.3792,1,36,"Jan2018",2
5.31,"not",13.44,0.4848,0,36,"Mar2018",1
10.42,"source_only",28.17,0.1745,0,36,"Jan2018",4
9.44,"verified",3.53,0.0243,0,36,"Jan2018",2
20,"source_only",9.72,0.6316,0,60,"Jan2018",0
7.35,"not",26.58,0.3982,0,36,"Jan2018",2
5.31,"not",19.61,0.2177,0,36,"Feb2018",3
6.71,"source_only",24.66,0.5017,1,36,"Mar2018",5
13.59,"source_only",13.96,0.6292,0,36,"Feb2018",1
11.98,"source_only",21.43,0.1959,0,60,"Mar2018",0
13.59,"source_only",22.28,0.352,1,60,"Feb2018",18
17.47,"not",29.44,0.2544,0,36,"Feb2018",3
6.71,"not",13.32,0.5298,0,36,"Mar2018",0
9.43,"not",19.42,0.1324,0,36,"Mar2018",3
14.08,"verified",17.96,0.1959,0,36,"Feb2018",1
6.07,"not",19.56,0.1524,0,36,"Mar2018",3
17.47,"source_only",6.59,0.6031,0,60,"Mar2018",1
6.72,"not",31.02,0.3695,0,36,"Jan2018",5
12.62,"source_only",6.67,0.4683,1,36,"Feb2018",1
9.93,"source_only",11.32,0.2778,0,60,"Feb2018",1
16.01,"source_only",3.46,0,0,36,"Mar2018",0
9.93,"not",16.71,0.8121,0,36,"Feb2018",7
15.04,"not",16.54,0.6865,0,36,"Feb2018",3
6.72,"not",14.06,0.0917,0,36,"Feb2018",4
11.99,"not",22.99,0.6319,0,36,"Jan2018",0
9.93,"source_only",12.96,0.1468,0,60,"Jan2018",0
13.58,"source_only",11.02,0.5764,0,36,"Mar2018",2
11.99,"not",28.54,0.2586,0,36,"Jan2018",3
18.45,"source_only",5.25,0.4855,0,36,"Mar2018",1
6.72,"not",22.98,0.0709,0,36,"Jan2018",0
16.02,"not",26.32,0.6511,0,36,"Feb2018",1
5.31,"not",9.83,0.3726,0,36,"Mar2018",2
7.34,"not",20.1,0.5203,0,36,"Mar2018",0
6.72,"not",13.51,0.6289,0,36,"Feb2018",0
15.05,"verified",35.06,0.1599,0,36,"Feb2018",1
25.82,"not",9.26,0.8074,0,60,"Jan2018",3
26.3,"verified",34.55,0.4047,0,60,"Feb2018",0
7.35,"verified",19.47,0.5476,0,36,"Feb2018",4
9.93,"verified",14.61,0.2052,0,60,"Jan2018",1
5.32,"source_only",21.17,0.1576,0,36,"Jan2018",0
7.34,"not",58.27,0.2371,0,36,"Mar2018",6
13.59,"verified",21.29,0.5714,0,36,"Jan2018",1
7.96,"source_only",20.68,0.499,0,60,"Mar2018",6
16.01,"not",16.48,0.1602,0,36,"Mar2018",4
14.08,"source_only",34.59,0.777,0,36,"Jan2018",1
11.99,"verified",16.24,0.1158,0,60,"Jan2018",3
15.05,"verified",19.06,0.4358,0,36,"Feb2018",2
9.93,"source_only",14.25,0.4863,0,36,"Feb2018",0
9.93,"not",21.92,0.9097,0,36,"Feb2018",3
12.61,"verified",4.94,0.0302,0,60,"Feb2018",3
15.05,"not",15.13,0.8536,0,36,"Jan2018",6
11.99,"not",5.81,0.5265,0,36,"Feb2018",0
11.98,"source_only",22.72,0.563,0,36,"Mar2018",11
13.59,"not",52.75,0.6068,0,60,"Feb2018",0
17.47,"source_only",5.52,0.6042,0,36,"Mar2018",1
20,"verified",16.29,0.0297,0,36,"Feb2018",1
13.59,"source_only",29.87,0.3633,0,60,"Jan2018",3
10.91,"not",15.95,0.1821,0,36,"Feb2018",1
10.91,"source_only",9.01,0.6224,0,36,"Feb2018",1
7.35,"not",19.95,0.1841,0,36,"Jan2018",7
13.58,"source_only",4.64,0.9507,0,60,"Feb2018",1
19.03,"not",31.28,0.4678,0,36,"Jan2018",0
6.71,"not",29.03,0.6528,0,36,"Mar2018",0
9.93,"source_only",12,0.3175,0,60,"Jan2018",0
14.07,"source_only",21.79,0.8191,0,36,"Mar2018",0
17.09,"verified",21.41,0.4098,0,36,"Feb2018",0
10.91,"verified",19.32,0.2402,0,36,"Feb2018",2
17.09,"verified",23.24,0.482,0,36,"Feb2018",5
6.08,"not",14.24,0.3287,0,36,"Jan2018",0
10.91,"source_only",3.72,0.0469,0,36,"Jan2018",2
24.85,"source_only",9.81,1.0074,1,60,"Jan2018",0
15.05,"source_only",15.5,0.6706,0,36,"Feb2018",3
6.08,"not",32.51,0.4948,0,36,"Jan2018",0
12.61,"not",6.69,0.9499,1,60,"Mar2018",2
6.72,"not",7.8,0.5358,0,36,"Jan2018",0
9.44,"source_only",25.71,0.3387,1,36,"Jan2018",0
6.71,"source_only",22.35,0.2496,0,36,"Mar2018",1
10.42,"source_only",18.47,0.1467,0,60,"Jan2018",0
6.72,"not",5.57,0.2524,0,36,"Feb2018",1
9.93,"not",29.52,0.5239,0,36,"Jan2018",0
6.72,"source_only",19.29,0.279,0,36,"Feb2018",0
9.44,"not",17.98,0.1645,0,60,"Jan2018",2
13.59,"not",19.34,0.5157,0,36,"Jan2018",2
12.61,"source_only",18.1,0.3334,1,60,"Mar2018",1
21.45,"source_only",1.71,0.778,0,36,"Feb2018",1
9.43,"not",5.81,0.0621,0,36,"Feb2018",1
6.71,"not",0,0,0,36,"Mar2018",3
9.92,"not",7.92,0.4697,0,60,"Mar2018",1
19.42,"source_only",14.16,0.0995,0,36,"Mar2018",1
14.08,"verified",15.58,0.9596,1,36,"Feb2018",10
20,"verified",19.39,0.7262,1,60,"Jan2018",0
9.93,"not",10.96,0.8045,1,36,"Jan2018",7
7.35,"source_only",16.54,0.7784,0,36,"Jan2018",0
18.06,"source_only",17.35,0.0764,0,36,"Jan2018",9
14.08,"source_only",17.55,0.827,0,60,"Jan2018",5
13.59,"not",28.25,0.6753,0,36,"Feb2018",12
7.96,"source_only",13.03,0.1862,0,36,"Mar2018",3
5.31,"not",15.02,0.2089,0,36,"Mar2018",1
10.41,"not",17.65,0.5782,0,36,"Mar2018",0
9.44,"source_only",12.6,0.0767,0,60,"Jan2018",2
13.58,"source_only",17.89,0.5671,0,60,"Mar2018",5
23.88,"verified",29.7,0.6559,0,36,"Mar2018",1
13.59,"source_only",8.69,0.3906,0,36,"Jan2018",1
6.71,"source_only",17.36,0.467,0,36,"Mar2018",4
12.62,"not",4.18,0.2486,0,60,"Feb2018",1
9.44,"verified",20.51,0.1104,0,36,"Feb2018",3
15.05,"source_only",22.76,0.8327,0,36,"Jan2018",0
9.93,"not",5.56,0.7749,0,36,"Jan2018",0
18.06,"source_only",21.6,0.2714,0,60,"Jan2018",1
16.01,"source_only",17.85,0.9265,0,36,"Mar2018",5
11.99,"not",5.23,0.0232,1,36,"Feb2018",5
9.43,"verified",11.68,0.0586,0,36,"Mar2018",5
11.99,"source_only",13.11,0.3943,1,36,"Jan2018",2
5.32,"not",1.3,0.0151,1,36,"Jan2018",7
12.62,"source_only",12.77,0.6145,0,60,"Feb2018",0
15.05,"verified",25.79,0.1484,0,36,"Jan2018",1
15.05,"verified",13.65,0.6803,0,36,"Jan2018",2
10.42,"not",8.3,0.5813,0,36,"Jan2018",0
6.72,"source_only",3.06,0.0116,0,36,"Feb2018",3
7.35,"source_only",2.03,0.6316,0,36,"Jan2018",0
20.39,"not",3.93,0.7728,0,36,"Feb2018",3
6.08,"source_only",29.4,0.5572,0,36,"Feb2018",1
9.93,"source_only",15.23,0.323,0,36,"Mar2018",1
11.98,"source_only",6.38,0.171,0,36,"Mar2018",1
20.39,"source_only",17.56,0.7126,0,36,"Mar2018",0
13.58,"verified",22.54,0.1281,0,36,"Mar2018",7
5.31,"verified",11.07,0.3429,1,36,"Feb2018",0
16.02,"source_only",19.9,0.6105,0,36,"Feb2018",2
18.06,"source_only",11.5,0.1427,0,60,"Feb2018",5
19.03,"source_only",22.43,0.6656,0,60,"Feb2018",0
16.02,"not",31.35,0.5701,0,60,"Jan2018",1
9.93,"source_only",8.38,0.5162,1,36,"Feb2018",0
13.59,"verified",9.97,0.2072,0,60,"Jan2018",4
15.05,"source_only",33.16,0.4836,0,60,"Jan2018",1
23.87,"source_only",18.78,0.1093,0,36,"Mar2018",3
9.93,"not",17.42,0.1815,0,60,"Jan2018",0
20,"not",30.54,0.2234,0,60,"Jan2018",1
5.32,"source_only",6.51,0.3116,0,36,"Jan2018",1
26.77,"verified",20.98,0.2854,0,60,"Mar2018",1
7.34,"not",19.27,0.1894,0,36,"Mar2018",1
15.05,"not",9.54,0.0623,0,36,"Feb2018",1
10.9,"source_only",14.11,0.0507,1,36,"Mar2018",2
9.93,"source_only",24.75,0.5275,0,36,"Feb2018",3
7.35,"not",29.62,0.2518,0,36,"Jan2018",2
13.58,"not",20.88,0.2004,0,36,"Mar2018",0
14.07,"not",9.91,0.4851,0,36,"Mar2018",0
7.35,"not",9.72,0.1441,0,36,"Jan2018",2
11.99,"verified",3.04,0.04,0,60,"Jan2018",6
12.61,"verified",37.08,0.3401,0,60,"Mar2018",5
11.98,"not",28.63,0.7924,0,36,"Mar2018",0
9.92,"not",28.83,0.1446,0,36,"Mar2018",0
10.91,"not",11.15,0.5131,1,36,"Jan2018",1
14.07,"source_only",24.24,0.3983,0,60,"Mar2018",1
7.35,"not",18.13,0.6242,0,36,"Feb2018",1
9.92,"not",16.89,0.5012,0,36,"Mar2018",1
13.58,"not",18.38,0.4619,0,36,"Feb2018",1
6.71,"source_only",10.19,0.7013,0,36,"Mar2018",0
7.34,"source_only",8.79,0.0436,0,36,"Mar2018",3
5.32,"source_only",3.08,0.1032,0,36,"Jan2018",0
18.45,"source_only",31.45,0.0739,0,36,"Mar2018",1
19.42,"not",47.34,0.2471,0,60,"Mar2018",0
10.42,"source_only",13.94,0.2868,0,60,"Feb2018",2
6.71,"not",3.52,1.373,0,36,"Mar2018",0
6.08,"verified",9.97,0.295,0,36,"Feb2018",1
9.92,"source_only",19.26,0.926,0,36,"Mar2018",1
15.05,"source_only",9.08,0.1188,0,60,"Jan2018",1
25.82,"not",32.6,0.6369,0,36,"Feb2018",3
24.84,"verified",8.36,0.8595,0,60,"Mar2018",2
9.93,"source_only",13.38,0.2176,1,36,"Feb2018",8
7.97,"source_only",1.07,0.0501,0,36,"Jan2018",1
9.44,"verified",1.41,0.0101,0,60,"Feb2018",0
17.47,"verified",20.29,0.6018,0,60,"Mar2018",0
7.34,"not",11.07,0.1259,0,36,"Feb2018",1
13.59,"verified",35.67,1.0216,0,36,"Jan2018",0
18.06,"source_only",2.97,0.7178,2,60,"Feb2018",11
19.03,"verified",41.73,0.2759,0,60,"Feb2018",2
14.08,"not",15.54,1.1378,0,36,"Jan2018",2
12.62,"verified",26.81,0.6519,0,36,"Jan2018",2
14.08,"source_only",15.1,0.3493,1,36,"Jan2018",4
16.02,"not",19.28,0.8397,0,36,"Jan2018",0
10.9,"source_only",50.47,0.2313,0,36,"Mar2018",2
7.35,"not",6.46,0.2631,0,36,"Jan2018",2
6.72,"not",28.16,0.3313,0,36,"Jan2018",1
24.85,"not",30.41,0.5779,0,60,"Jan2018",0
10.91,"not",24.08,0.5186,1,36,"Feb2018",0
18.45,"verified",10.02,0.6766,0,36,"Feb2018",3
14.08,"source_only",23.98,0.526,0,36,"Jan2018",4
11.99,"source_only",19.26,0.285,0,36,"Jan2018",2
12.62,"source_only",27.04,0.9092,0,60,"Jan2018",1
14.07,"verified",11.84,0.904,0,60,"Mar2018",0
7.35,"source_only",13.37,0.1929,0,36,"Jan2018",2
7.97,"not",35.84,0.5275,0,36,"Feb2018",0
5.31,"source_only",12.55,0.1319,0,36,"Feb2018",1
19.03,"source_only",18.21,0.7893,0,60,"Jan2018",7
14.08,"source_only",18.14,0.6333,0,60,"Jan2018",2
16.02,"not",5.48,0.776,0,36,"Jan2018",0
13.59,"verified",48.24,0.4131,0,36,"Jan2018",1
11.98,"not",34.91,0.6428,0,36,"Mar2018",1
10.41,"verified",7.48,0.7669,0,36,"Mar2018",1
13.58,"source_only",28.7,0.6637,0,36,"Feb2018",3
9.92,"not",13.82,0.0991,0,60,"Mar2018",0
15.05,"source_only",30.79,0.4813,0,36,"Jan2018",1
11.99,"not",6.19,0.0248,0,60,"Jan2018",2
28.72,"verified",5.86,0.0635,0,60,"Mar2018",1
11.99,"source_only",20.5,0.6155,0,36,"Jan2018",2
24.85,"not",18.81,0.2953,0,60,"Feb2018",1
7.35,"source_only",2.33,0.0158,0,36,"Jan2018",1
15.05,"not",12.13,0.4931,0,36,"Jan2018",0
12.62,"verified",45.78,0.1043,0,60,"Jan2018",1
9.44,"not",14.49,0.2402,0,60,"Feb2018",0
14.07,"verified",45.99,0.2585,0,60,"Mar2018",0
11.99,"source_only",71.53,0.375,1,36,"Feb2018",0
9.43,"source_only",6.43,0.2741,0,36,"Mar2018",1
17.47,"source_only",26.35,0.5973,1,36,"Mar2018",12
5.31,"not",1,0.0133,0,36,"Mar2018",0
12.62,"source_only",1.36,0.3559,0,36,"Feb2018",1
7.35,"verified",26.67,0.0817,0,36,"Feb2018",1
15.04,"source_only",20.27,0.764,0,36,"Mar2018",0
11.98,"verified",20.25,0.9918,0,36,"Mar2018",4
14.07,"verified",29.51,0.8501,0,36,"Mar2018",0
5.32,"verified",11.21,0.1499,0,36,"Jan2018",1
10.91,"not",30.64,0.8503,0,36,"Jan2018",0
12.62,"not",13.57,0.1362,0,36,"Feb2018",1
7.35,"source_only",17.43,0.2135,0,36,"Jan2018",6
13.59,"not",15.48,0.0946,0,60,"Jan2018",3
10.91,"source_only",31.32,0.7948,0,36,"Feb2018",0
10.42,"verified",38.47,0.1004,0,60,"Feb2018",1
15.05,"source_only",16.73,0.5858,0,60,"Jan2018",0
10.42,"not",15.48,0.7086,0,60,"Jan2018",2
10.91,"not",11.07,0.139,0,36,"Feb2018",0
5.32,"source_only",24.76,0.148,0,36,"Feb2018",0
13.58,"source_only",0,0,1,60,"Mar2018",0
10.9,"source_only",10.26,0.1333,0,36,"Mar2018",0
9.44,"not",6.94,0.1788,0,36,"Jan2018",5
10.91,"verified",35.15,0.3765,0,60,"Feb2018",0
10.41,"not",8.08,0.0544,0,36,"Mar2018",1
7.97,"verified",26.75,0.3085,0,60,"Jan2018",1
20.39,"verified",21.43,0.8353,0,36,"Mar2018",0
10.9,"not",28.68,0.2141,0,36,"Mar2018",2
7.97,"source_only",17.58,0.1906,0,36,"Feb2018",0
5.32,"source_only",50.75,0.5651,0,36,"Feb2018",0
5.31,"not",12.83,0.0984,0,36,"Mar2018",2
15.05,"not",4.15,1.0336,0,36,"Jan2018",13
13.59,"source_only",23.72,0.5845,0,60,"Feb2018",11
17.47,"source_only",24.48,0.6125,0,36,"Mar2018",4
9.92,"verified",8.75,0.0366,0,36,"Mar2018",0
15.05,"verified",12.58,0.2029,0,36,"Jan2018",6
7.35,"not",15.5,0.1395,0,36,"Jan2018",2
9.93,"not",9.99,0.8237,0,36,"Feb2018",0
9.92,"verified",63.53,0.436,0,60,"Mar2018",1
13.59,"not",5.96,0.2328,0,36,"Jan2018",0
19.03,"verified",13.52,0.7461,0,36,"Feb2018",2
20,"source_only",4.96,0.1093,0,36,"Feb2018",9
9.93,"not",6,0.092,0,36,"Jan2018",2
6.08,"source_only",25.67,0.1922,0,36,"Jan2018",0
7.96,"source_only",7.5,0.2312,0,36,"Mar2018",1
9.44,"not",19.38,0.2453,0,60,"Feb2018",2
28.72,"source_only",13.03,0.8975,0,60,"Mar2018",2
26.3,"not",14.73,0.8116,0,60,"Jan2018",2
13.59,"source_only",7.01,0.4537,0,36,"Jan2018",1
6.72,"not",7.15,0.0793,0,36,"Jan2018",2
11.99,"source_only",7.2,0.1609,0,60,"Feb2018",2
19.42,"source_only",18.14,0.6916,0,36,"Mar2018",2
11.99,"source_only",9.4,0.4568,0,36,"Jan2018",0
25.82,"verified",21.16,0.6856,1,60,"Jan2018",0
15.04,"source_only",12.99,0.1315,0,60,"Mar2018",3
28.72,"verified",25.28,0.2997,0,60,"Jan2018",3
16.01,"source_only",3.99,0.0698,0,60,"Mar2018",6
12.62,"not",11.23,0.0986,1,60,"Jan2018",0
17.09,"source_only",25.14,0.7424,0,36,"Jan2018",0
6.08,"not",13.2,0.1743,0,36,"Jan2018",0
7.34,"not",16.56,0.1503,0,60,"Mar2018",0
6.72,"not",22.64,0.7058,1,36,"Jan2018",0
19.03,"verified",35.32,0.5949,0,36,"Jan2018",7
11.99,"verified",9.93,0.0472,0,60,"Jan2018",3
7.96,"verified",59.55,0.667,0,36,"Mar2018",0
9.92,"not",22.11,0.4299,0,60,"Mar2018",2
6.72,"verified",55.25,0.3012,0,36,"Jan2018",1
20,"not",25.49,0.467,0,60,"Feb2018",0
10.9,"source_only",16.63,0.6759,0,36,"Mar2018",0
6.72,"not",5.67,0.3057,0,36,"Feb2018",5
12.62,"not",3.48,0.4845,1,36,"Jan2018",1
6.07,"verified",29.23,0.4579,0,36,"Mar2018",0
14.07,"verified",25.32,0.6889,0,36,"Mar2018",3
18.06,"source_only",38.56,0.3487,0,36,"Feb2018",4
10.42,"verified",21.96,0.7588,0,36,"Jan2018",3
12.61,"not",7.95,0.0838,0,60,"Mar2018",3
7.97,"verified",13.8,0.7417,0,36,"Jan2018",3
11.99,"verified",8.74,0.3179,0,60,"Jan2018",0
19.03,"source_only",16.45,1.5764,1,36,"Jan2018",0
26.3,"verified",19.16,0.4976,0,60,"Feb2018",0
9.93,"source_only",21.63,0.1461,0,60,"Jan2018",0
21.85,"source_only",18.99,0.1847,0,60,"Mar2018",0
12.61,"verified",17.17,0.3498,1,36,"Mar2018",1
14.08,"verified",26.13,0.5328,0,36,"Feb2018",1
6.07,"source_only",3.85,0.0487,0,36,"Feb2018",0
12.61,"verified",11.31,0.0839,0,36,"Mar2018",5
10.91,"source_only",10.95,0.6604,0,36,"Jan2018",0
13.58,"verified",14.9,0.2934,0,36,"Mar2018",1
10.9,"verified",21.86,0.0428,0,36,"Mar2018",1
12.61,"verified",18.85,0.1643,0,36,"Mar2018",0
7.34,"source_only",19.72,0.2322,0,36,"Mar2018",2
7.34,"verified",19.08,0.4622,0,36,"Mar2018",3
6.72,"not",15.37,0.4024,1,36,"Jan2018",0
18.45,"verified",3.41,0.0572,0,60,"Mar2018",4
6.07,"source_only",7.94,0.1465,0,36,"Mar2018",0
5.32,"not",10.84,0.1248,0,36,"Jan2018",1
9.43,"source_only",22.16,0.1189,0,60,"Feb2018",2
15.04,"verified",24.58,0.6223,0,36,"Mar2018",0
6.08,"not",16.18,0.1328,1,36,"Jan2018",2
10.91,"not",19.92,0.4765,0,36,"Jan2018",1
10.41,"source_only",25.5,0.3574,0,36,"Mar2018",1
5.32,"source_only",7.01,0.0788,0,36,"Jan2018",2
7.96,"verified",34.98,0.4026,0,36,"Mar2018",0
10.9,"source_only",13.84,1.0975,0,36,"Mar2018",0
10.42,"source_only",14.59,0.2151,0,36,"Feb2018",2
26.77,"not",24.66,0.2423,0,60,"Mar2018",2
17.09,"source_only",18.87,0.7728,0,60,"Feb2018",5
17.47,"not",12.69,0.137,0,36,"Mar2018",6
15.05,"source_only",25.5,0.7569,1,36,"Jan2018",4
14.07,"verified",9.08,0.1098,0,36,"Mar2018",3
11.98,"source_only",19.58,0.564,1,36,"Mar2018",0
11.98,"not",5.28,0.5439,0,36,"Feb2018",2
16.02,"source_only",14.26,0.1909,0,60,"Feb2018",1
10.9,"source_only",18.67,0.1283,0,60,"Mar2018",3
6.72,"not",4.09,0.2024,0,36,"Jan2018",1
16.02,"not",7.83,0.037,0,60,"Feb2018",3
10.41,"source_only",16.77,0.3548,0,36,"Feb2018",3
13.59,"source_only",28.48,0.3022,0,36,"Jan2018",2
15.05,"verified",31.76,0.5761,0,36,"Jan2018",1
11.99,"source_only",23.57,0.2114,0,36,"Jan2018",2
9.92,"source_only",2.7,0.0348,1,60,"Mar2018",4
11.98,"not",0.0392,0.4655,0,36,"Mar2018",0
7.97,"source_only",8.71,0.1082,0,36,"Jan2018",3
11.99,"not",15.78,0.6065,0,36,"Feb2018",6
7.34,"source_only",27.98,0.7685,1,36,"Mar2018",2
19.42,"source_only",5.32,0.4112,0,36,"Mar2018",2
12.62,"not",21.39,0.0648,0,60,"Jan2018",0
7.96,"verified",33.29,0.1924,0,36,"Feb2018",3
11.99,"not",8.95,0.2754,0,60,"Feb2018",0
10.42,"source_only",14.68,0.3383,0,36,"Feb2018",2
11.99,"source_only",5.23,0.3548,0,36,"Feb2018",1
19.42,"not",25.41,0.5042,0,36,"Mar2018",0
11.98,"source_only",14.58,0.1639,0,60,"Mar2018",0
6.07,"not",26.47,0.1873,0,36,"Mar2018",2
6.72,"not",7.81,0.305,1,36,"Feb2018",2
6.72,"source_only",26.34,0.1554,0,36,"Feb2018",0
7.35,"source_only",9,0.1781,0,60,"Jan2018",3
13.59,"not",24.7,0.2051,0,36,"Feb2018",2
15.05,"verified",22.2,0.8624,0,36,"Feb2018",6
5.31,"not",9.36,0.1213,0,36,"Mar2018",0
9.43,"not",15.6,0.7454,0,36,"Mar2018",0
9.43,"not",19.09,0.779,1,36,"Mar2018",4
9.44,"source_only",9.38,0.1471,0,36,"Feb2018",0
20,"verified",19.31,0.1498,0,36,"Jan2018",6
10.42,"source_only",2.42,0.1922,1,60,"Jan2018",3
11.98,"not",14.64,0.446,1,36,"Mar2018",6
20.39,"source_only",26.42,0.6758,0,60,"Mar2018",2
9.93,"verified",19.44,0.0808,0,36,"Jan2018",2
12.61,"not",18.96,0.1954,0,36,"Mar2018",4
7.97,"verified",5.62,0.012,0,36,"Feb2018",7
9.44,"verified",19.86,0.1834,0,36,"Jan2018",0
14.07,"source_only",14.86,0.2957,0,60,"Mar2018",0
10.41,"not",14.51,0.1476,0,36,"Mar2018",0
13.59,"source_only",20.76,0.499,0,60,"Feb2018",0
14.07,"source_only",16.13,0.0829,0,60,"Mar2018",1
7.97,"verified",19.43,0.4676,0,36,"Feb2018",0
19.42,"not",31.08,0.331,0,60,"Feb2018",1
9.44,"source_only",20.34,0.813,0,36,"Jan2018",0
11.98,"source_only",12.46,0.4323,0,60,"Mar2018",0
7.96,"source_only",29.55,0.4898,0,36,"Feb2018",2
15.04,"verified",37.77,0.3623,0,36,"Feb2018",1
9.92,"not",9.55,0.803,0,36,"Mar2018",0
12.62,"source_only",15.53,0.5359,0,36,"Jan2018",0
18.45,"source_only",35.22,0.6579,0,36,"Mar2018",4
9.43,"source_only",6.7,0.2159,0,36,"Mar2018",4
21.85,"source_only",14.61,0.3178,0,60,"Mar2018",1
7.97,"not",8.82,0.2832,0,36,"Jan2018",6
18.06,"not",9,0.0175,0,36,"Jan2018",3
14.08,"source_only",25.46,0.4906,0,36,"Jan2018",9
18.06,"source_only",7.44,0.3689,0,60,"Feb2018",1
17.09,"not",26.19,0.5116,0,36,"Feb2018",3
9.93,"not",28.84,0.3933,0,36,"Jan2018",1
11.99,"not",23.9,0.367,0,36,"Mar2018",1
13.58,"source_only",16,1.0833,0,60,"Mar2018",3
10.9,"not",11.89,0.6173,0,60,"Mar2018",6
7.97,"not",22.41,0.4389,0,36,"Jan2018",2
7.35,"verified",2.9,0.0189,0,36,"Jan2018",4
10.91,"not",20.99,0.4132,0,36,"Jan2018",3
13.59,"source_only",18.99,0.4023,0,36,"Jan2018",0
7.34,"source_only",10.74,0.5021,0,36,"Mar2018",0
6.72,"source_only",3.23,0.0234,0,36,"Jan2018",9
10.91,"source_only",3.57,0.0562,0,60,"Feb2018",5
16.02,"verified",14.67,0.5787,0,60,"Feb2018",3
10.91,"source_only",11.03,0.1438,1,36,"Jan2018",6
6.72,"not",17.62,0.2147,0,36,"Feb2018",0
16.01,"not",13.02,0.2962,0,60,"Mar2018",3
10.42,"not",12.04,0.0847,0,36,"Feb2018",1
21.45,"verified",56.69,0.788,0,36,"Feb2018",7
9.93,"not",15.08,0.211,1,60,"Feb2018",4
5.32,"not",9.51,0.0907,0,36,"Jan2018",1
14.08,"verified",21.18,0.8015,0,36,"Jan2018",0
12.61,"verified",21.68,0.1341,1,36,"Feb2018",0
14.08,"source_only",12.29,0.3237,0,36,"Feb2018",3
10.91,"not",26.26,0.2613,0,36,"Jan2018",0
14.08,"verified",16.25,0.2354,1,36,"Feb2018",4
24.85,"source_only",10.49,0.4875,0,60,"Jan2018",3
14.07,"source_only",103.98,0.4968,0,60,"Mar2018",5
7.34,"verified",1.43,0.089,0,60,"Mar2018",0
12.61,"source_only",9.92,0.1007,0,60,"Mar2018",3
9.93,"source_only",26,0.4193,1,36,"Feb2018",2
13.59,"source_only",23.17,0.9013,0,36,"Feb2018",1
10.41,"source_only",4.91,0.0282,0,36,"Feb2018",0
19.03,"verified",36.4,0.5863,0,36,"Feb2018",1
9.44,"verified",18.52,0.1321,0,60,"Feb2018",5
10.9,"source_only",19.16,0.4019,0,36,"Mar2018",0
9.92,"not",27.14,0.8394,0,36,"Mar2018",0
10.9,"verified",1.17,0.0401,0,60,"Mar2018",6
13.59,"source_only",14.23,0.7621,1,36,"Feb2018",5
9.92,"not",20.14,0.4852,0,36,"Feb2018",4
11.99,"not",32.06,0.5349,0,36,"Feb2018",2
7.34,"verified",28.55,0.4178,0,36,"Mar2018",1
21.45,"source_only",22.99,0.5781,0,36,"Feb2018",0
9.93,"source_only",1.15,0.1182,0,36,"Jan2018",0
9.44,"source_only",23.23,0.2609,0,60,"Feb2018",3
18.06,"source_only",6.77,0.0694,0,60,"Jan2018",0
10.9,"not",21.28,0.2725,1,36,"Mar2018",1
13.59,"verified",8.47,0.1326,0,36,"Jan2018",0
6.71,"not",24.91,0.5137,1,36,"Mar2018",0
24.85,"verified",13.82,0.5433,0,60,"Feb2018",2
6.71,"verified",4.38,0.2767,0,36,"Mar2018",2
5.31,"verified",11.69,0.0627,0,36,"Mar2018",0
6.71,"source_only",1.61,0.0059,0,36,"Mar2018",0
11.98,"source_only",23.34,0.6523,0,36,"Feb2018",0
7.35,"not",7.77,1.0126,0,36,"Jan2018",2
6.71,"source_only",10.32,0.0362,0,36,"Feb2018",0
14.08,"source_only",36.09,0.5413,1,36,"Feb2018",9
12.62,"not",16.3,0.2625,0,60,"Jan2018",1
23.87,"verified",26.96,0.2022,0,36,"Mar2018",5
6.71,"not",10.09,0.1965,0,36,"Mar2018",0
16.02,"source_only",6.73,0.5604,0,60,"Feb2018",4
9.93,"not",22.7,0.1932,0,60,"Jan2018",0
7.96,"verified",0.7,0.0616,0,36,"Mar2018",1
10.42,"not",32.69,0.5587,0,36,"Feb2018",0
17.09,"source_only",13.71,0.4839,0,36,"Feb2018",3
5.32,"not",17.35,0.2643,0,36,"Feb2018",0
10.9,"source_only",16.02,0.6469,1,36,"Feb2018",1
7.35,"not",19.64,0.15,0,36,"Jan2018",3
5.31,"not",14.63,0.3251,0,36,"Mar2018",5
19.42,"verified",31.24,0.9023,0,36,"Mar2018",5
17.47,"verified",24.68,0.9612,0,36,"Mar2018",1
7.96,"source_only",10.68,0.1572,0,36,"Feb2018",1
15.04,"not",19.6,0.1362,1,36,"Mar2018",7
12.62,"source_only",9.9,0.8697,0,36,"Jan2018",0
5.31,"verified",53.38,0.0927,0,36,"Mar2018",2
10.42,"source_only",23.08,0.2656,0,36,"Jan2018",1
7.97,"not",13.29,0.2873,0,36,"Jan2018",7
10.91,"source_only",28.45,0.7783,1,36,"Jan2018",0
20.39,"source_only",24.03,0.8193,0,36,"Mar2018",0
5.32,"source_only",11.03,0.2113,0,36,"Jan2018",0
10.91,"not",10.5,0.0711,0,36,"Jan2018",0
12.62,"not",34.09,0.8828,0,36,"Jan2018",2
21.45,"not",21.22,0.6257,0,36,"Feb2018",0
14.08,"source_only",2.28,0.156,1,36,"Feb2018",0
6.72,"verified",23.77,0.1455,0,36,"Jan2018",0
16.01,"source_only",15.24,0.5712,1,60,"Mar2018",1
7.96,"not",11.61,0.3361,0,36,"Mar2018",1
7.97,"source_only",20.55,0.5774,0,36,"Feb2018",0
18.45,"source_only",16.99,0.6144,0,36,"Mar2018",0
9.93,"source_only",16.79,0.4107,0,36,"Jan2018",2
9.93,"not",28.94,0.1234,0,60,"Feb2018",3
7.35,"verified",50.47,0.1392,1,36,"Jan2018",1
10.42,"source_only",33.41,0.1955,0,36,"Jan2018",1
5.31,"not",11.2,0.163,0,36,"Feb2018",2
12.62,"source_only",23.35,0.4316,0,36,"Feb2018",0
18.45,"source_only",13.34,0.1494,0,36,"Mar2018",1
14.07,"source_only",27.36,0.4451,0,36,"Mar2018",2
15.05,"source_only",7.32,0.0545,0,36,"Jan2018",5
17.09,"verified",16.04,0.0849,1,60,"Feb2018",2
7.97,"not",24.24,0.1461,0,36,"Jan2018",3
10.42,"source_only",8.83,0.1532,2,36,"Feb2018",0
9.93,"not",8.83,0.255,0,36,"Jan2018",0
5.31,"not",19.59,0.4532,0,36,"Mar2018",1
6.07,"not",4.39,0.1371,0,36,"Mar2018",2
11.99,"source_only",9.59,0.7339,0,36,"Jan2018",0
7.35,"verified",17.74,0.0919,0,36,"Feb2018",2
5.31,"not",8.56,0.1138,0,36,"Feb2018",0
6.08,"not",21.49,0.1579,0,36,"Jan2018",0
9.92,"source_only",4.11,0.3347,0,36,"Mar2018",1
25.81,"source_only",9.31,0.5776,0,60,"Mar2018",3
5.31,"source_only",24.12,0.7465,1,36,"Mar2018",1
10.91,"source_only",8.83,0.141,0,36,"Jan2018",3
20,"source_only",8.98,0.4353,2,60,"Jan2018",3
9.43,"not",19.84,0.7258,0,60,"Mar2018",2
9.44,"not",16.3,0.7841,0,36,"Jan2018",4
12.61,"source_only",13.32,0.4531,0,36,"Mar2018",0
15.05,"source_only",12.04,0.8926,1,60,"Jan2018",1
6.08,"verified",12.01,0.5583,0,36,"Feb2018",2
9.93,"source_only",23.48,0.7824,0,36,"Feb2018",2
6.08,"verified",10.47,0.0321,0,36,"Feb2018",4
6.08,"verified",7.75,0.0556,0,36,"Jan2018",1
13.59,"source_only",33.94,0.6889,0,36,"Jan2018",3
17.09,"source_only",19.17,0.1797,0,36,"Jan2018",0
24.85,"source_only",103.52,0.3108,1,60,"Feb2018",1
9.93,"source_only",15.78,0.1438,0,60,"Feb2018",3
18.06,"source_only",12.43,0.6752,0,60,"Jan2018",2
9.44,"not",30.75,0.468,0,60,"Jan2018",0
12.61,"source_only",17.52,0.7222,0,36,"Mar2018",0
9.93,"not",34.38,0.367,0,36,"Jan2018",2
15.04,"not",11.25,0.4062,0,36,"Mar2018",3
13.58,"verified",21.89,0.9253,0,36,"Mar2018",4
17.47,"source_only",3.95,0.6496,0,36,"Mar2018",0
13.59,"not",36.38,0.5441,0,36,"Feb2018",1
19.42,"verified",19.16,0.9042,0,60,"Mar2018",0
5.32,"not",4.86,0.0942,0,36,"Mar2018",4
7.34,"verified",45.37,0.5838,0,36,"Mar2018",0
6.07,"not",18.09,0.2389,0,36,"Mar2018",0
10.9,"source_only",13.08,0.5907,0,60,"Mar2018",3
26.77,"verified",30.1,0.8324,0,60,"Mar2018",0
9.93,"not",12.88,0.501,0,60,"Jan2018",7
6.72,"not",15.77,0.0879,0,36,"Feb2018",0
10.91,"verified",26.56,0.1765,1,36,"Jan2018",0
7.96,"source_only",12.81,0.6068,0,36,"Mar2018",1
10.91,"source_only",12.72,0.7606,0,36,"Feb2018",2
18.06,"source_only",5.16,0.3817,1,36,"Jan2018",2
16.02,"source_only",10.33,0.8764,0,36,"Jan2018",1
9.44,"verified",15.73,0.3632,0,36,"Jan2018",4
19.03,"verified",29.37,0.7286,1,36,"Feb2018",3
6.71,"verified",15.36,0.2641,0,36,"Mar2018",1
19.03,"not",44.42,0.8928,0,60,"Jan2018",1
10.91,"source_only",11.4,0.8149,0,36,"Jan2018",7
19.03,"source_only",33.93,0.7284,0,60,"Jan2018",0
11.99,"source_only",1.63,0.3787,0,60,"Jan2018",0
10.91,"verified",17.32,0.064,0,36,"Jan2018",1
9.92,"source_only",1.95,0.118,0,60,"Mar2018",0
9.92,"not",0,0,0,60,"Mar2018",2
14.07,"not",5.79,0.3241,0,36,"Feb2018",2
10.42,"not",36.16,0.237,0,60,"Jan2018",0
11.99,"source_only",26.56,0.1613,0,60,"Jan2018",1
12.62,"not",5.03,0.3667,0,36,"Jan2018",3
6.08,"not",12.16,0.1748,0,36,"Feb2018",3
5.32,"not",8.84,0.0441,0,36,"Feb2018",0
11.99,"not",18,0.6349,0,60,"Jan2018",6
10.9,"source_only",18.76,0.681,0,36,"Mar2018",0
10.42,"not",11.44,0.349,0,60,"Jan2018",1
11.98,"not",52.7,0.055,0,60,"Mar2018",0
10.91,"verified",59.35,0.6261,0,36,"Feb2018",5
6.71,"not",12.95,0.7205,0,36,"Mar2018",0
15.05,"source_only",19.51,0.1545,0,60,"Feb2018",8
12.61,"source_only",12.78,0.2874,1,60,"Mar2018",3
10.91,"verified",40.8,0.7897,0,36,"Jan2018",4
14.07,"not",19.29,0.7341,0,36,"Feb2018",0
7.35,"not",14.49,0.4331,0,36,"Feb2018",8
7.97,"not",137.7,0.1348,1,36,"Jan2018",6
10.91,"source_only",5.96,0.3398,1,36,"Feb2018",2
26.77,"source_only",49.68,0.6993,0,60,"Mar2018",3
6.71,"not",17.57,0.5408,0,36,"Mar2018",0
10.41,"source_only",17.2,0.4861,0,36,"Mar2018",5
7.96,"source_only",19.12,0.2988,0,36,"Mar2018",5
10.91,"not",10.06,0.0317,0,36,"Feb2018",0
19.03,"verified",24.57,0.561,0,60,"Feb2018",3
6.07,"not",25.14,0.2534,0,36,"Mar2018",3
14.08,"source_only",18.88,0.7769,1,60,"Mar2018",0
16.01,"source_only",20.66,0.8512,0,36,"Mar2018",8
10.91,"not",13.49,0.1285,0,36,"Jan2018",1
11.99,"source_only",21.65,0.3342,0,36,"Feb2018",4
17.47,"source_only",13.67,0.2028,1,60,"Mar2018",4
6.08,"not",12.3,0.0793,0,36,"Jan2018",4
20.39,"not",45.8,0.0911,0,36,"Mar2018",6
11.99,"source_only",14.34,0.0979,0,60,"Jan2018",0
26.77,"source_only",34,0.1815,0,60,"Mar2018",6
9.92,"source_only",15.58,0.2865,0,36,"Feb2018",6
11.99,"source_only",12.38,0.1799,0,60,"Jan2018",3
18.45,"verified",25.75,0.2712,0,60,"Mar2018",7
19.03,"verified",119.48,0.9741,0,60,"Mar2018",0
21.45,"not",2.38,0.0215,0,36,"Feb2018",0
9.43,"source_only",1.23,0.1472,2,60,"Mar2018",1
10.41,"not",2.71,0.6091,0,36,"Mar2018",0
12.61,"not",16.31,0.888,0,36,"Feb2018",2
12.62,"source_only",13.7,0.2214,0,60,"Feb2018",4
13.58,"not",9.94,0.7699,0,36,"Mar2018",1
9.43,"not",12.52,0.0446,0,60,"Feb2018",3
19.03,"source_only",18.58,0.8243,0,36,"Jan2018",0
10.91,"source_only",13.64,0.21,0,36,"Feb2018",1
9.44,"source_only",15.95,0.1759,0,36,"Jan2018",1
18.06,"not",25.35,0.5344,0,36,"Feb2018",3
7.34,"not",4.3,0.3787,0,36,"Mar2018",1
17.47,"verified",13.63,0.5568,0,60,"Mar2018",1
12.62,"verified",33.88,0.5101,0,60,"Feb2018",2
9.92,"not",22.52,0.6116,0,36,"Mar2018",0
7.97,"source_only",22.49,0.331,0,60,"Feb2018",0
14.08,"source_only",26.61,0.7813,0,60,"Feb2018",2
19.03,"source_only",31.03,0.6024,0,60,"Jan2018",3
11.99,"verified",6.42,0.1348,0,60,"Jan2018",2
10.41,"not",31.61,0.4716,0,36,"Feb2018",1
14.08,"verified",24.67,0.1404,0,36,"Jan2018",11
21.45,"source_only",18.36,0.1839,1,36,"Jan2018",1
14.08,"not",41.34,0.4783,1,36,"Jan2018",3
13.59,"source_only",16.18,0.8096,0,36,"Jan2018",1
6.72,"not",24.26,0.3277,0,36,"Jan2018",1
10.42,"source_only",0.446977777777778,0.8531,1,36,"Jan2018",1
6.72,"not",19.96,0.5163,0,36,"Feb2018",0
5.32,"not",16.7,0.2069,0,36,"Feb2018",1
12.62,"verified",13.37,0.5981,0,36,"Feb2018",2
14.08,"verified",4.26,0.0306,0,60,"Feb2018",4
21.45,"source_only",9.5,0.0775,0,60,"Jan2018",0
16.02,"not",31.33,0.4191,0,36,"Jan2018",2
21.85,"verified",18.66,0.5573,0,36,"Mar2018",0
11.99,"not",19.44,0.6085,1,36,"Feb2018",1
28.72,"not",4.48,0.2977,0,60,"Mar2018",0
9.44,"not",25.85,0.2739,0,60,"Feb2018",4
18.06,"verified",34.61,0.3858,0,60,"Feb2018",0
21.45,"verified",47.13,0.6026,0,36,"Jan2018",0
11.98,"verified",35.64,0.3604,0,60,"Mar2018",1
19.03,"source_only",31.93,1.241,0,36,"Jan2018",0
10.91,"source_only",20.89,0.3766,0,36,"Feb2018",1
14.08,"verified",52.03,0.2355,0,60,"Jan2018",1
6.72,"not",1.75,0.0114,0,36,"Jan2018",3
7.34,"not",11.2,0.0231,0,60,"Mar2018",0
6.08,"not",26.61,0.2306,0,36,"Jan2018",3
6.72,"source_only",20.11,0.775,0,36,"Feb2018",0
10.91,"verified",13.66,0.0721,0,60,"Jan2018",3
14.08,"verified",37.58,0.2604,0,36,"Jan2018",0
11.99,"source_only",15.04,0.4934,0,60,"Feb2018",0
14.07,"not",10.71,0.1808,0,36,"Mar2018",2
13.59,"source_only",32.05,0.6333,0,36,"Feb2018",6
12.62,"not",11.87,0.5374,0,60,"Jan2018",0
14.07,"source_only",12.29,0.0829,1,36,"Mar2018",2
7.35,"not",34.89,0.3407,0,36,"Feb2018",0
14.08,"verified",27.99,0.5277,1,36,"Feb2018",15
10.9,"not",7.68,0.5517,0,36,"Mar2018",2
16.01,"source_only",23.38,0.088,1,60,"Feb2018",3
12.62,"verified",40.04,0.4994,1,60,"Feb2018",0
26.77,"verified",28.29,0.3415,0,60,"Mar2018",2
17.09,"source_only",22.1,0.3124,0,60,"Feb2018",3
13.59,"verified",31.73,0.2042,0,36,"Feb2018",1
12.61,"verified",17.36,0.513,0,60,"Mar2018",0
6.08,"not",19.88,0.1931,0,36,"Feb2018",0
26.3,"source_only",33.96,0.4873,0,36,"Feb2018",0
12.62,"not",12.42,0.0904,0,60,"Feb2018",0
7.96,"source_only",14.05,0.558,0,36,"Mar2018",3
14.08,"verified",23.05,0.1495,0,36,"Feb2018",0
15.04,"verified",11.21,0.7343,0,60,"Feb2018",3
14.08,"verified",60.63,0.7285,0,36,"Jan2018",3
25.82,"verified",39.88,0.3954,0,60,"Mar2018",1
9.93,"source_only",16.11,0.5453,0,60,"Feb2018",2
13.58,"verified",18.09,0.7856,0,60,"Mar2018",2
16.01,"source_only",8.11,0.1116,0,36,"Mar2018",1
13.59,"source_only",27.98,0.802,0,36,"Mar2018",11
13.58,"not",37.36,0.5443,0,36,"Mar2018",0
5.32,"not",8.9,0.0705,0,36,"Jan2018",0
10.9,"source_only",22.96,0.5631,1,36,"Mar2018",0
10.42,"verified",132.98,0.1914,0,36,"Jan2018",0
9.93,"source_only",22.78,0.2813,0,36,"Jan2018",2
6.72,"not",7.89,0.7262,0,36,"Feb2018",2
12.61,"verified",0,0,0,60,"Mar2018",3
12.62,"source_only",29.02,0.7106,0,36,"Jan2018",7
9.43,"source_only",23.08,0.5236,0,36,"Mar2018",2
12.61,"not",0.505106394325636,0.2144,0,60,"Mar2018",3
6.07,"source_only",30.05,0.1458,1,36,"Feb2018",3
9.93,"not",23.72,0.7689,0,36,"Jan2018",1
16.02,"not",18.19,0.218,0,36,"Jan2018",2
13.58,"source_only",9.74,0.115,0,36,"Mar2018",5
7.35,"source_only",7.13,0.5799,0,36,"Feb2018",1
7.35,"verified",0.97,0.0088,0,36,"Jan2018",0
13.59,"verified",42.27,0.772,1,60,"Jan2018",6
11.99,"source_only",4.48,0.4545,0,36,"Feb2018",0
5.32,"source_only",22.31,0.2143,0,36,"Feb2018",2
6.07,"verified",41.86,0.6232,0,36,"Mar2018",0
11.98,"not",6.86,0.1868,0,36,"Feb2018",1
11.98,"source_only",22.84,0.206,0,36,"Mar2018",2
11.99,"verified",25.23,0.4075,0,36,"Jan2018",5
11.99,"source_only",3.34,0.344,0,36,"Jan2018",0
7.97,"source_only",25.23,0.2371,0,36,"Jan2018",2
6.08,"source_only",17.69,0.4131,0,36,"Jan2018",0
16.02,"not",5.9,0.0379,0,60,"Jan2018",1
16.01,"verified",11.32,0.6453,0,36,"Mar2018",1
17.09,"not",30.69,0.2054,0,36,"Feb2018",2
13.59,"verified",7.77,0.5296,0,36,"Feb2018",0
10.91,"not",6.01,0.6006,0,36,"Feb2018",0
17.09,"not",2.05,0.0755,0,36,"Jan2018",1
9.43,"verified",14.45,0.4766,0,36,"Feb2018",1
14.07,"source_only",14.01,0.3504,0,60,"Mar2018",1
9.93,"not",25.66,0.3159,0,60,"Feb2018",5
16.01,"not",12.41,0.6689,0,36,"Mar2018",0
5.32,"not",18.24,0.4901,0,36,"Feb2018",0
5.32,"not",0.67,0.1056,1,36,"Jan2018",1
12.62,"not",35.56,0.5557,1,36,"Jan2018",0
24.85,"not",0.940582278481013,0.8305,1,60,"Feb2018",5
9.44,"source_only",15.18,0.2884,0,36,"Jan2018",2
15.04,"source_only",8.7,0.5128,0,60,"Feb2018",0
16.02,"source_only",2.06,1.1369,0,60,"Feb2018",2
17.47,"not",11.53,0.6593,0,60,"Mar2018",1
6.08,"source_only",24.29,0.1984,0,36,"Feb2018",0
9.93,"not",17.67,0.1198,0,60,"Jan2018",0
14.08,"source_only",33.22,0.3756,0,36,"Jan2018",5
11.99,"not",12.8,0.544,0,36,"Jan2018",3
5.31,"source_only",28.96,0.3533,0,36,"Mar2018",2
16.01,"verified",19.96,0.1259,0,60,"Mar2018",2
13.58,"source_only",22.08,0.2993,0,60,"Mar2018",2
14.07,"verified",28.24,0.826,0,60,"Mar2018",1
7.35,"source_only",23.28,0.1931,0,36,"Feb2018",0
10.42,"verified",16.26,0.2027,0,60,"Jan2018",0
10.42,"not",6.29,0.4874,0,60,"Feb2018",1
7.35,"not",9.79,0.1918,0,60,"Feb2018",0
11.99,"not",18.26,0.6568,0,36,"Jan2018",4
7.34,"not",10.29,0.4745,1,36,"Feb2018",0
9.93,"source_only",22.13,0.2697,1,60,"Feb2018",1
13.58,"not",44.7,0.6765,0,60,"Mar2018",3
7.35,"not",23.56,0.2782,0,36,"Jan2018",3
14.07,"not",31.44,0.2185,0,60,"Mar2018",5
11.99,"source_only",27.12,0.1667,0,36,"Feb2018",0
9.44,"not",12.28,0.5999,0,36,"Jan2018",0
5.31,"verified",2.99,0.2592,0,36,"Mar2018",0
14.08,"verified",28.31,0.1038,0,60,"Feb2018",0
19.03,"source_only",39.77,0.1973,0,60,"Jan2018",7
14.07,"source_only",12.23,0.4741,0,60,"Mar2018",2
6.72,"source_only",12.02,0.0693,0,36,"Feb2018",2
5.31,"source_only",4.65,0.0724,0,36,"Mar2018",3
9.44,"source_only",17.19,0.3514,0,60,"Feb2018",5
6.08,"not",20.79,0.3814,0,36,"Feb2018",0
18.45,"verified",19.98,0.1458,0,60,"Feb2018",1
10.9,"not",22.67,0.1875,0,36,"Mar2018",5
14.08,"source_only",6.02,0.9525,0,60,"Feb2018",1
9.93,"source_only",4.27,0.0643,0,60,"Jan2018",3
10.9,"source_only",89.07,0.6378,0,36,"Mar2018",4
15.05,"not",26.98,0.6348,1,60,"Jan2018",2
7.35,"not",12.21,0.3353,0,36,"Jan2018",0
26.3,"verified",53.25,0.6365,0,36,"Jan2018",2
5.31,"verified",28.82,0.3518,0,36,"Feb2018",4
9.93,"not",20.66,0.1403,0,60,"Feb2018",0
18.06,"not",39.57,0.1711,1,60,"Jan2018",3
10.9,"not",0.3485625,0.1324,0,36,"Mar2018",1
7.97,"not",33.78,0.222,0,36,"Jan2018",1
9.93,"not",8.64,0.1453,0,36,"Jan2018",1
7.35,"source_only",25.94,0.2672,0,36,"Feb2018",2
14.08,"source_only",9.63,0.2401,0,36,"Jan2018",3
10.91,"not",18.07,0.1794,0,60,"Mar2018",0
19.03,"verified",22.25,0.148,0,36,"Jan2018",0
7.35,"source_only",2.43,0.0903,0,36,"Mar2018",0
10.42,"source_only",17.94,0.5157,0,36,"Feb2018",3
16.02,"source_only",18.7,0.7182,0,36,"Jan2018",1
21.45,"source_only",21.27,0.644,0,60,"Jan2018",1
13.58,"not",17.88,0.0691,0,36,"Mar2018",7
14.08,"verified",24.47,0.832,0,36,"Jan2018",0
7.34,"not",20.91,0.5374,0,36,"Mar2018",2
16.02,"source_only",33.04,0.2801,0,36,"Feb2018",0
9.44,"source_only",12.05,0.4087,0,36,"Jan2018",1
12.62,"not",14.69,0.135,1,60,"Feb2018",2
7.35,"not",21.13,0.7608,0,36,"Feb2018",0
6.07,"not",27.74,0.2305,0,36,"Mar2018",1
9.93,"verified",31.33,0.4149,1,36,"Jan2018",2
9.43,"not",22.57,0.1091,0,60,"Feb2018",1
5.31,"not",12.72,0.0861,0,36,"Mar2018",0
17.09,"source_only",21.42,0.8029,0,36,"Jan2018",1
9.93,"not",11.2,0.0508,0,60,"Feb2018",0
19.03,"source_only",18.15,0.8822,0,60,"Jan2018",1
17.47,"verified",17.66,0.0759,0,60,"Mar2018",4
7.34,"not",17.53,0.4076,0,36,"Mar2018",1
6.72,"not",16.85,0.2524,0,60,"Jan2018",6
6.72,"not",22.54,0.1591,0,36,"Feb2018",0
10.91,"not",12.67,0.0564,0,36,"Jan2018",9
16.02,"source_only",23.28,0.7153,0,60,"Jan2018",4
6.72,"verified",15.09,0.1301,0,36,"Feb2018",1
9.93,"not",13.3,0.2582,0,36,"Jan2018",1
21.45,"verified",19.64,0.2151,0,60,"Jan2018",1
12.61,"source_only",5.74,0.3841,0,60,"Feb2018",2
21.45,"source_only",31.64,0.4008,0,60,"Mar2018",5
11.99,"not",3.23,0.9115,0,36,"Feb2018",0
6.08,"source_only",10.69,0.3804,0,36,"Jan2018",1
18.45,"source_only",10.33,0.8613,0,60,"Mar2018",0
24.85,"source_only",12.54,0.5936,0,36,"Jan2018",0
14.08,"source_only",8.92,0.0984,0,36,"Feb2018",1
15.05,"source_only",15,0.0677,0,60,"Feb2018",2
9.43,"source_only",21.21,0.1486,0,36,"Mar2018",1
6.72,"not",17.08,0.3863,0,36,"Jan2018",1
6.71,"not",25.65,0.2105,0,36,"Feb2018",2
9.44,"source_only",10.52,0.7878,0,36,"Feb2018",2
9.44,"source_only",6.31,0.6544,0,36,"Jan2018",1
10.42,"verified",27.79,0.2724,0,60,"Feb2018",4
30.65,"verified",37.72,0.6433,0,36,"Feb2018",2
9.93,"source_only",19.7,0.1001,0,36,"Feb2018",2
9.43,"source_only",28.95,0.2476,0,36,"Mar2018",0
9.44,"not",16.61,0.4287,1,36,"Jan2018",0
11.99,"verified",18.42,0.1534,0,36,"Jan2018",1
21.85,"verified",31.74,0.8338,1,60,"Feb2018",19
13.58,"source_only",33.81,0.4686,0,36,"Mar2018",0
7.35,"not",36.01,0.6585,0,36,"Mar2018",0
7.97,"not",4.64,0.0481,1,36,"Jan2018",2
25.82,"not",20.56,0.5705,0,36,"Feb2018",2
9.43,"not",12.82,0.2142,0,36,"Mar2018",2
14.07,"source_only",0,0,0,36,"Mar2018",2
20,"source_only",32,0.2268,0,36,"Jan2018",2
9.43,"verified",7.7,0.3697,1,36,"Mar2018",2
14.08,"verified",27.61,0.2505,0,36,"Jan2018",3
15.05,"source_only",14.6,0.1829,1,36,"Jan2018",4
9.92,"not",4.33,0.1042,0,60,"Mar2018",0
14.08,"source_only",16.4,0.2388,0,60,"Jan2018",3
13.58,"verified",20.54,0.7843,0,60,"Mar2018",3
18.06,"not",28.58,1.8353,1,60,"Jan2018",1
10.42,"source_only",21.6,0.6169,0,36,"Feb2018",0
16.02,"not",22.49,0.1975,0,36,"Jan2018",0
20,"source_only",15.44,0.8582,0,60,"Jan2018",2
12.62,"verified",12.92,0.1877,0,60,"Feb2018",1
9.93,"not",19.09,0.1321,0,60,"Mar2018",7
18.45,"source_only",25.96,0.7068,0,36,"Mar2018",2
6.08,"source_only",23.34,0.4232,0,36,"Jan2018",1
9.43,"verified",10.45,0.0789,0,36,"Mar2018",3
10.42,"not",29.66,0.4189,0,36,"Feb2018",0
16.02,"source_only",32.37,0.1519,0,36,"Jan2018",4
11.98,"not",39.37,0.6729,0,36,"Mar2018",0
19.42,"verified",13,0.0317,0,36,"Mar2018",1
10.91,"not",10.38,0.503,0,36,"Jan2018",0
21.45,"source_only",5.11,0.6606,0,60,"Feb2018",5
25.81,"not",50.47,0.2132,0,36,"Mar2018",4
7.96,"not",25.71,0.6971,0,36,"Mar2018",0
30.17,"verified",23.51,0.1478,0,60,"Jan2018",5
12.62,"verified",49.78,0.208,0,36,"Jan2018",2
10.91,"verified",23.08,0.2862,0,36,"Feb2018",4
11.99,"source_only",10.27,0.3237,0,60,"Feb2018",2
7.97,"verified",18.4,0.1103,0,36,"Jan2018",2
7.34,"not",24.48,0.4949,0,36,"Feb2018",0
12.62,"not",13.05,0.0566,0,60,"Feb2018",5
6.72,"source_only",11.64,0.5216,1,36,"Jan2018",3
15.04,"verified",29.72,0.3489,0,60,"Mar2018",5
6.08,"not",15.26,0.2463,0,36,"Feb2018",2
11.98,"source_only",19.75,0.8294,1,60,"Mar2018",4
12.61,"source_only",9.71,0.8538,0,36,"Mar2018",1
21.45,"verified",39.12,0.2675,0,60,"Jan2018",2
10.42,"source_only",15.44,0.4009,0,36,"Feb2018",0
14.08,"not",29.69,0.738,0,60,"Mar2018",0
9.44,"source_only",12.04,0.4816,0,36,"Jan2018",0
10.41,"not",26.06,0.9243,0,36,"Mar2018",1
12.62,"verified",24.63,0.4421,0,36,"Jan2018",3
19.03,"verified",3.59,0.5234,0,36,"Feb2018",2
9.44,"source_only",20.4,0.2243,0,60,"Jan2018",1
10.9,"not",5.96,0.4834,0,36,"Feb2018",0
24.85,"source_only",27.68,0.2447,0,60,"Feb2018",6
9.44,"source_only",8.9,0.3085,0,36,"Jan2018",0
10.42,"not",25.7,0.6924,0,36,"Jan2018",3
14.07,"verified",22.92,0.1039,0,60,"Mar2018",5
9.44,"verified",4.44,0.0585,0,60,"Feb2018",0
12.61,"source_only",19.8,0.4993,0,36,"Mar2018",4
6.08,"not",8.66,0.1867,0,36,"Jan2018",2
6.08,"not",18.35,0.2188,0,36,"Feb2018",1
16.02,"verified",25.14,0.8334,0,60,"Jan2018",3
15.04,"not",23.01,0.4338,0,36,"Mar2018",3
5.31,"source_only",8.69,0.0688,0,36,"Mar2018",0
20,"not",30.84,0.6515,0,36,"Feb2018",1
20.39,"verified",27.53,0.2126,1,60,"Mar2018",3
9.43,"not",1.56,0.0551,0,36,"Mar2018",3
9.93,"source_only",34.01,0.4242,0,36,"Jan2018",5
12.62,"verified",12.81,0.0994,0,60,"Feb2018",3
13.59,"not",15.21,0.6588,1,60,"Jan2018",6
7.35,"not",18.64,0.3218,0,36,"Jan2018",2
10.9,"source_only",34.23,0.1712,0,60,"Mar2018",0
9.93,"not",12.67,0.4747,0,60,"Jan2018",0
10.91,"not",7.68,0.2321,0,36,"Feb2018",2
10.9,"source_only",11.37,0.8248,0,36,"Mar2018",4
16.02,"source_only",5.39,0.4456,1,60,"Feb2018",1
20,"source_only",12.39,0.5477,0,36,"Jan2018",7
24.85,"source_only",16.79,0.9123,0,60,"Jan2018",1
28.72,"not",28.46,0.5066,0,60,"Feb2018",1
6.72,"not",22.14,0.2668,0,36,"Jan2018",3
14.08,"verified",23.61,0.2735,0,60,"Jan2018",1
9.93,"source_only",12.33,0.832,0,36,"Jan2018",2
12.62,"source_only",10.03,0.3693,1,60,"Jan2018",13
6.72,"verified",18.87,0.1731,0,36,"Feb2018",0
7.35,"verified",27.53,0.4198,0,60,"Feb2018",2
10.91,"verified",77.67,0.1782,0,36,"Jan2018",1
16.02,"verified",25.92,0.6433,0,60,"Feb2018",0
9.93,"verified",20.4,0.0395,0,36,"Jan2018",3
18.06,"verified",29.11,0.1325,0,36,"Jan2018",0
9.93,"source_only",24.76,0.0873,0,36,"Feb2018",0
17.09,"source_only",38.46,0.2787,0,36,"Jan2018",0
7.35,"not",9.11,0.4479,0,36,"Jan2018",1
12.62,"not",5.41,0.6115,0,36,"Jan2018",0
9.93,"source_only",37.21,0.1846,0,36,"Jan2018",1
21.85,"not",32.8,0.6,0,36,"Mar2018",1
9.44,"not",18.46,0.6668,0,36,"Jan2018",2
10.9,"source_only",22.97,0.711,0,60,"Mar2018",0
20,"verified",8.38,0.032,0,60,"Feb2018",2
13.59,"not",32.8,0.6804,0,36,"Mar2018",3
9.93,"not",30.91,0.1661,0,60,"Feb2018",2
9.93,"not",12.48,0.4859,0,36,"Jan2018",0
7.96,"verified",22.08,0.2499,0,36,"Mar2018",0
21.45,"verified",20.77,0.7266,0,36,"Feb2018",1
24.85,"verified",24.09,0.2935,1,60,"Mar2018",8
17.09,"verified",56.92,0.5552,0,36,"Feb2018",4
21.45,"not",22.42,0.8298,0,60,"Feb2018",2
11.99,"source_only",19.18,0.4478,0,60,"Feb2018",0
13.58,"verified",33.34,0.2742,0,36,"Mar2018",0
19.03,"source_only",27.05,1.0206,0,36,"Jan2018",0
7.97,"source_only",9.88,0.8823,0,36,"Jan2018",1
7.35,"not",21.07,0.4011,0,36,"Jan2018",4
22.91,"verified",36.2,0.2117,0,36,"Mar2018",1
9.93,"not",12.55,0.2965,0,36,"Jan2018",1
6.71,"not",37.42,0.8549,0,36,"Mar2018",1
6.07,"source_only",13.84,0.8335,0,36,"Mar2018",0
10.42,"verified",23.15,0.2264,0,60,"Feb2018",0
12.61,"not",32.41,0.2916,0,36,"Mar2018",1
16.01,"source_only",28.02,0.5612,1,60,"Mar2018",4
6.07,"not",12.98,0.1441,0,36,"Feb2018",6
6.08,"not",10.43,0.3051,0,36,"Jan2018",0
15.05,"source_only",21.41,0.2792,0,60,"Jan2018",1
7.96,"not",22.51,0.8014,0,36,"Mar2018",1
15.04,"not",6.91,0.0653,0,60,"Mar2018",4
6.08,"source_only",18.7,0.3272,0,36,"Jan2018",0
14.08,"verified",33.81,0.7151,1,60,"Jan2018",1
11.99,"source_only",22.37,0.9376,0,36,"Jan2018",2
10.9,"source_only",16.47,0.5688,1,36,"Mar2018",0
13.58,"source_only",17.17,0.6437,0,36,"Mar2018",6
10.91,"source_only",1.07,0.0923,0,36,"Feb2018",1
9.93,"source_only",20.69,0.3681,1,36,"Jan2018",2
19.03,"verified",35.5,0.6569,0,36,"Feb2018",1
10.41,"source_only",10.89,0.3109,0,36,"Mar2018",0
9.43,"not",10.06,0.0874,0,36,"Mar2018",0
18.06,"source_only",30.67,0.517,0,36,"Jan2018",1
12.62,"not",19.92,0.6532,0,36,"Jan2018",0
12.62,"not",15.59,0.6478,0,60,"Jan2018",1
14.08,"not",13.14,0.2413,1,36,"Jan2018",8
6.71,"not",15.12,0.3251,0,36,"Mar2018",0
14.08,"not",21.42,0.577,0,60,"Jan2018",12
11.99,"source_only",22.98,0.6219,0,36,"Mar2018",0
21.45,"verified",9.26,0.764,1,60,"Jan2018",0
16.01,"not",27.11,0.4835,0,36,"Mar2018",5
6.71,"verified",2,0.0463,0,36,"Mar2018",0
12.61,"not",18.36,0.5983,1,36,"Mar2018",0
13.58,"not",8.84,0.054,0,60,"Feb2018",1
7.35,"not",13.88,0.1114,0,60,"Mar2018",2
17.47,"source_only",28.99,0.751,0,36,"Mar2018",0
21.45,"verified",4.14,0.655,0,36,"Jan2018",3
11.98,"not",25.46,0.2683,0,36,"Mar2018",1
15.05,"verified",16.44,0.5204,0,36,"Jan2018",1
11.98,"source_only",10.13,0.127,0,36,"Mar2018",0
6.72,"source_only",4.19,0.0403,0,36,"Jan2018",0
15.05,"source_only",7.81,0.0843,0,60,"Feb2018",2
20.39,"verified",27.78,0.1852,0,60,"Feb2018",2
16.02,"source_only",16.36,0.7596,0,36,"Jan2018",0
5.32,"verified",28.77,0.1058,0,36,"Feb2018",0
7.35,"source_only",12.58,0.2089,0,60,"Feb2018",2
10.42,"verified",36.6,0.6447,0,36,"Jan2018",1
16.02,"source_only",13.28,0.7267,0,36,"Mar2018",1
6.07,"source_only",6.34,0.5972,0,36,"Feb2018",0
19.03,"verified",16.07,0.761,0,36,"Jan2018",3
6.71,"not",9.1,0.6625,0,36,"Mar2018",4
6.72,"not",35.2,0.3886,0,36,"Feb2018",0
18.45,"source_only",10.42,0.0834,0,36,"Mar2018",0
16.02,"verified",21.74,0.1621,0,60,"Jan2018",1
9.44,"not",12.79,0.2628,1,36,"Jan2018",0
22.91,"not",30.9,0.7349,0,36,"Feb2018",0
6.08,"not",9.15,0.5622,0,36,"Jan2018",0
9.92,"not",16.5,0.4296,1,36,"Feb2018",5
12.62,"verified",36.15,0.3139,0,36,"Jan2018",1
12.62,"not",22,0.1505,1,60,"Jan2018",7
21.45,"not",18.09,0.8205,0,36,"Jan2018",7
6.08,"not",16.02,0.0593,0,36,"Feb2018",1
17.47,"verified",34.98,0.2701,0,36,"Mar2018",1
11.98,"verified",18.22,0.1074,0,60,"Mar2018",4
15.05,"source_only",9.9,0.9317,0,36,"Jan2018",1
16.02,"not",12.99,0.6006,0,36,"Jan2018",1
10.91,"not",23.59,0.0994,1,36,"Feb2018",1
7.97,"source_only",13.82,0.4242,0,36,"Jan2018",0
14.07,"source_only",27.88,0.7539,0,36,"Mar2018",1
24.85,"source_only",6.39,0.0171,0,60,"Feb2018",4
13.58,"verified",22.16,0.1364,1,60,"Feb2018",2
9.93,"verified",10.49,0.5781,0,36,"Jan2018",8
6.08,"not",24.5,0.5794,0,36,"Jan2018",0
7.35,"verified",11.4,0.1806,0,36,"Feb2018",3
15.04,"source_only",2.7,0.1406,0,36,"Mar2018",1
9.44,"source_only",5.39,0.0939,0,36,"Jan2018",2
12.61,"not",26.6,0.5923,0,60,"Mar2018",0
11.98,"not",25.36,0.2458,0,60,"Feb2018",1
12.61,"verified",22.88,0.8985,0,36,"Feb2018",3
6.71,"source_only",8,0.7074,0,36,"Mar2018",1
20.39,"source_only",14.08,0.74,0,36,"Mar2018",0
9.43,"not",15.77,0.1547,0,36,"Mar2018",0
22.91,"source_only",12.35,0.6458,0,36,"Jan2018",5
16.02,"not",21.09,0.3868,0,60,"Feb2018",0
10.42,"verified",27.76,0.1814,0,60,"Feb2018",6
20.39,"source_only",10.31,0.9519,0,60,"Mar2018",2
12.61,"not",14.3,0.6003,0,60,"Mar2018",0
15.04,"verified",21.55,0.5134,0,36,"Mar2018",0
6.08,"not",18.89,0.3315,0,36,"Jan2018",3
18.06,"verified",191.7,0.2876,0,60,"Feb2018",3
10.91,"source_only",19.05,0.1515,0,60,"Feb2018",2
7.34,"not",23.21,0.5854,0,36,"Mar2018",0
6.72,"source_only",17.19,0.3174,0,36,"Feb2018",1
15.05,"not",37.07,0.6286,0,36,"Jan2018",3
5.32,"source_only",2.68,0.0286,0,36,"Jan2018",2
6.72,"source_only",8.4,0.5487,0,60,"Feb2018",0
19.03,"source_only",23.84,0.2954,0,36,"Feb2018",0
7.97,"source_only",35.38,0.6702,0,36,"Feb2018",6
17.09,"verified",39.51,0.5709,0,60,"Feb2018",4
14.08,"not",10.72,0.9339,0,36,"Jan2018",2
15.04,"not",17.71,0.0661,0,36,"Feb2018",0
21.45,"verified",42.65,0.7924,0,36,"Feb2018",1
9.44,"not",5.95,0.4269,0,36,"Jan2018",1
9.93,"source_only",48.19,0.23,0,36,"Jan2018",0
14.08,"source_only",17.95,0.5041,0,60,"Jan2018",0
15.05,"source_only",174.49,0.5489,0,60,"Jan2018",1
15.05,"source_only",16.37,0.5681,1,36,"Feb2018",3
9.44,"source_only",15.92,0.401,0,36,"Jan2018",1
5.31,"source_only",9.37,0.1591,0,36,"Mar2018",1
10.42,"source_only",18.5,1.2045,0,36,"Jan2018",5
6.72,"not",7.47,0.1076,0,36,"Jan2018",5
17.09,"not",33.28,0.5345,0,60,"Jan2018",2
14.07,"not",8.55,0.5086,0,60,"Feb2018",2
13.59,"verified",18.8,0.31,0,60,"Feb2018",1
15.04,"source_only",28.93,0.8755,0,36,"Mar2018",22
11.98,"not",3.27,0.1562,0,60,"Mar2018",0
9.92,"source_only",30.64,0.4816,1,36,"Feb2018",1
15.04,"not",14.14,0.0765,0,60,"Mar2018",0
17.47,"source_only",29.27,0.6967,1,36,"Mar2018",3
6.07,"not",6.77,0.2417,0,36,"Mar2018",0
11.99,"not",14.77,0.7009,0,36,"Feb2018",0
14.07,"verified",43.08,0.1259,0,36,"Mar2018",0
6.08,"verified",26.79,0.1131,0,36,"Jan2018",2
13.58,"source_only",4.28,0.3056,0,36,"Feb2018",1
5.32,"source_only",7.98,0.5315,0,36,"Feb2018",3
15.04,"source_only",7.95,0.0966,0,60,"Feb2018",1
10.42,"source_only",20.48,0.8369,0,60,"Jan2018",0
7.35,"source_only",18.01,0.2969,1,36,"Feb2018",2
13.58,"source_only",32.08,0.1647,0,36,"Mar2018",1
7.35,"source_only",24.91,0.7639,0,36,"Jan2018",1
7.34,"not",37.24,0.5817,0,36,"Mar2018",1
10.42,"source_only",9.38,0.0995,0,60,"Jan2018",2
11.98,"verified",7.99,0.0828,0,60,"Mar2018",0
16.02,"source_only",34.08,0.1705,0,36,"Jan2018",2
12.61,"source_only",9.07,0.0708,0,36,"Feb2018",1
9.44,"not",15.02,0.556,0,36,"Feb2018",3
19.03,"not",4.55,0.0305,0,36,"Feb2018",2
14.08,"verified",24.36,0.1336,0,60,"Feb2018",24
9.44,"source_only",22.59,0.6351,0,36,"Jan2018",0
9.93,"source_only",11.33,0.142,0,36,"Feb2018",1
30.79,"not",25.3,0.7622,0,60,"Feb2018",0
18.45,"source_only",19.55,0.1766,0,36,"Mar2018",3
9.93,"not",9.36,0.8208,0,36,"Feb2018",0
16.02,"source_only",11.57,0.7427,1,60,"Jan2018",1
9.44,"not",10.56,0.7071,1,36,"Feb2018",1
16.02,"not",34.49,0.7086,1,36,"Jan2018",0
14.07,"source_only",22.65,0.6818,1,36,"Feb2018",2
17.09,"verified",3.47,0.1229,0,60,"Jan2018",7
12.62,"not",35.95,0.7345,0,36,"Feb2018",1
16.01,"source_only",21.44,1.0317,0,60,"Mar2018",2
10.91,"source_only",18.56,1.036,0,36,"Jan2018",2
16.02,"verified",29.97,0.6682,0,60,"Jan2018",0
11.98,"not",20.04,0.066,0,36,"Feb2018",0
7.35,"source_only",1.5,0.0896,0,36,"Feb2018",0
15.04,"not",15,0.7071,1,36,"Feb2018",1
13.58,"verified",22.64,0.2922,1,60,"Mar2018",2
7.97,"verified",29.17,0.3069,0,36,"Feb2018",5
20.39,"verified",94.29,0.8415,0,36,"Feb2018",4
10.42,"verified",35.16,0.7096,0,36,"Feb2018",0
7.97,"source_only",21.98,0.4677,0,36,"Feb2018",5
9.93,"source_only",14.94,0.2339,0,36,"Feb2018",1
19.03,"source_only",14.05,0.1207,0,36,"Feb2018",1
10.42,"source_only",3.6,0.5731,0,36,"Feb2018",0
7.35,"source_only",23.72,0.3206,0,36,"Jan2018",3
15.05,"not",2.98,0.0038,0,60,"Jan2018",1
13.59,"source_only",2.1,0.3273,0,36,"Jan2018",4
5.31,"verified",4.66,0.0168,0,36,"Mar2018",2
21.45,"verified",13.54,0.2192,0,60,"Jan2018",2
26.3,"source_only",32.71,0.9675,0,60,"Feb2018",0
6.08,"source_only",12.44,0.175,0,36,"Jan2018",2
18.06,"not",18.23,0.1286,0,36,"Jan2018",2
7.96,"not",15.07,0.5131,1,36,"Mar2018",0
20,"not",30.89,0.7123,0,36,"Jan2018",1
12.61,"source_only",4.99,0.1589,0,36,"Mar2018",1
6.08,"not",6.26,0.2524,0,36,"Feb2018",1
13.58,"not",10.58,0.3638,1,36,"Mar2018",1
15.05,"verified",30.35,0.7531,1,36,"Feb2018",0
5.31,"not",18.41,0.089,0,36,"Mar2018",0
7.35,"source_only",17.91,0.1141,0,36,"Jan2018",4
7.34,"source_only",11.52,0.4358,0,36,"Mar2018",6
7.97,"not",13.71,0.475,0,36,"Feb2018",6
19.03,"verified",21.9,0.7497,0,36,"Feb2018",2
16.02,"verified",41.35,0.2346,1,60,"Feb2018",6
11.98,"source_only",21.33,0.5124,1,36,"Mar2018",2
6.08,"verified",4.37,0.015,1,36,"Feb2018",5
7.96,"not",28.42,1.004,0,36,"Mar2018",0
13.59,"verified",13.37,0.1079,0,36,"Jan2018",1
30.79,"verified",27.78,0.8291,0,60,"Jan2018",0
13.58,"not",28.67,0.8465,0,36,"Feb2018",4
14.08,"not",30.9,0.7734,0,36,"Feb2018",1
6.08,"not",27.35,0.3313,0,36,"Jan2018",6
7.35,"not",23.24,0.4983,0,36,"Jan2018",1
12.61,"source_only",24.93,0.6173,0,36,"Mar2018",0
10.42,"not",12.26,0.7379,0,36,"Feb2018",1
14.08,"not",30.68,0.2685,0,60,"Feb2018",1
9.93,"source_only",15.23,0.1489,0,60,"Feb2018",4
5.32,"source_only",13.56,0.1339,0,36,"Jan2018",1
11.99,"source_only",6.93,0.9062,0,36,"Feb2018",1
11.99,"verified",21.76,0.1819,0,36,"Jan2018",0
10.9,"source_only",1,1.0077,0,36,"Mar2018",3
19.03,"verified",20.91,0.5506,0,60,"Jan2018",1
26.3,"verified",28.44,0.6687,0,36,"Feb2018",2
6.72,"source_only",13.68,0.4104,0,36,"Jan2018",2
14.08,"verified",15.98,0.2005,0,60,"Feb2018",1
15.05,"not",16.36,0.8801,1,36,"Jan2018",1
16.02,"source_only",19.29,0.1181,0,60,"Jan2018",1
9.93,"verified",22.74,0.1816,0,36,"Feb2018",3
16.02,"verified",31.92,0.9522,0,36,"Feb2018",2
10.42,"source_only",8.95,0.3385,0,36,"Feb2018",1
15.05,"source_only",8.96,0.8436,0,36,"Jan2018",0
7.97,"not",4.7,0.0856,1,36,"Feb2018",2
9.43,"not",19.65,0.4617,0,36,"Mar2018",0
13.58,"not",8.97,0.1571,0,60,"Mar2018",0
15.05,"source_only",38.93,0.6798,0,36,"Jan2018",1
13.58,"source_only",25.83,0.7477,0,60,"Mar2018",2
7.34,"source_only",25.29,0.51,0,36,"Mar2018",5
13.59,"source_only",24.53,0.1719,0,60,"Jan2018",0
11.99,"not",23.81,0.6693,0,36,"Feb2018",1
21.85,"verified",17.35,0.7831,0,60,"Mar2018",0
7.35,"not",9.65,0.7197,0,36,"Feb2018",0
20,"not",31.91,0.6056,0,60,"Feb2018",3
21.45,"not",19.29,0.229,0,60,"Jan2018",2
12.61,"source_only",16.67,0.293,0,60,"Mar2018",2
12.62,"not",19.97,0.1709,0,36,"Jan2018",3
20.39,"not",25.55,1.0171,0,60,"Mar2018",0
5.32,"not",22.52,0.4504,0,36,"Jan2018",0
12.61,"not",32.35,0.6247,0,60,"Mar2018",0
5.31,"not",9.99,0.1631,0,36,"Mar2018",0
10.91,"verified",21.12,0.1833,0,36,"Jan2018",0
15.05,"not",40.5,0.5703,0,36,"Jan2018",0
10.91,"not",7.19,0.5386,0,60,"Feb2018",1
17.47,"not",16.13,0.666,0,36,"Mar2018",4
7.97,"source_only",9.06,0.3609,0,36,"Feb2018",0
7.35,"verified",10.34,0.2653,0,36,"Jan2018",0
9.44,"source_only",32.52,0.2688,0,36,"Jan2018",1
14.07,"verified",12.29,0.5175,0,60,"Mar2018",0
18.06,"source_only",38.68,0.222,0,36,"Feb2018",2
26.77,"source_only",36.53,0.1838,0,60,"Mar2018",15
12.62,"not",15.5,0.111,0,60,"Jan2018",0
7.35,"not",21.26,0.3688,0,36,"Jan2018",1
12.61,"verified",31.53,0.3499,0,36,"Mar2018",0
5.32,"source_only",5.71,0.1117,0,36,"Feb2018",1
12.62,"source_only",1.79,0.3595,0,36,"Jan2018",0
9.93,"source_only",13.73,0.7231,0,60,"Jan2018",2
19.42,"verified",12.82,0.5205,0,36,"Mar2018",3
9.92,"source_only",22.42,0.179,0,60,"Mar2018",1
5.31,"source_only",27.74,0.7656,0,36,"Mar2018",0
10.41,"not",28.19,0.5137,0,36,"Mar2018",10
17.47,"source_only",14.82,0.5739,0,36,"Mar2018",3
21.45,"verified",25.3,0.8651,0,60,"Jan2018",0
5.32,"not",3.52,0.1701,0,36,"Jan2018",1
7.35,"verified",15.46,0.6405,0,36,"Feb2018",0
9.43,"not",19.73,0.2005,0,60,"Mar2018",3
12.62,"verified",14.24,0.722,1,36,"Jan2018",3
10.41,"source_only",28.02,0.6438,1,36,"Mar2018",0
10.42,"not",27.83,0.4099,0,36,"Jan2018",1
10.41,"not",12.51,0.2046,1,60,"Feb2018",0
16.01,"verified",24.28,0.1828,0,60,"Feb2018",6
13.59,"source_only",18.18,0.0968,1,60,"Feb2018",3
14.08,"not",11.65,1.1221,0,36,"Feb2018",1
6.72,"source_only",0.74,0.0855,0,36,"Feb2018",0
25.82,"source_only",22.96,0.8357,0,60,"Feb2018",12
24.85,"source_only",23.6,0.2615,0,60,"Feb2018",1
7.96,"not",10.9,0.0861,0,36,"Mar2018",5
10.9,"verified",1.77,0.0246,0,36,"Mar2018",1
7.34,"not",8.37,0.3185,0,36,"Mar2018",0
16.02,"source_only",22.64,0.5252,0,36,"Jan2018",18
10.91,"not",22.08,0.4527,0,36,"Feb2018",3
11.98,"source_only",18.38,0.5313,0,60,"Mar2018",0
11.99,"verified",16.82,0.1504,0,60,"Jan2018",5
6.07,"not",27.28,0.0521,0,36,"Mar2018",2
15.05,"verified",69.44,0.3083,1,60,"Jan2018",0
21.45,"verified",17.73,0.4188,0,60,"Jan2018",2
6.08,"source_only",8.32,0.0743,0,36,"Feb2018",4
12.61,"not",46.32,0.8568,0,36,"Mar2018",0
10.42,"not",26.72,0.4051,0,60,"Jan2018",1
6.72,"not",14.98,0.1234,0,36,"Feb2018",1
14.08,"source_only",9.64,0.8073,1,36,"Feb2018",1
6.08,"not",10.77,0.0618,0,36,"Jan2018",3
7.96,"source_only",28.4,0.6857,1,36,"Mar2018",0
16.02,"source_only",36.89,0.5159,0,36,"Feb2018",5
19.03,"not",11.88,0.7671,0,36,"Jan2018",1
7.34,"source_only",23.48,0.6696,0,36,"Mar2018",4
7.97,"not",6.76,0.1092,0,36,"Jan2018",3
17.09,"not",25.31,0.287,0,60,"Feb2018",1
9.93,"verified",44.71,0.4892,0,60,"Jan2018",2
11.98,"not",33.22,0.4152,0,60,"Feb2018",1
9.44,"source_only",13.09,0.4664,0,60,"Feb2018",1
11.98,"source_only",24.46,1.0615,0,36,"Mar2018",3
9.93,"verified",30.8,0.6776,0,36,"Jan2018",0
12.62,"verified",17.38,0.5172,1,36,"Jan2018",2
15.04,"source_only",19.22,0.3125,0,60,"Mar2018",9
19.03,"verified",11.61,0.1797,1,60,"Feb2018",3
19.03,"not",35.71,0.0416,0,60,"Jan2018",1
11.98,"verified",10.91,0.3727,0,36,"Mar2018",2
10.41,"not",9.89,0.2952,0,36,"Feb2018",4
7.34,"not",12.88,0.0892,0,60,"Mar2018",4
17.09,"source_only",2.2,0.3587,0,60,"Feb2018",4
5.31,"not",19.2,0.4617,0,36,"Mar2018",1
6.07,"not",6.79,0.0389,1,36,"Mar2018",4
16.02,"source_only",13.73,0.1321,0,60,"Feb2018",0
7.34,"not",24.15,0.5973,0,36,"Mar2018",1
15.04,"not",15.76,0.1818,0,36,"Mar2018",6
11.99,"source_only",10.66,0.3371,1,60,"Jan2018",5
11.99,"source_only",19.49,0.7711,0,36,"Jan2018",0
26.3,"verified",12.25,0.1412,1,60,"Feb2018",0
6.71,"not",14.46,0.1192,0,36,"Mar2018",1
13.59,"source_only",18.86,0.6069,1,36,"Feb2018",1
20.39,"source_only",24.08,0.4344,0,60,"Mar2018",2
5.31,"source_only",25.92,0.4269,0,36,"Mar2018",0
6.72,"not",7.38,0.4477,0,36,"Jan2018",0
19.03,"source_only",4.74,0.6868,0,60,"Jan2018",3
12.61,"source_only",17.14,0.1764,0,60,"Mar2018",0
16.02,"verified",13.78,0.0891,0,36,"Feb2018",4
17.09,"source_only",32.98,0.588,0,36,"Jan2018",2
20,"verified",3.3,0.6128,0,60,"Feb2018",2
12.62,"verified",27.56,0.7278,0,60,"Feb2018",4
15.05,"not",14.62,0.4706,0,60,"Feb2018",0
6.71,"source_only",18.24,0.3898,1,36,"Mar2018",0
16.02,"verified",19.17,0.1378,0,60,"Feb2018",1
10.91,"verified",6.18,0.3325,0,36,"Jan2018",2
7.34,"not",4.94,0.2348,0,36,"Mar2018",0
14.08,"verified",5.7,0.3683,0,36,"Feb2018",3
6.72,"not",34.56,0.5103,1,36,"Jan2018",0
15.05,"source_only",34.24,0.722,0,60,"Feb2018",0
7.35,"source_only",15.94,0.468,0,36,"Feb2018",0
7.97,"source_only",16.34,0.2875,0,36,"Jan2018",4
9.43,"source_only",22.56,0.0053,0,36,"Feb2018",1
10.9,"source_only",15.86,0.1831,0,36,"Mar2018",2
6.72,"not",1.88,0.0217,0,36,"Jan2018",0
9.93,"verified",44.14,0.6644,0,60,"Feb2018",0
7.34,"not",8.12,0.0888,0,36,"Mar2018",0
14.08,"source_only",16.5,0.1501,1,60,"Feb2018",4
19.42,"source_only",12.58,0.5642,0,36,"Mar2018",0
7.97,"source_only",7.37,0.0566,0,36,"Feb2018",0
10.9,"verified",7.78,0.0944,0,36,"Mar2018",2
9.44,"not",11.15,0.2831,1,36,"Jan2018",0
10.91,"verified",10.59,0.0902,1,36,"Feb2018",4
9.43,"verified",35.73,0.3173,1,36,"Mar2018",8
19.42,"verified",17.91,0.6492,0,36,"Mar2018",0
24.85,"source_only",12.92,0.4233,0,60,"Jan2018",0
12.61,"not",19.54,0.6745,0,36,"Feb2018",1
13.58,"not",30.66,0.7327,0,36,"Mar2018",0
21.45,"source_only",42.29,0.7134,1,60,"Feb2018",10
12.61,"source_only",37.43,0.1492,1,36,"Mar2018",2
13.59,"source_only",14.59,0.2045,0,60,"Jan2018",4
21.45,"not",5.98,0.1499,0,36,"Feb2018",1
16.02,"source_only",3.79,0.2111,0,36,"Jan2018",3
15.04,"source_only",30.19,0.6185,0,36,"Feb2018",2
10.9,"source_only",15.91,0.4823,0,36,"Feb2018",0
13.59,"not",8.02,0.7573,0,36,"Feb2018",1
12.62,"verified",68.61,0.3411,0,36,"Jan2018",2
7.97,"source_only",14.41,0.1768,0,36,"Feb2018",0
12.62,"source_only",27.26,0.202,0,36,"Mar2018",0
17.09,"verified",15.82,0.1516,0,60,"Jan2018",1
20,"source_only",17.41,0.4659,0,60,"Jan2018",1
19.42,"verified",33.63,0.6767,0,60,"Feb2018",0
9.44,"not",13.83,0.4503,1,36,"Jan2018",1
20.39,"source_only",0,0,0,36,"Feb2018",1
17.09,"source_only",23.3,0.4275,1,60,"Jan2018",1
10.9,"not",30.36,0.7412,0,36,"Mar2018",6
16.01,"verified",17.54,0.5427,0,36,"Mar2018",1
17.09,"source_only",26.21,0.7483,0,60,"Jan2018",3
9.93,"not",11.63,0.7717,0,60,"Mar2018",3
9.43,"source_only",16.79,0.6724,0,36,"Mar2018",0
6.72,"not",20,0.0941,0,36,"Jan2018",2
17.09,"not",23.89,0.3864,0,36,"Feb2018",4
15.05,"source_only",27.04,0.2318,0,60,"Feb2018",5
10.9,"source_only",18.68,0.2406,0,60,"Mar2018",2
9.93,"source_only",7.46,0.436,0,60,"Jan2018",3
12.61,"not",29.13,0.7726,0,60,"Mar2018",0
9.93,"verified",14.67,0.5052,0,36,"Feb2018",0
15.05,"source_only",13.07,0.5927,0,36,"Jan2018",1
6.72,"source_only",29.25,0.4601,0,36,"Feb2018",0
9.44,"not",18.28,0.175,0,36,"Jan2018",1
25.81,"verified",35.27,0.1641,0,60,"Mar2018",0
10.42,"not",17.57,0.2637,0,60,"Jan2018",1
13.59,"not",25.09,0.1539,0,36,"Jan2018",3
6.72,"not",11.98,0.3153,0,36,"Jan2018",0
10.9,"verified",18.41,0.2962,0,60,"Mar2018",4
9.93,"source_only",20.75,0.0823,0,36,"Feb2018",0
7.96,"source_only",26.61,0.1836,0,36,"Mar2018",6
13.59,"not",3.77,0.7288,0,36,"Feb2018",0
10.41,"not",12.19,0.4309,0,60,"Mar2018",1
9.93,"source_only",4.23,0.1322,0,36,"Feb2018",4
7.97,"source_only",20.7,0.6655,0,60,"Jan2018",0
10.91,"not",14.79,0.2616,0,36,"Jan2018",2
9.92,"not",27.6,0.8528,0,36,"Mar2018",4
15.04,"not",10.52,0.6851,0,36,"Mar2018",0
13.58,"verified",18.26,0.2113,1,36,"Mar2018",6
15.04,"not",41.94,0.7504,0,36,"Feb2018",1
7.35,"verified",16.58,0.4138,1,36,"Jan2018",2
9.93,"not",16.2,0.7974,0,36,"Feb2018",1
25.82,"source_only",23.38,0.5334,1,36,"Jan2018",1
6.07,"not",19.38,0.5029,0,36,"Mar2018",0
14.08,"source_only",4.09,0.4126,0,36,"Jan2018",4
7.97,"verified",2.81,3e-04,0,36,"Jan2018",2
10.91,"source_only",19.29,0.6516,0,60,"Feb2018",0
11.99,"source_only",23.47,0.7936,0,36,"Jan2018",3
6.72,"verified",34.26,0.2153,0,36,"Jan2018",5
10.41,"not",22.13,0.3474,0,36,"Mar2018",1
6.71,"source_only",5.11,0.1966,0,36,"Mar2018",0
5.31,"source_only",15.4,0.6868,0,36,"Mar2018",7
10.9,"source_only",20.52,0.1717,0,36,"Mar2018",5
6.71,"not",15.35,0.1266,1,36,"Mar2018",1
13.59,"source_only",16.14,0.0582,0,36,"Jan2018",1
10.91,"source_only",18.71,0.5953,0,36,"Feb2018",6
13.59,"source_only",8.74,0.5298,0,36,"Feb2018",0
14.07,"not",21.1,0.6432,0,36,"Mar2018",6
10.42,"verified",3.44,0.0087,0,36,"Jan2018",1
19.42,"verified",32.17,0.7406,0,36,"Mar2018",0
16.01,"source_only",21.62,0.3345,0,60,"Mar2018",0
9.43,"verified",20.64,0.4012,0,36,"Mar2018",4
14.07,"source_only",18.02,0.5232,0,36,"Mar2018",0
5.32,"not",8.24,0.1651,0,36,"Feb2018",1
6.72,"not",16.65,0.1201,0,36,"Jan2018",4
12.61,"verified",26.24,0.1541,0,60,"Feb2018",3
17.09,"source_only",45.12,0.3197,0,60,"Jan2018",5
12.61,"verified",20.82,0.6972,1,60,"Mar2018",3
14.08,"source_only",8.76,0.7189,0,36,"Feb2018",0
17.09,"not",17.7,0.3394,0,60,"Jan2018",2
6.72,"not",20.27,0.081,0,36,"Jan2018",3
9.93,"source_only",14.79,0.3082,0,60,"Jan2018",0
10.42,"not",31.3,0.5552,0,36,"Jan2018",4
9.44,"source_only",16.5,0.1522,0,60,"Feb2018",0
5.32,"source_only",24.47,0.3295,0,36,"Feb2018",3
13.58,"source_only",11.03,0.1744,0,36,"Mar2018",3
6.08,"verified",20.66,0.2318,0,36,"Feb2018",1
10.91,"not",22.22,0.2075,0,60,"Feb2018",0
12.61,"verified",20.6,0.2697,0,36,"Mar2018",2
20.39,"verified",32.52,0.6667,0,36,"Mar2018",0
12.62,"not",19.09,0.5285,0,60,"Jan2018",0
19.03,"source_only",21.48,0.4203,0,36,"Feb2018",0
7.35,"source_only",1.8,0.1307,0,36,"Feb2018",4
12.62,"source_only",8.01,0.3449,0,60,"Jan2018",1
6.71,"source_only",34.51,0.2877,0,36,"Feb2018",0
10.42,"verified",8.83,0.1527,0,36,"Jan2018",1
6.07,"not",16.97,0.6073,0,36,"Mar2018",0
19.42,"source_only",28.04,0.571,0,60,"Mar2018",4
7.34,"not",16.27,0.2499,0,36,"Mar2018",4
17.09,"not",21.48,0.0391,0,36,"Feb2018",1
16.01,"source_only",43.45,0.7106,1,36,"Mar2018",3
6.08,"source_only",13.68,0.2425,0,36,"Jan2018",2
7.34,"not",3.18,0.314,0,36,"Mar2018",0
9.43,"verified",23.88,0.5789,0,36,"Mar2018",1
9.93,"source_only",8.81,0.0937,0,36,"Feb2018",8
18.45,"verified",19.91,0.3844,0,60,"Feb2018",7
10.42,"not",27.84,0.3742,0,36,"Jan2018",10
15.05,"verified",25.07,0.2134,0,60,"Feb2018",1
6.08,"not",6.72,0.0708,0,36,"Jan2018",0
10.42,"not",4.87,0.4791,0,36,"Jan2018",1
21.85,"not",11.83,0.3419,0,36,"Mar2018",1
15.05,"not",33.06,0.5971,1,60,"Feb2018",1
13.59,"verified",20.55,0.5315,0,60,"Feb2018",3
5.31,"source_only",10.29,0.058,0,36,"Mar2018",1
10.41,"not",6.31,0.2985,0,36,"Mar2018",0
9.44,"not",16.57,0.2103,0,36,"Jan2018",3
26.77,"source_only",28.01,0.1651,0,60,"Mar2018",5
10.91,"source_only",9.84,0.5632,0,36,"Jan2018",4
23.87,"verified",24.21,0.1307,0,60,"Mar2018",5
11.99,"source_only",5.41,0.0241,0,36,"Jan2018",1
6.07,"not",11.14,0.1469,0,36,"Mar2018",1
14.08,"source_only",0.95,0.1341,0,60,"Jan2018",0
9.43,"not",28.46,0.1333,0,60,"Mar2018",1
18.45,"not",0.634355029585799,0.2718,0,36,"Mar2018",1
10.91,"not",18.77,0.686,0,36,"Jan2018",1
16.02,"source_only",18.43,0.1854,0,36,"Jan2018",12
9.43,"not",7.27,0.1431,0,60,"Mar2018",0
10.9,"verified",17.89,0.2826,0,60,"Mar2018",0
17.09,"verified",16.89,0.0698,0,36,"Feb2018",2
19.03,"source_only",6.71,0.8326,0,60,"Feb2018",0
10.91,"verified",16.46,0.1719,0,36,"Feb2018",1
6.72,"source_only",22.68,0.2486,0,36,"Jan2018",0
5.32,"not",23.09,0.7494,0,36,"Feb2018",2
6.72,"not",11.06,0.4353,0,36,"Feb2018",3
12.62,"not",18.08,0.1126,0,60,"Feb2018",3
11.99,"source_only",20.66,0.6402,1,36,"Feb2018",2
24.85,"source_only",6.73,0.0316,0,60,"Mar2018",2
10.42,"source_only",24.6,0.4414,0,36,"Feb2018",5
10.91,"source_only",21.47,0.5351,0,36,"Feb2018",2
9.93,"not",32.3,0.5924,0,36,"Jan2018",1
19.03,"source_only",21.22,0.8203,0,60,"Jan2018",1
6.08,"not",27.69,0.3952,0,36,"Jan2018",0
14.08,"verified",5.54,0.5512,0,36,"Jan2018",4
12.61,"not",32.74,0.4704,0,60,"Mar2018",1
6.08,"source_only",0,0,0,36,"Feb2018",7
17.09,"not",25.78,0.6491,0,36,"Jan2018",2
16.01,"source_only",13.17,0.2362,0,60,"Mar2018",2
10.91,"not",8.5,0.1613,0,60,"Feb2018",1
14.08,"source_only",33.41,0.667,0,36,"Jan2018",0
18.06,"verified",18.05,0.0688,0,36,"Jan2018",4
15.04,"source_only",8.62,0.8401,0,36,"Mar2018",3
15.04,"source_only",3.44,0.0404,0,60,"Mar2018",1
10.91,"not",18.09,0.6532,0,36,"Feb2018",5
10.91,"source_only",5.57,0.4514,0,36,"Feb2018",0
19.03,"verified",20.5,0.2125,0,60,"Feb2018",6
17.09,"not",11.99,0.2719,0,60,"Feb2018",0
9.93,"not",30.45,0.6423,0,60,"Jan2018",10
10.9,"not",26.24,0.5931,0,36,"Mar2018",1
10.9,"not",19.07,0.4651,0,36,"Mar2018",0
6.72,"source_only",19.48,0.5099,0,36,"Jan2018",1
17.09,"verified",14.14,0.5588,0,60,"Jan2018",0
16.02,"not",39.64,0.1514,0,36,"Feb2018",2
13.58,"source_only",18.57,0.1242,0,36,"Mar2018",1
11.99,"source_only",10.87,0.1916,0,60,"Feb2018",2
9.92,"verified",5.21,0.6962,0,36,"Mar2018",4
6.72,"source_only",3.21,0.0529,0,36,"Feb2018",0
12.62,"source_only",8.24,0.0637,0,36,"Jan2018",0
11.98,"verified",26.27,0.5234,0,60,"Mar2018",0
5.32,"not",8.04,0.0935,0,36,"Jan2018",0
10.9,"verified",26.39,0.6286,0,36,"Mar2018",4
21.45,"verified",13.73,0.8777,1,36,"Jan2018",2
16.02,"verified",32.37,0.8547,0,36,"Feb2018",2
6.07,"source_only",4.43,0.1409,0,36,"Mar2018",4
7.35,"source_only",10.1,0.1363,0,36,"Jan2018",0
10.91,"not",28.38,0.7577,0,36,"Feb2018",2
6.72,"source_only",22.38,0.191,0,36,"Jan2018",0
7.97,"verified",4.95,0.0591,0,36,"Feb2018",12
10.41,"not",31.32,0.5763,1,60,"Mar2018",0
17.47,"verified",14.19,0.8569,0,36,"Mar2018",0
16.02,"source_only",37.67,0.8533,0,36,"Jan2018",2
9.93,"not",9.96,0.5536,0,36,"Feb2018",0
16.01,"source_only",8.25,0.4924,0,36,"Mar2018",2
16.02,"source_only",31.22,0.2888,0,60,"Jan2018",0
12.61,"not",42.74,0.3431,0,36,"Mar2018",1
7.35,"not",24.08,0.4465,0,36,"Feb2018",2
25.81,"verified",21.47,0.1401,1,60,"Mar2018",3
5.31,"source_only",18.8,0.8076,0,36,"Mar2018",3
14.08,"not",26.82,0.8433,0,60,"Jan2018",8
7.35,"not",19.13,0.8788,0,36,"Jan2018",0
19.03,"source_only",5.07,0.3306,0,36,"Feb2018",1
13.58,"verified",20.62,0.7549,0,60,"Mar2018",0
16.02,"verified",29.16,0.8126,0,36,"Jan2018",9
13.59,"verified",29.24,0.6648,0,60,"Feb2018",0
6.08,"source_only",37.14,0.3776,0,36,"Jan2018",1
14.08,"source_only",9.28,0.3093,0,60,"Jan2018",1
12.61,"source_only",16.07,0.2698,0,60,"Mar2018",1
5.32,"not",5.26,0.8319,0,36,"Feb2018",1
10.91,"source_only",21.58,0.189,0,36,"Feb2018",3
14.08,"verified",22.66,0.4545,0,60,"Jan2018",2
12.62,"not",16.62,0.1941,0,60,"Jan2018",0
15.05,"not",15.02,0.4987,1,60,"Jan2018",1
11.99,"not",22.23,0.0883,0,36,"Jan2018",1
19.03,"verified",12.95,0.0592,0,36,"Jan2018",2
10.91,"source_only",12.6,0.0848,0,36,"Jan2018",7
13.59,"source_only",25.56,0.6591,0,36,"Jan2018",1
19.03,"verified",31.26,0.5141,0,36,"Jan2018",2
16.01,"source_only",4.39,0.7988,0,36,"Mar2018",1
11.99,"verified",18.73,0.1182,0,36,"Jan2018",3
7.35,"not",24.44,0.3868,0,36,"Jan2018",1
10.42,"not",7.44,0.7433,0,36,"Feb2018",0
16.02,"verified",7.38,0.668,0,36,"Feb2018",0
9.43,"not",18.33,0.4972,1,36,"Mar2018",0
9.93,"verified",12.52,0.0869,0,60,"Feb2018",1
9.43,"not",10.38,0.1287,0,60,"Mar2018",0
11.99,"not",14.73,0.3681,0,60,"Feb2018",1
12.61,"not",5.48,0.4695,0,36,"Mar2018",1
5.31,"not",11.04,0.8168,0,36,"Feb2018",0
18.06,"verified",24.55,0.2585,0,60,"Feb2018",1
24.85,"verified",27.1,0.7164,1,60,"Jan2018",4
14.08,"source_only",0.5,0.0144,0,60,"Jan2018",2
21.45,"source_only",25.6,0.5847,0,60,"Jan2018",0
15.05,"verified",18.77,0.1912,0,60,"Jan2018",2
16.01,"verified",17.51,0.82,0,36,"Mar2018",1
6.07,"not",11.59,0.1152,0,36,"Mar2018",1
19.42,"source_only",14.33,0.4184,0,60,"Mar2018",3
7.34,"verified",55.11,0.2869,0,36,"Mar2018",4
6.08,"not",10.35,0.0487,0,36,"Feb2018",0
16.01,"not",10.9,0.145,0,36,"Feb2018",4
10.9,"verified",19.52,0.896,0,36,"Mar2018",1
16.01,"not",24.98,0.8674,0,36,"Feb2018",1
9.44,"not",6.44,0.2895,1,36,"Jan2018",3
19.03,"not",34.72,0.7382,0,60,"Jan2018",1
13.59,"verified",64.51,0.8333,0,36,"Feb2018",2
17.47,"source_only",22.94,0.5612,1,60,"Mar2018",1
19.03,"verified",18.92,0.6716,0,36,"Jan2018",2
14.07,"not",20.53,0.1325,0,36,"Mar2018",4
16.01,"source_only",23.77,0.4944,0,60,"Mar2018",0
10.9,"not",6.31,0.6706,3,36,"Mar2018",0
15.05,"source_only",17.71,0.4956,0,36,"Jan2018",3
13.59,"source_only",10.14,0.1475,0,36,"Jan2018",0
9.44,"source_only",10.11,0.0465,0,36,"Jan2018",1
9.44,"source_only",0.43,0.0018,0,60,"Feb2018",1
5.32,"not",23.06,0.2426,0,36,"Feb2018",2
5.31,"not",16.43,0.2154,0,36,"Mar2018",4
9.92,"not",13.87,0.0984,0,60,"Mar2018",0
12.62,"not",10.57,0.0909,0,60,"Feb2018",2
12.61,"not",31.42,0.6446,1,36,"Mar2018",0
6.08,"source_only",18.41,0.3172,0,36,"Feb2018",0
15.05,"source_only",5.22,0.8496,0,60,"Jan2018",6
6.71,"not",11.6,0.1308,0,36,"Mar2018",0
19.03,"not",25.38,0.6283,0,36,"Jan2018",2
10.42,"source_only",21.5,0.8218,0,60,"Jan2018",0
11.99,"source_only",6.83,0.0926,0,60,"Jan2018",1
18.06,"source_only",28.98,0.6953,0,60,"Jan2018",3
7.34,"not",12.66,0.6225,0,36,"Mar2018",1
7.34,"source_only",100.72,0.0866,0,36,"Mar2018",0
10.91,"not",28.64,0.6261,0,36,"Feb2018",1
6.71,"source_only",18.26,0.1909,0,36,"Feb2018",3
15.05,"not",14.51,0.5455,1,36,"Feb2018",3
6.71,"source_only",15,0.5069,0,36,"Mar2018",3
6.07,"not",6.68,0.0823,0,36,"Mar2018",0
9.92,"verified",40.64,0.7606,0,60,"Mar2018",1
18.45,"not",12.96,0.2923,0,60,"Mar2018",2
7.35,"source_only",10.97,0.112,0,36,"Feb2018",6
7.97,"not",10.11,0.4672,0,36,"Feb2018",2
9.44,"source_only",16.26,0.7595,0,36,"Feb2018",0
13.59,"source_only",10.13,0.4029,1,36,"Feb2018",4
18.45,"source_only",26.17,0.8868,0,36,"Mar2018",4
12.62,"source_only",15.96,0.2045,0,36,"Jan2018",2
15.04,"not",13.68,0.5876,0,60,"Mar2018",0
10.91,"verified",18.56,0.2208,0,36,"Feb2018",0
17.09,"source_only",33.44,0.2357,0,36,"Jan2018",5
6.72,"source_only",7.48,0.3834,0,36,"Feb2018",0
21.85,"source_only",16.91,0.8104,0,60,"Mar2018",2
15.05,"source_only",26.1,0.6598,0,36,"Jan2018",2
19.03,"source_only",15.91,0.1247,0,36,"Jan2018",3
6.08,"not",1.97,0.1069,0,36,"Feb2018",0
18.06,"verified",24.37,0.1583,0,60,"Feb2018",2
9.92,"source_only",25.4,0.2407,0,60,"Mar2018",1
6.07,"source_only",3.85,0.1262,0,36,"Mar2018",1
18.45,"source_only",21.34,0.8058,0,36,"Mar2018",0
12.62,"not",12.25,0.0656,0,36,"Feb2018",2
7.35,"source_only",16.91,0.1228,1,36,"Jan2018",1
6.07,"not",9.66,0.3666,0,36,"Mar2018",2
14.08,"verified",22.05,0.0678,0,36,"Jan2018",0
13.58,"verified",12.74,0.151,0,36,"Mar2018",1
12.62,"source_only",26.22,0.6117,0,36,"Jan2018",0
10.42,"not",15.93,0.515,0,36,"Feb2018",2
10.91,"not",10.11,0.6176,0,36,"Jan2018",1
7.35,"not",8.46,0.2362,0,60,"Jan2018",3
11.99,"source_only",20.41,0.7301,0,36,"Jan2018",1
9.43,"not",3.13,0.0582,0,36,"Mar2018",6
16.02,"verified",36.29,0.2182,0,60,"Mar2018",0
12.62,"source_only",14.2,0.0921,0,60,"Jan2018",0
16.02,"source_only",19.18,0.4518,0,36,"Jan2018",1
16.01,"verified",25.28,0.0793,0,60,"Mar2018",1
5.31,"not",16.13,0.0904,0,36,"Mar2018",2
7.35,"source_only",12.28,0.2629,0,60,"Jan2018",1
9.93,"verified",23.37,0.2211,0,36,"Jan2018",7
14.08,"source_only",22.96,0.1989,0,60,"Jan2018",2
12.61,"not",24.86,0.5797,0,36,"Mar2018",1
15.05,"verified",29.46,0.6024,0,36,"Jan2018",0
12.62,"not",18.76,0.284,0,60,"Jan2018",0
14.08,"source_only",4.75,0.6916,0,60,"Jan2018",2
6.71,"not",23.94,0.1595,0,36,"Feb2018",0
6.72,"source_only",2.1,0.0115,0,36,"Mar2018",0
12.61,"not",7.16,0.8217,0,36,"Mar2018",1
9.43,"source_only",14.87,0.1995,0,36,"Mar2018",0
15.05,"verified",28.27,0.9348,0,36,"Feb2018",2
9.92,"source_only",19.89,0.4127,0,60,"Mar2018",2
16.02,"source_only",20.64,0.2516,1,36,"Feb2018",6
13.59,"source_only",7.7,0.0744,0,60,"Feb2018",0
10.91,"verified",16.3,0.6079,0,36,"Feb2018",2
9.43,"verified",6.58,0.2811,0,60,"Mar2018",2
18.45,"not",21.05,0.4022,0,36,"Feb2018",3
9.44,"not",6.31,0.3266,0,36,"Jan2018",0
6.08,"verified",18.92,0.5973,0,36,"Jan2018",3
15.05,"source_only",24.2,0.6279,1,60,"Feb2018",3
9.93,"source_only",12.4,0.7984,1,60,"Jan2018",2
19.03,"verified",21.79,0.49,0,36,"Jan2018",2
14.08,"source_only",8.45,0.5516,0,36,"Feb2018",1
18.06,"source_only",37.33,0.8428,0,36,"Feb2018",2
5.32,"verified",22.88,0.0991,0,60,"Feb2018",0
6.08,"source_only",12.09,0.3639,0,36,"Jan2018",6
5.32,"not",10.95,0.4778,0,36,"Jan2018",0
7.97,"verified",7.5,0.487,0,36,"Jan2018",3
7.35,"verified",15.09,0.1819,0,36,"Jan2018",4
7.34,"not",4.4,0.3408,0,36,"Mar2018",1
11.99,"not",20.45,0.3479,1,60,"Jan2018",1
7.97,"not",14.46,0.8469,0,36,"Feb2018",2
14.08,"source_only",12.6,0.6882,0,36,"Jan2018",5
10.42,"not",17.86,0.7895,0,36,"Jan2018",3
7.35,"source_only",6.03,0.0818,0,36,"Jan2018",1
14.08,"not",15.47,0.1129,0,36,"Feb2018",5
26.3,"source_only",8.86,0.867,0,60,"Jan2018",1
6.71,"not",6.04,0.2917,0,36,"Mar2018",1
9.43,"not",22.83,0.1913,0,60,"Mar2018",0
11.98,"verified",24.06,0.1969,1,60,"Mar2018",1
9.43,"verified",19.15,0.3944,1,36,"Mar2018",2
10.9,"source_only",19.78,0.5397,0,60,"Mar2018",2
12.62,"not",28.73,0.8018,0,36,"Feb2018",3
5.32,"not",17.56,0.1256,0,36,"Mar2018",0
21.85,"not",38.73,0.1798,0,36,"Mar2018",1
9.43,"not",15.69,0.4288,1,36,"Mar2018",0
9.44,"source_only",16.37,0.2637,0,36,"Jan2018",2
6.72,"verified",23.98,0.4422,0,36,"Jan2018",1
9.44,"not",31.03,0.6101,1,36,"Jan2018",3
16.02,"source_only",23.24,0.8182,0,36,"Jan2018",9
6.71,"source_only",12.87,0.1812,0,36,"Mar2018",4
13.59,"source_only",36.07,0.1546,0,60,"Feb2018",0
12.61,"source_only",22.74,0.5209,0,36,"Mar2018",2
19.03,"not",13.07,0.3996,0,60,"Feb2018",0
13.59,"not",28.49,0.2754,0,60,"Jan2018",0
16.02,"source_only",34.8,0.7785,0,36,"Feb2018",3
26.3,"verified",41.07,0.8034,0,60,"Feb2018",10
10.91,"not",29.32,0.5901,0,36,"Feb2018",3
6.08,"source_only",1.76,0.1831,0,36,"Jan2018",0
12.61,"verified",15.28,0.1293,0,36,"Mar2018",4
9.44,"source_only",20.18,0.1935,0,36,"Feb2018",1
7.97,"source_only",8.79,0.46,0,36,"Feb2018",0
10.91,"not",1.3,0.0452,0,36,"Jan2018",0
21.45,"verified",20.65,0.0727,0,36,"Feb2018",0
11.98,"verified",33.45,0.2526,0,36,"Mar2018",2
30.79,"source_only",21.66,0.5245,0,60,"Jan2018",2
6.07,"not",15.91,0.1527,0,36,"Mar2018",3
7.97,"not",26.01,0.5062,0,36,"Jan2018",0
7.35,"verified",0.53,0.0052,0,60,"Feb2018",5
10.42,"source_only",15.22,0.121,1,36,"Jan2018",1
18.45,"source_only",15.25,0.5897,0,36,"Mar2018",2
7.97,"source_only",17.27,0.1328,0,36,"Jan2018",1
12.61,"source_only",23.21,0.2685,0,36,"Mar2018",2
10.91,"verified",47.36,0.7316,0,36,"Jan2018",0
9.92,"verified",24.68,0.5815,0,36,"Mar2018",2
9.93,"verified",29.79,0.3287,0,60,"Feb2018",1
11.98,"source_only",5.22,0.0101,0,60,"Mar2018",10
9.43,"verified",9.44,0.5193,1,36,"Mar2018",2
10.9,"not",17.3,0.8281,0,36,"Mar2018",1
14.08,"not",14.7,0.6478,0,36,"Jan2018",0
10.41,"not",34.73,0.3655,0,36,"Mar2018",2
15.05,"source_only",4.13,0.5187,0,36,"Feb2018",3
9.93,"not",15.86,0.4142,0,36,"Jan2018",3
15.05,"not",18.96,0.6259,0,60,"Feb2018",0
7.34,"not",9.57,0.1623,0,60,"Mar2018",0
15.04,"not",18.69,0.3039,0,36,"Mar2018",0
14.08,"source_only",2.99,0.0119,0,36,"Jan2018",0
20,"not",8.45,0.4351,0,60,"Feb2018",5
14.08,"not",29.65,0.3778,0,36,"Feb2018",1
12.61,"source_only",22.06,0.1574,0,36,"Mar2018",6
11.99,"verified",20.24,0.2597,0,60,"Feb2018",0
16.01,"source_only",14.49,0.9249,1,36,"Mar2018",2
16.01,"not",21.26,0.2332,0,60,"Mar2018",2
11.98,"source_only",25.92,0.6506,0,36,"Mar2018",3
10.41,"source_only",4.71,0.3608,0,60,"Mar2018",0
18.06,"not",36.71,0.7854,0,36,"Feb2018",0
11.99,"source_only",17.44,0.7138,1,36,"Feb2018",0
10.9,"source_only",2.21,0.0816,0,36,"Mar2018",1
11.99,"source_only",13.23,0.435,0,60,"Jan2018",0
22.91,"source_only",11.29,0.598,0,36,"Jan2018",0
17.09,"source_only",25.6,0.2116,0,36,"Jan2018",4
14.08,"source_only",18.11,0.3814,0,36,"Jan2018",3
10.41,"source_only",5.21,0.0512,0,36,"Feb2018",2
6.07,"source_only",23.47,0.3735,0,36,"Mar2018",1
15.05,"verified",8.83,0.0733,0,60,"Jan2018",5
18.06,"verified",30.51,0.4449,0,36,"Jan2018",2
10.42,"source_only",16.77,0.1562,0,36,"Feb2018",0
13.59,"verified",19.15,0.1124,0,60,"Feb2018",1
5.32,"not",14.83,0.4832,0,36,"Feb2018",0
6.72,"verified",31.43,0.4667,1,36,"Jan2018",0
10.42,"not",19.17,0.3677,0,36,"Jan2018",0
19.03,"source_only",33.78,0.6822,0,60,"Feb2018",5
9.43,"source_only",10.53,0.5454,0,36,"Mar2018",0
7.34,"not",20.99,0.2451,0,36,"Mar2018",0
21.85,"not",20.4,0.145,0,60,"Feb2018",2
14.08,"source_only",20.25,0.951,0,36,"Jan2018",6
20.39,"not",37.61,0.4632,0,36,"Mar2018",2
14.08,"verified",13.89,0.1417,0,60,"Feb2018",5
7.96,"not",5.46,0.155,0,36,"Mar2018",2
15.04,"source_only",14,0.5148,0,60,"Mar2018",1
15.04,"not",21.71,0.2734,0,60,"Mar2018",0
6.72,"not",23.4,0.0934,0,36,"Feb2018",3
10.42,"source_only",12.68,0.9429,0,36,"Feb2018",3
12.62,"source_only",14.68,0.0635,0,60,"Feb2018",4
18.06,"source_only",11.37,0.5252,0,36,"Jan2018",2
7.34,"not",7.07,0.3283,0,36,"Mar2018",2
21.45,"verified",18.65,0.6479,0,60,"Feb2018",5
12.61,"source_only",10.31,0.9494,0,60,"Mar2018",0
9.92,"not",33.39,0.443,0,36,"Mar2018",3
5.32,"not",13.91,0.1232,0,36,"Jan2018",1
19.03,"verified",20.75,0.6754,0,60,"Jan2018",1
10.42,"not",25.07,0.0328,0,60,"Jan2018",0
9.93,"not",13.89,0.2208,0,60,"Jan2018",1
16.02,"source_only",17,0.7624,1,60,"Feb2018",1
16.02,"verified",8.43,0.0169,0,60,"Jan2018",1
18.06,"source_only",9.27,0.4952,0,36,"Feb2018",0
5.32,"source_only",7,0.3102,0,36,"Jan2018",2
7.97,"source_only",31.73,0.1714,0,36,"Feb2018",0
21.45,"not",36.53,0.2614,0,60,"Jan2018",1
6.71,"not",4.55,0.1988,0,36,"Mar2018",4
16.01,"not",7.96,0.7084,0,36,"Mar2018",0
13.59,"source_only",20.4,0.7809,0,36,"Feb2018",0
6.08,"verified",6.59,0.6614,0,36,"Feb2018",0
10.9,"verified",28.56,0.512,0,36,"Mar2018",1
13.59,"verified",21.14,0.2718,0,36,"Jan2018",4
11.98,"not",11.21,0.6479,0,36,"Mar2018",0
11.98,"source_only",17.47,0.1098,0,60,"Mar2018",1
10.9,"source_only",7.02,0.0905,0,60,"Mar2018",1
5.32,"not",17.23,0.2412,0,36,"Jan2018",0
18.45,"source_only",7.06,0.8068,0,60,"Mar2018",1
16.02,"source_only",30.6,0.1713,0,36,"Feb2018",3
19.03,"source_only",23.38,0.4988,0,36,"Feb2018",1
13.59,"source_only",22.37,0.2228,0,36,"Jan2018",1
5.31,"not",5.04,0.0637,0,36,"Mar2018",1
11.98,"not",2.43,0.4049,0,36,"Mar2018",0
18.45,"source_only",29.97,0.3601,0,36,"Mar2018",5
16.02,"source_only",28.91,0.085,0,36,"Jan2018",4
12.62,"source_only",4.57,0.9488,0,60,"Feb2018",1
9.93,"not",6.03,0.0464,0,60,"Jan2018",5
10.91,"source_only",3.1,0.5987,0,36,"Jan2018",3
10.91,"source_only",15.88,0.4092,0,36,"Jan2018",4
7.35,"verified",16.86,0.2421,1,36,"Jan2018",2
11.99,"verified",13.81,0.5562,0,36,"Jan2018",1
25.82,"source_only",3.49,0.1014,0,60,"Jan2018",2
7.97,"not",13.14,0.1657,0,36,"Feb2018",1
14.08,"not",19.67,0.095,0,36,"Jan2018",2
9.44,"not",18.6,0.8491,0,60,"Feb2018",0
15.05,"source_only",13.66,0.3135,0,36,"Jan2018",0
13.59,"source_only",29.27,0.4642,0,36,"Jan2018",0
11.98,"source_only",19.77,0.1362,0,60,"Mar2018",11
13.58,"verified",20.45,0.5726,0,60,"Feb2018",3
6.72,"not",10.66,0.2808,0,36,"Jan2018",1
13.59,"verified",0.35,0.0263,0,36,"Jan2018",0
7.34,"source_only",19.24,0.3139,0,60,"Mar2018",6
9.93,"source_only",7.38,0.1076,0,60,"Jan2018",0
10.9,"not",16.06,0.526,0,36,"Feb2018",0
10.41,"not",16.26,0.6982,0,36,"Mar2018",0
6.08,"not",5.8,0.0516,0,36,"Feb2018",2
14.07,"verified",17.1,0.6661,0,36,"Mar2018",0
6.72,"source_only",8.88,0.2775,0,36,"Feb2018",1
10.42,"source_only",17.64,0.1692,1,60,"Jan2018",5
10.42,"source_only",21.49,0.6924,0,36,"Feb2018",4
14.08,"source_only",17.11,0.1323,0,60,"Jan2018",11
6.71,"verified",5.23,0.0207,0,36,"Mar2018",2
21.45,"verified",12.29,0.0732,1,60,"Jan2018",7
20,"verified",46.57,0.4829,0,60,"Feb2018",5
17.47,"verified",27.2,0.8054,0,36,"Mar2018",1
6.08,"not",18.32,0.4813,0,36,"Feb2018",0
5.32,"not",25.27,0.2744,0,36,"Feb2018",0
19.03,"not",29.6,0.7206,0,36,"Feb2018",1
17.09,"verified",10.8,0.6299,0,36,"Jan2018",12
10.42,"source_only",19.1,0.155,0,60,"Feb2018",0
9.93,"not",23.03,0.128,0,60,"Mar2018",2
18.06,"verified",24.38,0.3781,0,60,"Jan2018",2
10.91,"source_only",0.06,0,1,36,"Feb2018",1
6.71,"source_only",8.15,0.1261,0,36,"Mar2018",3
11.98,"not",4.77,0.6275,0,60,"Mar2018",0
11.99,"verified",10.92,0.0575,0,36,"Feb2018",7
18.06,"not",23.82,0.0664,0,60,"Jan2018",2
21.85,"verified",26.53,0.6358,1,60,"Mar2018",3
25.81,"not",50.32,0.8107,1,60,"Mar2018",1
9.93,"not",28.26,0.2504,0,60,"Jan2018",0
10.9,"source_only",33.6,0.9039,0,36,"Mar2018",0
5.32,"source_only",31.44,0.3832,0,36,"Jan2018",0
24.85,"not",31.48,0.2454,0,36,"Jan2018",1
20.39,"not",31.91,0.3058,0,60,"Mar2018",2
9.44,"source_only",11.58,0.5983,0,36,"Jan2018",1
7.34,"not",9.6,0.0364,1,36,"Mar2018",1
7.96,"not",16.11,0.3449,0,36,"Mar2018",0
19.42,"verified",13.42,0.5783,0,60,"Mar2018",1
13.58,"source_only",18.93,0.5392,0,36,"Mar2018",0
6.07,"verified",32.68,0.2073,0,36,"Mar2018",1
6.08,"not",23.82,0.3824,0,36,"Jan2018",0
9.44,"not",42.86,0.1698,0,60,"Jan2018",1
6.08,"not",2.34,0.0072,0,36,"Jan2018",1
6.72,"source_only",24.39,0.1583,0,36,"Jan2018",5
7.35,"not",24.46,0.422,0,36,"Feb2018",0
6.71,"not",26.73,0.2783,0,60,"Mar2018",1
19.42,"not",6.89,0.5385,0,60,"Mar2018",1
24.84,"source_only",31.07,0.6717,0,60,"Mar2018",0
18.06,"not",13.53,0.0683,0,36,"Jan2018",0
12.61,"source_only",27.58,0.8656,0,36,"Mar2018",1
14.08,"verified",18.96,0.206,0,36,"Feb2018",0
10.42,"verified",19.97,0.5852,0,36,"Mar2018",0
9.92,"not",31.35,0.717,0,36,"Feb2018",0
16.02,"source_only",38.79,0.5424,0,36,"Mar2018",3
6.07,"source_only",12,0.1612,0,36,"Mar2018",5
18.06,"not",53.41,0.7391,0,36,"Jan2018",3
24.84,"verified",36.6,0.4985,0,60,"Mar2018",1
7.34,"not",18.19,0.1505,0,36,"Feb2018",2
19.03,"verified",14.18,0.2199,0,60,"Feb2018",1
13.59,"verified",18.86,0.1747,0,36,"Jan2018",1
11.99,"not",12.83,0.8131,1,36,"Feb2018",1
12.62,"verified",25.87,0.2078,0,60,"Jan2018",4
6.07,"not",36.76,0.6024,0,36,"Mar2018",0
9.92,"verified",2.56,0.0172,0,36,"Mar2018",2
9.43,"source_only",11.96,0.3777,0,36,"Feb2018",1
10.91,"source_only",24.64,0.9053,0,36,"Jan2018",2
9.93,"not",27.42,0.5527,0,36,"Feb2018",0
11.99,"source_only",8.79,0.3278,0,36,"Jan2018",5
9.93,"not",14.6,0.5003,1,36,"Jan2018",1
15.05,"verified",13.26,0.7802,1,60,"Feb2018",1
6.08,"not",3.63,0.0765,0,36,"Jan2018",0
14.07,"source_only",26.36,0.7001,0,36,"Mar2018",2
14.08,"verified",32.7,0.6131,0,36,"Jan2018",0
7.35,"not",14.16,0.3518,0,36,"Jan2018",1
6.08,"not",4.47,0.0619,0,36,"Jan2018",0
16.02,"source_only",19.7,0.3021,0,36,"Jan2018",2
9.43,"not",19.39,0.4383,0,36,"Mar2018",2
10.9,"not",13.2,0.9055,0,36,"Mar2018",0
10.91,"source_only",3.99,0.3105,1,36,"Jan2018",3
9.93,"source_only",10.79,0.157,0,60,"Jan2018",1
7.96,"not",1.92,0.1643,1,36,"Mar2018",0
10.9,"source_only",29.91,0.2144,0,36,"Mar2018",1
12.62,"source_only",11.37,0.2737,0,36,"Jan2018",0
12.62,"not",27.43,0.6327,0,36,"Jan2018",2
17.47,"verified",9.25,0.6396,0,60,"Mar2018",0
19.03,"verified",18.68,0.1645,0,36,"Feb2018",3
14.08,"source_only",7.25,0.5843,0,60,"Feb2018",0
6.72,"source_only",0.31,0.0894,0,36,"Feb2018",0
9.93,"verified",29.89,0.4198,1,36,"Jan2018",3
6.08,"not",4.83,0.0341,0,36,"Feb2018",2
5.32,"verified",12.7,0.5109,0,36,"Jan2018",0
9.43,"not",14.24,0.3572,0,60,"Mar2018",1
11.99,"not",36.96,0.4839,0,36,"Feb2018",0
13.58,"verified",11.33,0.2472,0,36,"Mar2018",3
11.99,"source_only",11.56,0.3159,0,36,"Jan2018",1
6.72,"verified",25.4,0.2517,0,36,"Mar2018",1
11.99,"source_only",15.07,0.7512,1,36,"Jan2018",2
9.43,"not",10.38,0.4338,0,36,"Feb2018",2
5.31,"source_only",23.43,0.1812,0,36,"Mar2018",0
13.59,"verified",5.2,0.6937,0,36,"Jan2018",0
10.42,"source_only",31.42,0.3783,0,36,"Jan2018",1
18.45,"source_only",18.9,0.4097,0,36,"Mar2018",0
6.72,"source_only",7.85,0.2419,0,36,"Jan2018",1
15.04,"not",170.4,0.2616,0,60,"Mar2018",1
14.07,"source_only",23.91,0.2231,0,36,"Mar2018",1
22.91,"verified",24.22,0.5004,0,36,"Jan2018",2
16.02,"source_only",21.59,0.2601,1,36,"Feb2018",5
16.01,"verified",35,0.481,0,36,"Mar2018",0
6.72,"not",16.61,0.1622,0,36,"Feb2018",0
10.9,"source_only",21.42,0.1472,1,36,"Feb2018",2
10.42,"not",7.14,0.6529,0,36,"Feb2018",1
11.99,"not",34.63,0.211,0,60,"Jan2018",0
14.08,"source_only",27.13,0.2279,0,60,"Jan2018",0
12.62,"not",27.94,0.486,0,36,"Jan2018",2
13.59,"source_only",21.4,0.4223,0,36,"Feb2018",2
17.09,"verified",27.72,0.7295,0,36,"Feb2018",4
11.99,"source_only",40.02,0.3836,0,60,"Feb2018",1
18.45,"source_only",31.68,0.7348,0,36,"Mar2018",0
9.92,"not",13.1,0.5431,0,36,"Mar2018",2
26.77,"verified",30.94,0.5096,0,60,"Feb2018",10
6.72,"verified",34.39,0.278,0,36,"Jan2018",2
16.01,"source_only",27.64,0.1665,0,60,"Mar2018",2
5.31,"verified",10.73,0.0959,0,36,"Mar2018",0
19.42,"source_only",62.7,0.7821,0,36,"Mar2018",0
17.47,"not",28.95,0.564,0,36,"Mar2018",0
11.99,"not",40.52,0.1222,0,36,"Jan2018",3
13.59,"verified",23.4,0.5486,1,36,"Jan2018",1
6.71,"not",19.32,0.1241,0,36,"Mar2018",1
16.02,"source_only",24.55,0.7033,0,36,"Feb2018",1
6.07,"source_only",21.26,0.2112,0,36,"Mar2018",2
17.47,"source_only",2.85,0.027,0,60,"Mar2018",6
23.88,"source_only",12.13,0.0415,0,60,"Feb2018",3
15.04,"source_only",19.38,0.439,0,36,"Mar2018",1
11.98,"source_only",35.1,0.1436,1,60,"Mar2018",0
16.01,"verified",16.86,0.1051,0,36,"Mar2018",3
7.35,"source_only",4.02,0.2169,0,36,"Feb2018",0
7.96,"not",26.58,0.3631,1,36,"Mar2018",0
13.58,"not",26.4,0.5899,0,60,"Mar2018",2
11.99,"not",23.36,0.5766,0,60,"Jan2018",1
20,"not",37.64,0.5512,0,36,"Feb2018",1
13.58,"source_only",6.71,0.5238,0,36,"Feb2018",0
7.35,"not",14.97,0.3217,0,36,"Jan2018",0
7.97,"source_only",8.46,0.7648,0,36,"Jan2018",9
16.02,"verified",25.59,0.1082,0,60,"Jan2018",0
19.42,"verified",27.63,0.9232,0,60,"Mar2018",6
9.93,"source_only",25.54,0.2866,0,60,"Feb2018",0
12.61,"not",10.02,0.6041,0,36,"Mar2018",0
7.35,"not",15.21,0.5927,0,36,"Feb2018",0
6.71,"source_only",5.15,0.1709,1,36,"Mar2018",1
14.08,"source_only",3.78,0.6541,0,36,"Jan2018",0
10.41,"not",38.16,0.4913,0,60,"Mar2018",3
19.42,"not",10.85,0.6464,1,60,"Mar2018",1
5.31,"source_only",13,0.1275,0,36,"Mar2018",4
18.06,"source_only",20.61,0.0459,1,60,"Jan2018",6
11.99,"not",15.31,0.1586,0,60,"Feb2018",1
14.08,"verified",35.09,0.4426,1,36,"Feb2018",7
15.05,"verified",16.12,0.0706,0,60,"Jan2018",5
14.07,"source_only",4.27,0.679,0,36,"Feb2018",0
7.35,"not",19.92,0.2508,0,36,"Jan2018",0
17.47,"verified",14.51,0.0573,0,60,"Mar2018",3
21.85,"verified",7.65,0.1991,0,60,"Mar2018",3
16.01,"source_only",3.53,0.0241,0,60,"Mar2018",6
13.59,"source_only",11.55,0.6238,0,36,"Jan2018",7
11.99,"verified",23.45,0.9018,0,36,"Jan2018",0
12.62,"not",19.63,0.2513,0,60,"Jan2018",7
10.9,"verified",17.96,0.3397,0,36,"Feb2018",3
9.44,"not",7.04,0.7341,0,36,"Jan2018",0
10.41,"not",25.52,0.3527,0,36,"Mar2018",1
6.72,"source_only",2.25,0.1609,0,36,"Feb2018",0
17.09,"not",18.24,0.4245,0,60,"Feb2018",1
14.08,"not",16.23,0.479,0,36,"Jan2018",3
16.01,"not",10.28,0.0936,0,60,"Mar2018",6
5.32,"verified",18.74,0.0514,0,36,"Feb2018",1
6.72,"not",17.8,0.7418,0,36,"Feb2018",1
7.34,"verified",28.26,0.6182,0,36,"Mar2018",1
7.34,"not",5.29,0.0838,0,36,"Mar2018",1
20.39,"source_only",20.55,0.7647,0,60,"Mar2018",4
14.07,"verified",1.88,0.0809,0,60,"Mar2018",1
15.04,"not",22.62,0.6523,0,60,"Mar2018",1
6.07,"not",16.15,0.1999,0,36,"Feb2018",3
13.59,"source_only",0.6,0.388,0,36,"Jan2018",0
14.08,"not",16.91,0.391,0,60,"Feb2018",2
11.99,"source_only",28,0.7476,0,36,"Jan2018",2
13.58,"verified",4.35,0.7437,0,36,"Mar2018",0
9.93,"source_only",21.54,0.483,0,36,"Jan2018",1
6.08,"not",21.15,0.8775,0,36,"Feb2018",1
13.59,"source_only",21.19,0.7377,0,60,"Jan2018",0
10.42,"not",5.78,0.9997,0,36,"Feb2018",0
6.72,"source_only",17.47,0.71,0,36,"Jan2018",3
12.61,"source_only",17.16,0.794,0,36,"Feb2018",0
14.08,"source_only",18.69,0.6335,1,36,"Feb2018",0
18.06,"not",15.58,0.8484,0,60,"Jan2018",0
9.44,"source_only",12.43,0.9642,0,36,"Jan2018",0
11.99,"verified",10.52,0.4684,0,36,"Jan2018",1
7.35,"verified",5.93,0.0588,0,36,"Mar2018",3
7.34,"not",30.9,0.6273,0,36,"Mar2018",1
16.01,"verified",45.21,0.3837,0,60,"Mar2018",0
19.03,"source_only",29.56,1.3214,1,36,"Feb2018",3
9.44,"source_only",14.66,0.1843,0,60,"Feb2018",4
15.05,"source_only",38.75,0.7279,0,36,"Mar2018",0
18.45,"verified",24.67,0.7821,1,60,"Mar2018",1
9.93,"not",4.79,0.4877,0,36,"Jan2018",1
6.07,"source_only",28.38,0.3713,0,36,"Mar2018",2
9.44,"not",16.5,0.9942,0,36,"Feb2018",0
6.71,"not",21.7,0.1284,0,36,"Mar2018",2
13.58,"source_only",23.34,0.795,0,60,"Mar2018",2
20,"source_only",17.06,0.3467,0,60,"Feb2018",2
15.05,"verified",16.79,0.2508,0,60,"Feb2018",1
17.09,"not",14.46,0.6641,1,36,"Jan2018",1
17.09,"verified",7.65,0.0903,0,60,"Jan2018",1
9.44,"not",6.65,0.03,1,36,"Jan2018",0
10.42,"source_only",32.32,0.3751,0,60,"Jan2018",3
11.99,"source_only",7.31,0.2251,0,36,"Jan2018",5
13.58,"source_only",12.61,0.3798,0,36,"Mar2018",1
15.05,"verified",16.03,0.6135,0,36,"Feb2018",2
7.35,"source_only",1.06,0.0081,0,36,"Jan2018",3
9.44,"source_only",4.91,0.3232,0,36,"Jan2018",1
10.9,"source_only",15.28,0.0903,0,60,"Mar2018",2
14.08,"not",7.82,0.5357,0,60,"Jan2018",1
10.91,"source_only",16.83,0.1634,0,36,"Jan2018",1
17.09,"verified",23.43,0.7142,0,36,"Jan2018",5
9.44,"source_only",4.99,0.0128,0,60,"Jan2018",7
15.05,"source_only",15.27,0.2364,0,60,"Feb2018",0
7.34,"not",21.34,0.3282,0,36,"Mar2018",0
11.99,"source_only",9.18,0.6569,0,60,"Jan2018",1
15.04,"source_only",17.53,0.3666,0,36,"Mar2018",2
23.88,"verified",33.82,0.1459,0,36,"Jan2018",1
24.84,"source_only",9.41,0.3647,0,36,"Mar2018",0
18.45,"not",3.82,1.1953,0,60,"Feb2018",1
21.45,"source_only",9.38,0.5429,0,60,"Jan2018",4
10.41,"not",28.04,0.1746,0,36,"Mar2018",1
6.07,"not",12.22,0.1165,0,36,"Feb2018",0
14.08,"verified",1.93,0.1131,0,36,"Feb2018",0
11.99,"verified",12.84,0.588,0,36,"Jan2018",1
9.43,"not",9.62,0.2887,0,60,"Mar2018",1
10.41,"not",14.21,0.2805,0,36,"Mar2018",4
16.02,"not",21.91,0.5451,1,36,"Jan2018",5
12.61,"verified",20.6,0.4069,0,60,"Feb2018",8
10.91,"source_only",20.97,0.208,0,36,"Jan2018",5
6.07,"not",5.01,0.0206,0,36,"Mar2018",0
10.41,"not",23.61,0.5369,0,36,"Mar2018",2
6.08,"not",16.44,0.2577,0,36,"Feb2018",3
9.44,"source_only",0.82,0.1585,0,36,"Jan2018",4
13.59,"source_only",4.77,0.5093,1,36,"Jan2018",4
7.97,"not",6.22,0.3826,0,36,"Feb2018",0
7.35,"verified",21.5,0.3232,0,36,"Jan2018",1
10.91,"source_only",4.68,0.0861,0,36,"Jan2018",8
18.06,"not",14.58,0.83,0,36,"Jan2018",2
13.59,"source_only",30.36,0.5398,0,60,"Feb2018",2
10.41,"source_only",6.32,0.5901,0,60,"Feb2018",3
14.07,"verified",65.2,0.7612,0,36,"Mar2018",8
12.62,"verified",1,0.0397,0,60,"Feb2018",4
10.9,"source_only",10.19,0.3179,0,36,"Mar2018",1
16.02,"verified",21.36,0.7071,0,60,"Jan2018",6
12.62,"source_only",27.22,0.2111,0,60,"Jan2018",2
12.61,"not",32.93,0.2905,0,36,"Feb2018",0
10.91,"source_only",12.91,0.5798,0,36,"Jan2018",2
12.62,"verified",13.69,0.325,0,36,"Jan2018",5
6.72,"source_only",1.31,0.0475,1,36,"Feb2018",1
14.08,"not",28.65,0.1305,0,36,"Feb2018",3
18.06,"source_only",8.05,0.4447,0,60,"Feb2018",5
10.42,"source_only",1.86,0.4729,0,36,"Jan2018",1
13.59,"source_only",3.3,0.6162,0,36,"Feb2018",0
7.97,"source_only",30.06,0.1895,0,60,"Feb2018",4
16.02,"verified",17.49,0.3471,0,36,"Jan2018",1
18.06,"verified",44.49,0.5143,1,36,"Jan2018",3
16.01,"verified",51.94,0.5824,0,36,"Feb2018",0
9.93,"source_only",14.34,0.2287,0,36,"Feb2018",0
7.97,"not",18.31,0.3706,0,36,"Jan2018",3
12.61,"source_only",23.32,0.6175,0,60,"Mar2018",0
7.34,"verified",28.97,0.1366,0,36,"Feb2018",0
10.42,"not",5.29,0.8911,0,36,"Jan2018",5
10.91,"source_only",12.04,0.0746,0,36,"Feb2018",1
6.07,"source_only",2.88,0.2,0,36,"Mar2018",0
9.44,"source_only",8.14,0.7655,1,36,"Jan2018",2
18.06,"not",28.49,0.1676,0,60,"Jan2018",5
30.79,"source_only",15.95,0.8772,0,60,"Mar2018",7
9.93,"verified",21.75,0.3773,0,60,"Jan2018",3
16.02,"not",31.03,0.6481,0,60,"Jan2018",3
10.41,"verified",60.3,0.6818,0,36,"Mar2018",1
19.03,"verified",32.72,0.1813,0,36,"Feb2018",4
12.62,"not",14.44,0.1884,0,36,"Feb2018",2
7.97,"source_only",19.23,0.1963,0,36,"Feb2018",1
9.93,"source_only",12.89,0.7399,0,36,"Jan2018",2
12.62,"source_only",20.58,0.0792,0,36,"Jan2018",2
14.08,"source_only",16,0.8363,0,36,"Feb2018",6
17.47,"verified",29.4,0.7136,0,36,"Mar2018",3
16.02,"not",22.83,0.0805,0,36,"Jan2018",4
11.99,"not",14,0.5265,0,36,"Jan2018",0
10.41,"source_only",18.3,0.1453,0,36,"Mar2018",2
21.85,"verified",29.49,0.1507,0,60,"Mar2018",2
17.09,"not",17.28,0.5094,0,36,"Jan2018",4
18.06,"source_only",4.27,0.8613,0,36,"Jan2018",1
11.99,"not",16.06,0.8474,1,36,"Jan2018",0
12.62,"source_only",12.91,0.1829,0,60,"Jan2018",1
10.9,"source_only",14.01,0.908,0,60,"Mar2018",2
7.34,"not",17.18,0.5577,0,36,"Mar2018",3
18.06,"source_only",8.08,1.3404,0,36,"Jan2018",0
19.03,"source_only",11.13,0.4558,0,60,"Feb2018",1
15.05,"source_only",22.77,0.2082,0,36,"Feb2018",1
9.43,"not",22.82,0.3121,0,60,"Mar2018",1
11.99,"source_only",19.89,0.4041,0,36,"Jan2018",2
7.97,"source_only",30.8,0.6188,0,36,"Feb2018",1
9.44,"source_only",2.35,0.0082,0,60,"Feb2018",1
26.77,"verified",18.57,0.1,1,36,"Mar2018",4
10.42,"source_only",22.92,0.2373,1,60,"Feb2018",4
9.92,"source_only",0.45,0.0137,0,36,"Mar2018",1
17.09,"source_only",19.62,0.1597,0,60,"Jan2018",4
16.02,"source_only",18.6,0.552,0,60,"Feb2018",3
10.9,"verified",10.05,0.6027,0,36,"Mar2018",1
16.02,"verified",29.83,0.792,0,36,"Jan2018",1
15.04,"source_only",18.82,0.4618,0,36,"Mar2018",1
5.31,"not",17.4,0.3648,0,36,"Mar2018",0
14.07,"source_only",9.33,1.0017,0,36,"Mar2018",0
13.59,"source_only",25.8,0.7603,0,36,"Mar2018",2
6.72,"verified",20.8,0.601,0,36,"Jan2018",2
6.08,"not",3.76,0.662,0,36,"Jan2018",0
7.34,"not",10.82,0.3064,0,60,"Mar2018",0
10.42,"not",27.52,0.1063,0,36,"Jan2018",2
21.85,"not",16.19,0.6897,0,60,"Mar2018",0
11.99,"source_only",6.51,0.496,0,36,"Jan2018",0
6.72,"source_only",4.73,0.0478,0,36,"Jan2018",0
15.04,"verified",54.26,0.2727,0,60,"Mar2018",1
17.09,"verified",14.4,0.5984,0,60,"Jan2018",0
9.93,"not",31.17,0.7546,0,36,"Feb2018",0
13.58,"verified",26.94,0.2235,0,60,"Mar2018",2
16.01,"verified",40.96,0.7866,0,36,"Mar2018",13
6.08,"not",24.55,0.2157,0,36,"Jan2018",1
10.91,"not",23.2,0.1445,0,36,"Jan2018",7
6.07,"not",28.37,0.3426,0,36,"Mar2018",0
26.3,"verified",32.62,0.7206,0,60,"Jan2018",0
12.62,"verified",36.13,0.5862,0,36,"Jan2018",1
21.45,"verified",39.64,0.3228,0,36,"Feb2018",5
18.45,"not",31.16,0.7464,0,36,"Mar2018",2
9.44,"not",19.13,0.2404,0,60,"Jan2018",2
6.08,"verified",1.33,0.0068,0,36,"Jan2018",0
7.97,"source_only",22.1,0.5982,0,36,"Jan2018",0
13.58,"not",24.83,0.5289,1,36,"Feb2018",1
14.07,"verified",21.63,0.1976,0,60,"Mar2018",1
9.93,"verified",3.04,1.3298,0,36,"Feb2018",0
5.31,"source_only",25.13,0.4199,0,36,"Feb2018",2
10.41,"source_only",22.91,0.5202,0,36,"Feb2018",3
6.08,"not",16.37,0.5595,0,36,"Jan2018",0
6.07,"not",20.66,0.422,0,36,"Mar2018",5
13.58,"verified",9.7,0.1045,0,60,"Mar2018",1
18.06,"source_only",33.06,0.647,0,36,"Feb2018",2
9.93,"source_only",16.3,0.4825,0,36,"Feb2018",1
10.41,"verified",29.35,0.4645,0,36,"Mar2018",1
10.41,"source_only",27.6,0.6328,1,36,"Mar2018",0
17.09,"source_only",23.71,0.2343,0,36,"Feb2018",0
9.92,"not",33.38,0.438,0,36,"Mar2018",0
15.05,"source_only",13.24,0.5957,0,36,"Feb2018",1
7.96,"source_only",12.4,0.5338,0,36,"Mar2018",1
9.92,"not",24,0.3292,0,60,"Mar2018",2
6.08,"verified",6,0.59,0,36,"Feb2018",0
16.01,"source_only",18.57,0.9829,0,36,"Mar2018",17
21.45,"not",8.95,0.4602,0,60,"Feb2018",0
16.02,"not",18.18,0.7097,0,36,"Feb2018",9
6.08,"source_only",17.46,0.4967,0,36,"Jan2018",1
6.08,"source_only",10.4,0.5895,1,36,"Jan2018",4
17.09,"source_only",10.03,0.8359,0,36,"Feb2018",1
12.62,"verified",17.01,0.6749,0,60,"Feb2018",0
5.32,"source_only",1.67,0.0147,0,36,"Feb2018",1
16.01,"source_only",5.64,0.8117,0,36,"Mar2018",2
10.91,"source_only",15.37,0.5153,1,36,"Feb2018",7
9.44,"verified",9.26,0.0246,0,60,"Feb2018",6
9.92,"source_only",27.33,0.7498,0,36,"Mar2018",1
16.01,"source_only",17.14,0.175,0,60,"Feb2018",5
20,"not",8.33,1.0615,0,36,"Jan2018",2
13.59,"not",19.84,0.288,0,36,"Jan2018",2
14.08,"not",38.04,0.3567,0,60,"Jan2018",1
17.09,"verified",30.06,0.433,0,60,"Jan2018",2
14.08,"not",5.88,0.5044,0,36,"Feb2018",2
23.87,"source_only",12.13,0.2454,0,60,"Mar2018",4
9.92,"source_only",15.21,0.4738,0,36,"Feb2018",0
9.92,"source_only",13.27,0.1295,1,36,"Mar2018",5
10.91,"not",8.04,0.3061,0,36,"Feb2018",0
16.01,"not",12.92,0.561,0,36,"Mar2018",4
7.35,"source_only",12.12,0.3389,0,36,"Jan2018",4
16.01,"verified",34.8,0.1376,0,60,"Mar2018",3
20.39,"verified",19.44,0.1825,0,60,"Mar2018",1
10.41,"not",24.61,0.3426,0,36,"Feb2018",1
12.62,"not",15.53,0.4797,1,36,"Jan2018",0
16.02,"verified",50.74,0.3324,0,36,"Jan2018",2
21.45,"verified",29.06,0.6329,0,60,"Jan2018",1
24.85,"verified",21.14,0.7594,0,60,"Feb2018",4
21.85,"verified",22.45,0.7697,0,60,"Mar2018",0
10.9,"not",18.46,0.6545,1,36,"Mar2018",2
11.98,"source_only",14.38,0.0654,1,36,"Mar2018",1
7.97,"not",14.23,0.582,0,36,"Feb2018",2
16.01,"verified",57.66,0.1845,0,60,"Mar2018",0
10.9,"verified",24.17,0.3128,0,60,"Mar2018",1
12.62,"not",23.57,0.6935,0,36,"Jan2018",3
10.41,"not",216.83,0.598,0,36,"Feb2018",2
15.04,"verified",5.72,0.4179,0,36,"Mar2018",1
19.42,"not",32,0.6227,1,36,"Mar2018",0
25.81,"source_only",35.07,0.406,0,60,"Mar2018",2
16.02,"not",23.64,0.509,1,36,"Jan2018",2
6.71,"source_only",19.36,0.774,0,36,"Feb2018",1
12.62,"source_only",13.86,0.2228,0,60,"Feb2018",2
9.93,"verified",16.17,0.0789,0,36,"Jan2018",2
18.45,"verified",14.35,0.233,0,36,"Mar2018",2
13.59,"not",8.45,0.5986,0,36,"Jan2018",1
13.59,"source_only",22.73,0.6914,0,60,"Feb2018",2
23.88,"source_only",4.63,0.6016,0,60,"Feb2018",1
7.35,"verified",20.61,0.0362,0,36,"Feb2018",4
10.9,"source_only",11.68,0.6921,0,36,"Mar2018",0
22.91,"verified",61.18,0.9433,0,36,"Jan2018",1
14.08,"not",27.81,0.5431,0,36,"Feb2018",1
7.35,"not",13.06,0.6224,0,36,"Jan2018",0
17.47,"verified",12.49,0.4717,0,60,"Feb2018",1
10.42,"not",16.5,0.1441,1,60,"Feb2018",3
9.92,"source_only",7.86,0.0605,0,36,"Mar2018",0
9.92,"source_only",13.85,0.3817,0,36,"Feb2018",0
25.82,"verified",20.82,0.5285,1,60,"Jan2018",8
6.72,"not",10.02,0.4882,0,36,"Jan2018",0
6.08,"not",0.69,0.0052,0,36,"Feb2018",1
16.02,"source_only",20.94,0.2671,0,36,"Jan2018",4
7.35,"source_only",19.26,0.4907,0,36,"Jan2018",2
9.43,"source_only",22.33,0.0523,0,60,"Mar2018",1
16.02,"verified",11.47,0.078,1,60,"Feb2018",2
7.96,"not",18.28,0.1814,0,36,"Mar2018",2
6.07,"source_only",9.37,0.6968,0,36,"Mar2018",0
15.05,"source_only",2.06,0.0456,0,36,"Jan2018",1
19.03,"not",22.34,0.9916,0,36,"Jan2018",0
18.06,"not",26.21,0.8358,0,36,"Feb2018",4
5.32,"verified",12.15,0.0984,0,36,"Feb2018",0
9.43,"source_only",4.85,0.6211,0,36,"Mar2018",2
21.45,"source_only",17.45,0.0646,1,60,"Jan2018",0
19.03,"source_only",14.69,0.0823,0,60,"Jan2018",6
13.59,"source_only",16.09,0.6993,0,36,"Jan2018",2
5.32,"not",2.95,0.1135,0,36,"Jan2018",1
9.92,"source_only",36.48,0.43,0,36,"Mar2018",1
19.03,"not",24.34,0.2459,0,36,"Jan2018",7
12.61,"source_only",3.18,0.0179,0,60,"Mar2018",0
6.08,"not",10.52,0.3972,0,36,"Feb2018",2
28.72,"not",27.82,0.1158,0,60,"Feb2018",3
12.61,"source_only",9.75,0.8261,0,60,"Mar2018",0
7.35,"source_only",18,0.5788,0,36,"Jan2018",10
6.08,"not",22.52,0.7826,0,36,"Feb2018",0
6.08,"not",6.2,0.501,0,36,"Jan2018",0
10.91,"not",8.48,0.6238,1,36,"Jan2018",5
19.03,"verified",31.55,1.0305,0,60,"Feb2018",1
7.96,"not",3.95,0.2701,0,36,"Mar2018",0
6.08,"source_only",11.59,0.6863,0,36,"Feb2018",0
6.71,"not",19.64,0.0809,1,36,"Mar2018",1
19.42,"source_only",5.37,0.7971,0,36,"Mar2018",8
9.93,"source_only",5.66,0.0749,0,36,"Feb2018",2
7.96,"source_only",8.35,0.1292,0,36,"Mar2018",1
17.09,"not",13.56,0.4534,0,60,"Mar2018",1
21.45,"verified",12.91,0.0256,0,60,"Feb2018",1
19.03,"verified",37.17,0.6445,0,36,"Jan2018",2
14.08,"not",25.89,0.1365,0,36,"Feb2018",2
13.58,"verified",23.94,0.2757,0,60,"Mar2018",1
13.59,"not",22.75,0.5747,0,60,"Jan2018",0
10.41,"verified",18.86,0.5805,1,36,"Mar2018",1
17.09,"not",21.05,0.1638,0,60,"Feb2018",1
9.93,"verified",8.3,0.393,0,36,"Jan2018",1
9.43,"source_only",11.85,0.1258,0,36,"Mar2018",3
17.09,"verified",9.21,0.3261,0,60,"Feb2018",0
22.91,"verified",39.98,0.6112,0,36,"Jan2018",0
9.93,"source_only",29.17,0.1728,0,60,"Jan2018",1
9.93,"source_only",8.72,0.0793,0,36,"Feb2018",9
15.05,"source_only",20.77,0.1939,0,60,"Jan2018",2
10.42,"not",26.85,0.5518,0,60,"Feb2018",2
7.35,"source_only",9.49,0.6868,0,36,"Jan2018",0
10.91,"not",15.05,0.279,0,36,"Jan2018",0
9.44,"verified",26.78,0.2152,1,36,"Jan2018",1
12.61,"not",34.62,0.533,1,36,"Feb2018",1
11.99,"source_only",24.61,0.7298,1,36,"Jan2018",0
15.05,"not",7.9,0.8274,0,36,"Feb2018",2
11.99,"not",13.92,0.7282,0,36,"Jan2018",1
19.03,"verified",19.62,0.7148,0,60,"Feb2018",10
9.44,"not",12.99,0.044,1,36,"Jan2018",0
9.93,"not",22.77,0.7708,0,36,"Feb2018",0
20,"verified",16.42,1.0628,0,60,"Jan2018",2
20,"verified",33.77,0.7267,0,36,"Feb2018",2
10.41,"not",18.12,0.265,0,36,"Mar2018",1
11.99,"source_only",10.98,0.0892,1,36,"Jan2018",1
13.59,"not",30.51,0.1924,0,60,"Jan2018",1
9.93,"source_only",11.1,0.4169,0,36,"Feb2018",2
10.42,"not",17.04,0.7735,0,36,"Jan2018",1
7.97,"source_only",4.38,0.1782,0,36,"Feb2018",0
7.35,"not",24.41,0.1632,0,36,"Jan2018",0
13.58,"source_only",30.36,0.6204,0,36,"Feb2018",7
13.59,"source_only",22.08,0.5752,1,36,"Feb2018",11
7.97,"source_only",24.99,0.5368,0,36,"Jan2018",0
6.71,"source_only",16.98,0.3035,0,36,"Feb2018",2
21.45,"source_only",14.42,0.4579,0,60,"Jan2018",8
9.44,"not",3.2,0.6217,0,36,"Feb2018",0
10.41,"not",9.1,0.0468,0,36,"Mar2018",1
9.92,"not",0.53,0.0052,0,60,"Mar2018",2
16.02,"not",18.74,0.5631,0,60,"Feb2018",0
9.93,"not",24.87,0.5173,0,36,"Jan2018",0
16.01,"verified",11.4,0.2753,0,36,"Mar2018",0
12.62,"not",15.82,0.8721,0,36,"Jan2018",0
9.92,"not",11.47,0.6176,0,36,"Mar2018",0
11.99,"source_only",23.19,0.212,0,36,"Jan2018",4
21.85,"source_only",29.75,0.7038,1,36,"Mar2018",2
26.3,"not",30.33,0.7448,0,36,"Jan2018",1
9.92,"source_only",18.77,0.1869,0,36,"Mar2018",5
13.58,"not",5.11,0.3704,0,36,"Feb2018",5
14.08,"source_only",12.39,0.0352,0,36,"Feb2018",5
6.08,"not",14.54,0.3901,0,36,"Jan2018",0
9.44,"source_only",4.01,0.0287,0,60,"Jan2018",2
21.45,"verified",16.64,0.734,0,36,"Feb2018",3
12.61,"not",16.7,0.1809,0,36,"Mar2018",3
6.71,"verified",9.86,0.0685,0,36,"Feb2018",1
6.72,"source_only",9.58,0.716,0,36,"Feb2018",0
18.45,"source_only",3.8,0.0068,0,60,"Mar2018",2
12.61,"source_only",16,0.5096,0,36,"Mar2018",13
19.42,"source_only",0.4,0.8433,0,36,"Mar2018",0
12.62,"source_only",27.89,0.7943,0,60,"Feb2018",2
5.32,"source_only",11.46,0.1008,0,36,"Feb2018",1
9.93,"source_only",11.47,0.0818,0,36,"Jan2018",1
9.93,"source_only",30.26,0.7025,0,60,"Jan2018",1
10.41,"source_only",5.33,0.433,1,36,"Mar2018",0
6.71,"not",4.8,0.1106,0,36,"Mar2018",0
10.41,"source_only",6.4,0.7192,0,36,"Mar2018",0
26.77,"source_only",23.8,0.5664,0,60,"Mar2018",3
10.91,"verified",27.03,0.4104,0,60,"Feb2018",5
11.99,"source_only",27.13,0.7782,0,60,"Jan2018",1
19.42,"source_only",27.52,0.4989,0,36,"Mar2018",2
9.44,"not",7.55,0.6785,0,36,"Jan2018",2
18.45,"source_only",36.19,0.7817,0,60,"Mar2018",6
22.91,"not",18.29,0.6111,0,60,"Feb2018",0
11.99,"source_only",23.17,0.305,0,36,"Jan2018",3
6.07,"source_only",16.81,0.3514,0,36,"Mar2018",0
14.07,"source_only",24.03,0.2333,0,36,"Mar2018",2
7.35,"not",11.19,0.5591,0,36,"Jan2018",7
6.71,"not",1.38,0.0144,0,36,"Mar2018",1
19.42,"verified",9.44,0.5777,0,60,"Mar2018",5
15.04,"source_only",7.02,0.581,0,60,"Mar2018",2
5.32,"not",10.94,0.2965,0,36,"Feb2018",0
11.99,"not",9.9,0.1315,0,36,"Feb2018",1
16.02,"not",18.8,0.398,1,60,"Jan2018",2
12.61,"source_only",13.04,0.1904,0,36,"Mar2018",2
11.98,"not",16.9,0.6309,0,36,"Mar2018",2
16.02,"not",28.03,0.779,0,36,"Jan2018",1
5.32,"not",8.78,0.0979,0,36,"Feb2018",1
6.71,"source_only",16.33,0.0748,0,36,"Mar2018",1
19.42,"verified",27.98,0.5668,0,36,"Mar2018",7
6.71,"not",8.97,0.1939,0,36,"Mar2018",0
21.45,"verified",34.39,0.6018,0,36,"Feb2018",2
12.62,"source_only",7.45,0.7462,0,36,"Feb2018",6
9.43,"verified",6.6,0.8321,0,36,"Mar2018",0
6.71,"not",11.27,0.0614,0,36,"Mar2018",1
18.06,"verified",7.34,0.0467,0,36,"Jan2018",2
17.47,"source_only",16.21,0.7341,0,60,"Feb2018",1
9.43,"source_only",12.97,0.703,0,36,"Mar2018",0
11.98,"not",17.71,0.4865,0,60,"Mar2018",2
5.32,"verified",31.49,0.4206,0,36,"Jan2018",3
18.06,"source_only",22.63,1.0665,1,36,"Feb2018",0
7.96,"verified",26.48,0.2757,0,36,"Mar2018",0
7.35,"not",24.8,0.3303,0,60,"Feb2018",1
9.43,"source_only",9.08,0.1762,0,60,"Mar2018",0
11.99,"verified",6.4,0.1338,0,60,"Jan2018",6
6.08,"not",10.24,0.2391,0,36,"Jan2018",2
21.45,"source_only",27.77,0.5371,0,60,"Feb2018",11
9.44,"source_only",7.7,0.0331,1,36,"Jan2018",0
14.08,"source_only",13.48,0.8594,1,36,"Jan2018",4
9.92,"source_only",16.07,0.655,0,36,"Feb2018",0
9.43,"source_only",17.1,0.145,1,36,"Feb2018",1
15.05,"source_only",32.14,0.367,0,36,"Jan2018",3
15.05,"source_only",20.15,0.1795,1,36,"Feb2018",8
5.31,"source_only",9.71,0.1112,0,60,"Mar2018",0
16.01,"not",21.41,0.7545,0,36,"Mar2018",1
11.99,"verified",32.86,0.5838,0,36,"Feb2018",1
12.61,"source_only",10.23,0.1143,0,60,"Mar2018",3
16.02,"not",21.71,0.2662,0,60,"Feb2018",2
12.62,"not",24.88,0.4355,0,60,"Jan2018",1
19.03,"not",25.77,0.5836,1,36,"Jan2018",1
11.99,"source_only",29.78,0.2451,0,36,"Feb2018",2
11.99,"source_only",12.28,0.223,0,60,"Jan2018",0
15.05,"not",21.55,0.8522,0,36,"Jan2018",1
7.35,"source_only",14.71,0.2436,0,36,"Jan2018",1
19.03,"source_only",0.29,0.825,0,60,"Jan2018",1
6.72,"source_only",15.97,0.152,0,36,"Jan2018",3
11.98,"verified",12.16,0.112,0,36,"Mar2018",1
19.42,"source_only",30.93,0.6304,0,60,"Mar2018",2
12.61,"verified",30.82,0.3535,0,60,"Mar2018",8
14.07,"verified",38.88,0.4957,0,60,"Mar2018",2
12.62,"source_only",30.66,0.0906,0,60,"Jan2018",4
19.03,"verified",25.45,0.398,1,60,"Feb2018",5
15.05,"not",23.34,1.047,0,36,"Jan2018",1
10.91,"source_only",18.95,0.1517,0,36,"Jan2018",2
9.44,"source_only",11.98,0.4986,0,36,"Jan2018",0
9.43,"source_only",8.83,0.0605,1,36,"Mar2018",7
14.07,"source_only",11.14,0.2953,1,36,"Feb2018",2
13.59,"verified",20.44,0.2227,0,36,"Jan2018",2
10.91,"verified",19.64,0.8618,0,36,"Feb2018",1
11.98,"source_only",14.3,0.7426,0,36,"Feb2018",0
16.02,"not",10.74,0.688,0,36,"Feb2018",9
10.41,"source_only",10.02,0.0431,0,36,"Mar2018",2
7.35,"not",17.97,0.1411,0,36,"Feb2018",4
30.79,"not",28.08,0.2655,0,60,"Feb2018",2
10.42,"source_only",34.01,0.6532,0,36,"Feb2018",3
13.59,"not",11.33,0.7134,1,36,"Feb2018",1
25.81,"not",16.11,0.8238,0,60,"Mar2018",0
10.42,"not",9.46,0.8247,0,36,"Jan2018",0
5.31,"source_only",2.59,0.0221,0,36,"Mar2018",0
9.93,"not",13.66,0.0581,0,60,"Jan2018",2
10.91,"source_only",18.93,0.1996,0,36,"Feb2018",3
6.08,"not",15.59,0.4563,0,36,"Jan2018",2
7.96,"not",0.0442666666666667,0.4918,0,36,"Mar2018",2
10.42,"source_only",29.16,0.5699,0,36,"Jan2018",1
9.44,"source_only",4.32,0.4128,0,36,"Feb2018",0
6.08,"source_only",6.67,0.0533,0,36,"Feb2018",8
13.59,"source_only",34.05,0.6434,0,36,"Feb2018",2
16.01,"verified",11.68,0.1519,0,60,"Mar2018",4
13.59,"not",9.67,0.4369,0,36,"Mar2018",8
5.32,"verified",8.12,0.1063,0,36,"Jan2018",1
6.71,"not",38.26,0.5321,0,36,"Feb2018",0
7.35,"source_only",33.28,0.4707,1,36,"Jan2018",0
10.42,"not",7.1,0.0508,0,36,"Feb2018",1
12.62,"source_only",24.61,1.0087,0,36,"Feb2018",2
19.03,"verified",21.93,0.7146,1,60,"Jan2018",1
19.03,"not",33.41,0.2692,0,60,"Jan2018",0
7.34,"source_only",7.78,0.7938,0,36,"Mar2018",1
6.72,"source_only",26.17,0.1856,0,36,"Jan2018",0
11.98,"verified",21.04,0.3624,0,36,"Mar2018",0
10.41,"source_only",18.34,0.8449,0,36,"Mar2018",4
18.06,"verified",19.39,0.1171,0,36,"Jan2018",3
13.59,"source_only",29.42,0.0753,0,36,"Jan2018",0
18.45,"source_only",14.72,0.7095,0,36,"Mar2018",2
7.34,"not",15.52,0.2848,0,36,"Mar2018",0
15.05,"source_only",4.36,0.5677,0,36,"Jan2018",0
20.39,"source_only",15.36,0.4118,0,36,"Mar2018",3
10.91,"not",215.38,0.6133,0,36,"Jan2018",0
7.35,"verified",7.7,0.1559,0,36,"Jan2018",4
11.99,"verified",25.31,0.4337,0,60,"Feb2018",2
7.34,"source_only",29.72,0.3907,0,36,"Mar2018",0
13.59,"source_only",9.93,0.2958,0,36,"Feb2018",2
15.04,"source_only",12.44,0.4146,0,36,"Mar2018",2
17.09,"verified",32.67,0.8018,0,36,"Jan2018",0
9.92,"source_only",4.88,0.041,1,36,"Mar2018",1
6.71,"source_only",10.78,0.4955,0,36,"Mar2018",3
17.09,"verified",15.56,0.2308,0,60,"Jan2018",2
10.42,"not",9.03,0.5435,0,36,"Feb2018",3
9.44,"not",12.91,0.2345,0,36,"Feb2018",1
10.9,"source_only",1.8,0.2457,0,36,"Mar2018",1
9.43,"not",23.11,0.1955,0,60,"Mar2018",0
9.44,"not",26.05,0.1478,0,60,"Feb2018",0
9.92,"verified",15.63,0.1133,0,60,"Mar2018",1
26.77,"source_only",24.16,0.5603,0,60,"Mar2018",1
19.03,"verified",26.66,1.0691,0,60,"Jan2018",2
12.62,"verified",14.51,0.1229,0,36,"Jan2018",5
12.61,"source_only",0,0.1713,0,36,"Mar2018",1
6.72,"verified",11.91,0.0882,0,36,"Jan2018",3
9.43,"not",12.57,0.4784,0,36,"Mar2018",1
15.04,"source_only",11.9,0.5002,0,36,"Mar2018",2
12.61,"not",15.12,0.2863,0,60,"Feb2018",3
11.99,"verified",20.44,0.1506,0,36,"Jan2018",0
11.98,"verified",33.55,0.2878,0,36,"Mar2018",9
7.35,"not",23.82,0.4629,0,36,"Feb2018",2
21.85,"verified",30.8,0.4033,0,36,"Mar2018",0
6.08,"verified",6.48,0.0402,1,36,"Jan2018",0
11.99,"source_only",7.24,0.1266,0,36,"Jan2018",1
7.35,"not",9.08,0.3173,0,36,"Jan2018",0
7.96,"not",7.48,0.0736,1,36,"Mar2018",3
10.42,"not",12.67,0.2108,0,60,"Jan2018",1
6.08,"not",20.13,0.1462,0,36,"Feb2018",0
11.98,"source_only",20.49,0.5801,0,60,"Mar2018",1
28.72,"not",29.85,0.3492,0,60,"Mar2018",1
20,"source_only",12.76,0.6853,0,36,"Feb2018",3
9.44,"not",25.92,0.7597,0,36,"Jan2018",4
13.59,"not",13.25,0.7203,0,60,"Jan2018",3
12.61,"verified",49.94,0.1514,0,60,"Mar2018",4
9.44,"verified",27.82,0.2563,0,60,"Jan2018",9
16.01,"source_only",24.08,0.5567,0,36,"Mar2018",0
21.85,"verified",29.68,0.1804,1,36,"Mar2018",1
23.88,"verified",36.5,0.3161,0,36,"Feb2018",0
13.59,"not",30.96,0.3638,0,60,"Jan2018",3
9.44,"not",12.75,0.5787,0,36,"Feb2018",1
12.62,"source_only",20.2,0.4626,0,36,"Jan2018",1
7.34,"not",49.56,0.652,0,36,"Mar2018",0
9.44,"not",14.04,0.2631,1,36,"Jan2018",0
9.44,"verified",14.2,0.2138,0,60,"Jan2018",3
5.31,"source_only",18.3,0.0988,0,36,"Mar2018",2
10.42,"source_only",4.93,0.634,0,36,"Feb2018",0
6.72,"not",38.41,0.3118,0,36,"Mar2018",5
9.44,"source_only",18.55,0.2502,0,36,"Feb2018",0
9.44,"verified",39.93,0.4226,0,36,"Feb2018",2
9.93,"not",0,0,0,36,"Jan2018",1
7.96,"not",28.72,0.1208,0,36,"Mar2018",3
7.97,"not",14.82,0.168,0,36,"Jan2018",0
23.87,"not",25.27,0.7818,1,36,"Mar2018",3
9.92,"not",31.09,0.3013,0,60,"Mar2018",2
20.39,"source_only",11.44,0.9985,0,36,"Mar2018",1
9.43,"not",18.27,0.1467,1,36,"Mar2018",1
7.35,"not",27.08,0.1286,0,60,"Feb2018",0
11.98,"verified",27.01,0.0433,0,60,"Mar2018",0
9.93,"source_only",19.25,0.1427,0,36,"Jan2018",6
13.59,"source_only",11.65,0.4777,1,60,"Feb2018",6
21.45,"verified",7.93,0.462,0,36,"Mar2018",2
10.91,"not",17.89,0.1667,1,36,"Feb2018",1
14.07,"source_only",11.48,0.5828,0,36,"Mar2018",1
9.43,"not",8.85,0.239,0,36,"Mar2018",3
14.08,"verified",17.2,0.124,0,60,"Feb2018",0
5.31,"not",4.56,0.0513,0,36,"Feb2018",0
12.62,"verified",5.52,0.3741,0,36,"Jan2018",0
9.44,"source_only",18.04,0.2034,0,60,"Feb2018",0
23.88,"verified",35.5,0.452,0,36,"Feb2018",2
6.07,"verified",9.78,0.184,0,36,"Mar2018",2
14.08,"source_only",11.13,0.8991,0,60,"Jan2018",2
14.08,"verified",14.31,0.6518,1,36,"Jan2018",0
7.35,"not",17.59,0.359,0,36,"Jan2018",0
6.07,"source_only",14.72,0.47,0,36,"Mar2018",2
9.44,"verified",15.32,0.3983,0,60,"Jan2018",0
17.47,"verified",21.26,0.077,0,36,"Mar2018",2
12.62,"not",21.99,0.609,0,60,"Feb2018",0
10.42,"not",19.34,0.078,0,36,"Jan2018",2
9.44,"source_only",9.32,0.3912,0,36,"Feb2018",1
11.98,"source_only",38.7,0.5345,0,36,"Mar2018",4
6.07,"source_only",40.38,0.414,0,36,"Mar2018",0
14.08,"not",21.99,0.6173,0,60,"Feb2018",0
10.91,"verified",30.09,0.1738,0,36,"Feb2018",1
10.42,"not",19.57,0.4232,0,60,"Jan2018",0
14.07,"not",10.4,0.7212,0,36,"Mar2018",0
6.72,"verified",16.15,0.2117,0,36,"Jan2018",0
12.62,"not",17.04,0.8146,0,60,"Feb2018",0
6.72,"not",18.56,0.0733,0,36,"Feb2018",1
6.08,"not",19.05,0.2386,0,36,"Feb2018",1
19.03,"verified",28.56,0.7729,0,36,"Jan2018",4
16.02,"not",31.05,1.0847,0,36,"Feb2018",6
20,"not",49.4,0.4016,0,60,"Feb2018",0
20,"verified",13.79,0.5581,0,36,"Jan2018",0
21.85,"source_only",21.82,0.8796,0,36,"Mar2018",11
6.08,"source_only",0.38,0.0521,0,36,"Feb2018",0
9.93,"source_only",4.9,1.1695,0,36,"Jan2018",0
7.96,"source_only",2,0.0215,0,36,"Mar2018",0
9.93,"source_only",27.05,0.5503,0,36,"Jan2018",3
7.34,"source_only",1.85,0.0819,0,36,"Mar2018",1
5.31,"source_only",40.1,0.6677,0,36,"Mar2018",5
16.01,"not",10.61,0.5615,0,36,"Feb2018",2
14.08,"not",1.24,0.5848,0,60,"Jan2018",3
15.04,"verified",11.43,0.5884,1,36,"Mar2018",1
16.02,"verified",26.7,0.5131,0,36,"Jan2018",0
7.97,"source_only",8.77,0.1658,0,36,"Jan2018",4
7.97,"verified",0.64,0.0118,0,36,"Jan2018",2
6.72,"verified",19.25,0.3096,0,36,"Feb2018",2
12.62,"not",23.57,0.5307,0,60,"Feb2018",2
23.87,"verified",22.06,0.4151,0,36,"Mar2018",14
15.04,"not",0.270940397350993,0.089,0,36,"Mar2018",3
9.44,"source_only",35,0.521,1,36,"Feb2018",3
10.91,"not",15.92,0.5,0,60,"Feb2018",1
24.84,"verified",16.44,0.6394,0,60,"Mar2018",1
10.41,"not",48.2,0.651,0,36,"Mar2018",0
7.35,"source_only",2.83,0.0337,0,36,"Jan2018",1
18.45,"not",0.0240654205607477,0.1705,0,60,"Mar2018",5
10.41,"source_only",13.23,0.1098,0,36,"Mar2018",1
18.45,"verified",7.94,0.926,0,60,"Mar2018",0
11.99,"source_only",7.47,0.3112,0,36,"Mar2018",2
9.92,"not",11.18,0.1525,0,60,"Mar2018",3
10.42,"source_only",10.94,0.2627,0,36,"Jan2018",2
16.01,"source_only",19.63,0.6059,0,36,"Mar2018",0
28.72,"verified",14.84,0.1378,0,60,"Mar2018",2
5.32,"source_only",3.3,0.0218,0,36,"Jan2018",2
14.07,"source_only",20.89,0.2922,0,60,"Feb2018",1
7.97,"source_only",10.61,0.4561,0,36,"Jan2018",0
5.32,"source_only",15.07,0.0573,0,36,"Feb2018",2
20.39,"source_only",23.69,0.78,0,36,"Mar2018",4
10.41,"not",17.67,0.7028,0,36,"Mar2018",2
9.44,"not",22.85,0.6535,0,36,"Jan2018",3
10.42,"not",20.14,0.9293,0,36,"Jan2018",0
6.72,"not",8.42,0.1167,0,36,"Jan2018",1
13.59,"source_only",4.27,0.5698,0,60,"Jan2018",5
20.39,"source_only",37.99,0.4244,0,60,"Mar2018",10
10.41,"source_only",9.98,0.1258,1,36,"Feb2018",8
14.08,"verified",13.68,0.1022,0,60,"Mar2018",0
12.61,"not",13.18,0.3586,0,36,"Mar2018",2
16.01,"source_only",25.12,0.7464,0,36,"Mar2018",9
10.9,"not",13.03,0.5305,0,36,"Mar2018",0
13.59,"not",10.46,0.5966,0,36,"Jan2018",1
6.72,"source_only",18.7,0.1789,1,36,"Jan2018",8
26.3,"verified",38.94,0.7452,1,60,"Feb2018",1
15.05,"source_only",21.12,0.9097,0,36,"Feb2018",1
10.9,"not",28.12,0.5286,0,60,"Mar2018",4
20,"source_only",17.48,0.2506,1,36,"Jan2018",6
7.35,"verified",16.64,0.0101,0,36,"Jan2018",2
14.07,"verified",24.55,0.2066,0,36,"Feb2018",0
13.59,"source_only",6.9,0.7528,0,60,"Jan2018",0
16.01,"source_only",26.13,0.8026,0,36,"Mar2018",0
10.42,"verified",8.74,0.034,1,36,"Jan2018",3
6.07,"source_only",3.11,0.2424,0,36,"Mar2018",2
11.98,"not",9.6,0.8978,0,36,"Mar2018",1
5.32,"not",31.06,0.6712,0,36,"Jan2018",0
22.9,"verified",36.04,0.2,0,36,"Mar2018",4
9.92,"not",11.14,0.0425,0,60,"Mar2018",0
7.35,"verified",26.31,0.4538,0,36,"Feb2018",0
12.62,"verified",34.67,0.2183,0,36,"Jan2018",0
21.85,"verified",20.15,0.4176,0,36,"Mar2018",2
14.07,"not",125.93,0.7161,0,60,"Mar2018",0
9.43,"not",2.92,0.6377,0,36,"Feb2018",1
6.08,"source_only",16.14,0.0739,0,36,"Jan2018",1
6.71,"verified",63.45,0.2012,0,60,"Mar2018",2
9.43,"not",25.67,0.5094,1,36,"Mar2018",1
9.44,"not",16.94,0.2857,0,36,"Jan2018",1
5.31,"verified",5.93,0.9698,0,36,"Mar2018",1
9.44,"source_only",18.42,0.5164,0,36,"Jan2018",5
15.05,"verified",22.69,0.1878,0,36,"Jan2018",1
16.02,"source_only",18.92,0.933,0,60,"Jan2018",2
7.35,"verified",1.09,0.1224,0,36,"Jan2018",0
12.62,"source_only",13.01,0.9023,0,36,"Jan2018",1
9.43,"not",22.84,0.4792,1,36,"Mar2018",0
10.41,"source_only",10.93,0.0811,0,36,"Mar2018",1
12.61,"source_only",11.44,0.5511,0,36,"Mar2018",3
9.93,"source_only",4.22,0.0617,0,36,"Feb2018",2
13.59,"source_only",26.17,0.0779,0,36,"Feb2018",0
13.58,"verified",29.9,0.6461,0,36,"Mar2018",4
22.91,"not",23.97,0.878,0,36,"Jan2018",10
18.45,"verified",12.04,0.0449,0,36,"Mar2018",4
13.58,"not",5.19,0.0511,0,60,"Feb2018",2
19.42,"verified",26.52,0.5957,0,60,"Mar2018",0
9.44,"not",26.61,0.2364,0,60,"Feb2018",0
7.35,"verified",11.39,0.297,0,36,"Jan2018",7
10.91,"not",16.31,0.1284,0,60,"Feb2018",0
6.72,"source_only",24.6,0.1244,0,36,"Feb2018",2
13.59,"verified",14.43,0.2149,0,36,"Feb2018",0
13.59,"not",3.24,0.0176,0,36,"Jan2018",1
9.92,"source_only",9.97,0.5513,1,36,"Mar2018",1
15.05,"not",25.81,0.1502,1,60,"Feb2018",2
20,"verified",44.34,0.1793,0,60,"Jan2018",0
17.09,"source_only",12.91,0.6893,0,36,"Jan2018",4
6.71,"source_only",14.78,0.621,0,36,"Mar2018",0
11.98,"not",267.55,0.7727,1,36,"Mar2018",0
12.61,"not",32.86,0.7073,0,36,"Mar2018",6
14.08,"not",19.08,0.7565,0,36,"Feb2018",2
9.93,"not",11.19,0.1365,0,60,"Feb2018",1
9.92,"not",3.59,0.0204,0,36,"Feb2018",9
13.59,"source_only",30.5,0.6365,0,60,"Feb2018",4
6.07,"not",11.86,0.086,0,36,"Mar2018",3
10.91,"source_only",19.28,0.1595,1,36,"Feb2018",6
13.59,"verified",6.67,0.3543,0,36,"Feb2018",1
15.04,"verified",35.84,0.5682,0,60,"Feb2018",5
12.62,"verified",32.03,0.7253,1,36,"Jan2018",2
16.02,"verified",32.74,0.6321,0,36,"Feb2018",0
15.04,"not",24.08,0.6098,0,36,"Mar2018",2
11.98,"verified",23.47,0.6276,0,36,"Feb2018",0
6.72,"verified",8.65,0.1021,0,36,"Jan2018",3
10.91,"not",13.78,0.9543,0,36,"Jan2018",2
10.9,"not",11.3,0.0522,0,36,"Mar2018",1
7.35,"verified",18.22,0.0664,0,36,"Feb2018",3
7.34,"not",11.86,0.3864,0,36,"Mar2018",0
9.92,"source_only",19.71,0.5906,0,36,"Feb2018",1
24.84,"verified",33.67,0.8523,0,60,"Mar2018",3
7.34,"source_only",24.48,0.1128,0,60,"Mar2018",2
10.41,"not",29.65,0.345,0,36,"Mar2018",4
9.43,"source_only",1.4,0.278,1,36,"Mar2018",0
15.05,"not",28.86,0.3962,0,60,"Jan2018",12
12.61,"source_only",19.14,0.2011,0,60,"Mar2018",3
9.92,"source_only",11.63,0.194,0,36,"Mar2018",0
19.42,"verified",34.89,0.5893,0,60,"Mar2018",1
21.45,"source_only",20.19,0.5793,1,36,"Jan2018",1
10.9,"source_only",32.43,0.3264,0,36,"Mar2018",1
6.72,"not",6.12,0.0675,0,36,"Feb2018",6
12.61,"not",7.54,0.1359,0,60,"Mar2018",0
7.96,"source_only",25.36,0.213,0,36,"Mar2018",6
9.93,"verified",13.81,0.5554,0,36,"Jan2018",8
16.02,"source_only",7.42,1.2419,0,36,"Feb2018",7
9.44,"source_only",19.31,0.4081,0,36,"Feb2018",2
9.93,"not",15.21,0.1055,0,60,"Jan2018",1
14.08,"not",10.72,0.8871,0,36,"Feb2018",0
13.58,"not",11.29,0.0317,0,60,"Mar2018",3
9.92,"source_only",7.37,0.5984,0,36,"Mar2018",0
9.44,"source_only",9.74,0.088,0,60,"Jan2018",1
18.45,"not",17.45,0.1217,1,60,"Mar2018",5
10.41,"source_only",16.36,0.2638,0,36,"Mar2018",2
10.42,"not",21.96,0.8297,1,36,"Feb2018",1
6.07,"not",13.51,0.0371,0,36,"Mar2018",1
15.04,"verified",33.56,0.3129,0,36,"Mar2018",11
9.93,"not",14.18,0.9541,0,36,"Feb2018",0
6.08,"not",15.51,0.2917,0,36,"Feb2018",0
15.05,"not",29.09,0.4697,0,60,"Feb2018",0
23.87,"verified",16.93,0.0685,0,36,"Mar2018",0
19.42,"source_only",8.16,0.4,0,36,"Mar2018",2
16.02,"verified",23.37,0.6426,0,36,"Jan2018",3
26.77,"verified",23.96,0.5038,0,60,"Mar2018",1
10.91,"not",12.11,0.7889,0,36,"Feb2018",1
7.96,"not",12.29,0.453,0,36,"Feb2018",1
10.42,"not",15.8,0.1949,0,60,"Mar2018",0
6.72,"source_only",13.48,0.4701,1,36,"Feb2018",3
16.02,"not",167.74,0.5913,0,36,"Feb2018",6
13.59,"source_only",18.68,0.1326,0,36,"Mar2018",4
7.34,"source_only",3.23,0.012,0,36,"Mar2018",1
7.35,"not",17.34,0.0961,0,36,"Jan2018",3
30.17,"verified",45.59,0.7663,0,60,"Jan2018",0
15.05,"source_only",24.15,0.8016,0,36,"Jan2018",0
9.44,"source_only",15.17,0.4048,0,60,"Jan2018",10
15.04,"not",29.52,0.6501,0,36,"Mar2018",2
7.34,"source_only",20.52,0.1542,0,36,"Mar2018",2
7.34,"not",27.11,1.1795,0,36,"Mar2018",1
13.59,"verified",32.07,0.3841,0,60,"Feb2018",0
11.99,"source_only",8.37,0.5096,0,60,"Jan2018",9
6.72,"source_only",20.95,0.1605,0,36,"Jan2018",10
10.42,"source_only",20.22,0.2327,1,36,"Feb2018",3
18.06,"not",38.43,0.785,0,60,"Feb2018",4
21.45,"verified",3.35,0.8629,0,36,"Feb2018",0
5.31,"source_only",25.12,0.2765,0,36,"Mar2018",0
13.58,"verified",25.86,0.518,0,60,"Feb2018",1
11.99,"not",6.36,0.29,0,36,"Feb2018",9
21.45,"not",28.9,0.4863,0,36,"Jan2018",2
9.93,"not",21.16,0.8843,0,36,"Feb2018",5
14.07,"source_only",6.37,0.7595,0,36,"Mar2018",0
7.35,"source_only",23.97,0.6555,0,36,"Jan2018",2
14.08,"not",7.17,0.5955,0,36,"Jan2018",0
7.35,"source_only",1.88,0.0414,1,36,"Feb2018",2
14.08,"source_only",5.67,0.3595,0,60,"Feb2018",0
10.91,"not",7.08,0.0648,0,36,"Jan2018",1
12.62,"not",54.6,0.4115,1,60,"Feb2018",0
12.61,"verified",20.7,0.9266,0,60,"Mar2018",2
5.31,"not",10.67,0.1334,0,36,"Mar2018",0
15.05,"source_only",13.23,0.3151,0,60,"Jan2018",4
9.92,"source_only",15.13,0.4986,0,36,"Mar2018",0
5.32,"not",16.55,0.1582,0,36,"Feb2018",5
28.72,"not",20.5,0.7256,0,60,"Jan2018",0
7.97,"not",23.91,0.1545,0,36,"Jan2018",2
22.9,"source_only",7.96,0.4243,1,36,"Mar2018",0
13.59,"source_only",9.63,0.0588,0,60,"Feb2018",0
16.02,"source_only",8.25,0.7573,0,60,"Feb2018",5
7.97,"source_only",8.44,0.0328,0,36,"Feb2018",0
6.71,"not",13.48,0.6291,0,36,"Mar2018",2
7.34,"source_only",23.75,0.5829,0,36,"Mar2018",0
10.9,"verified",13.14,0.173,0,60,"Mar2018",0
10.42,"verified",23.09,0.2828,0,60,"Jan2018",2
21.85,"verified",33.55,0.2586,0,36,"Mar2018",1
9.92,"verified",41.24,0.6208,0,36,"Mar2018",5
11.99,"not",18,0.2399,0,60,"Jan2018",1
17.09,"source_only",26.2,0.8375,0,60,"Jan2018",2
20,"source_only",25.68,0.5279,1,36,"Jan2018",0
10.9,"source_only",30.07,0.2285,0,36,"Mar2018",3
15.05,"not",21.12,0.5001,0,36,"Feb2018",0
13.58,"source_only",14.87,0.2219,0,60,"Mar2018",5
19.03,"verified",14.91,0.8548,0,60,"Feb2018",3
25.82,"source_only",25.84,0.3656,0,36,"Jan2018",1
11.98,"verified",33.19,0.3164,0,36,"Mar2018",1
21.45,"verified",27.93,0.384,0,36,"Feb2018",2
9.93,"not",19.69,0.4565,0,36,"Jan2018",2
16.02,"source_only",15.33,0.3113,1,36,"Jan2018",3
7.34,"not",11.39,0.4187,0,60,"Feb2018",2
11.99,"verified",47.36,0.6631,0,60,"Jan2018",0
19.03,"not",26.12,0.6062,0,60,"Jan2018",1
17.09,"source_only",5.62,0.6055,0,60,"Jan2018",0
9.44,"not",20.17,0.1019,0,60,"Feb2018",4
6.07,"not",9.58,0.2317,0,36,"Mar2018",2
9.93,"source_only",26.62,0.4294,0,60,"Jan2018",2
6.72,"verified",13.77,0.266,1,36,"Jan2018",1
16.02,"verified",18.04,0.0821,0,60,"Feb2018",0
9.44,"source_only",6.81,0.7487,0,36,"Jan2018",4
6.07,"not",14.37,0.2237,0,36,"Mar2018",1
9.93,"source_only",8.79,0.1781,0,36,"Feb2018",0
18.06,"source_only",24.14,0.6675,0,60,"Feb2018",6
12.61,"source_only",21.31,0.515,0,60,"Mar2018",0
7.35,"source_only",13,0.8406,1,36,"Jan2018",0
13.59,"not",26.45,0.8026,0,36,"Feb2018",0
10.9,"verified",27.61,0.1329,0,60,"Mar2018",1
11.98,"source_only",1.11,0.0677,0,36,"Mar2018",3
14.08,"verified",13.24,0.6856,0,36,"Feb2018",0
7.35,"not",10.91,0.4077,0,60,"Feb2018",0
10.91,"source_only",13.69,0.6187,0,36,"Jan2018",4
9.92,"source_only",5.62,0.802,0,36,"Mar2018",0
7.97,"source_only",24.26,0.5365,0,36,"Jan2018",2
12.62,"not",19.98,0.3141,1,60,"Jan2018",1
28.72,"verified",29.91,1.1208,0,60,"Feb2018",1
20,"not",30.48,0.4833,0,36,"Feb2018",1
6.08,"not",11.63,0.5328,0,36,"Feb2018",1
12.61,"verified",33.28,0.3299,0,60,"Mar2018",2
17.09,"not",17.66,0.6467,1,36,"Jan2018",5
7.97,"source_only",46.83,0.4026,0,36,"Feb2018",6
23.87,"verified",22.19,0.626,0,60,"Feb2018",0
7.96,"source_only",28.16,0.7911,1,36,"Mar2018",1
6.08,"source_only",27.97,0.3386,0,36,"Feb2018",2
12.62,"source_only",13.08,0.2314,0,60,"Jan2018",8
14.08,"source_only",15.29,0.428,0,60,"Jan2018",4
10.9,"source_only",4.57,0.0357,0,36,"Mar2018",4
30.65,"source_only",37.8,0.2233,0,60,"Jan2018",4
15.05,"not",29.44,0.5728,1,36,"Jan2018",3
11.99,"source_only",9.78,0.669,1,36,"Feb2018",0
17.09,"verified",74.3,0.5185,0,60,"Feb2018",2
7.35,"not",29.61,0.6352,0,36,"Jan2018",0
13.58,"verified",5.8,0.7778,0,36,"Mar2018",1
15.04,"source_only",24.46,0.7451,0,36,"Mar2018",1
10.41,"not",17.64,0.1452,1,36,"Mar2018",8
16.02,"verified",30.46,0.2955,1,36,"Feb2018",9
16.01,"verified",29.36,0.163,0,60,"Feb2018",0
9.44,"verified",70.13,0.1455,0,60,"Feb2018",0
23.88,"not",10.46,0.9764,0,36,"Feb2018",0
7.35,"not",14.56,0.1124,0,36,"Jan2018",0
9.93,"not",14.61,0.1123,0,60,"Jan2018",1
16.02,"not",17.46,0.1888,0,60,"Jan2018",1
5.32,"not",10.86,0.0607,0,36,"Jan2018",0
13.59,"not",20.19,0.0661,0,36,"Feb2018",2
7.96,"verified",4.85,0.0048,0,36,"Mar2018",1
10.42,"source_only",11.55,0.1214,0,60,"Jan2018",1
18.06,"not",35.78,0.2094,0,36,"Jan2018",0
10.42,"not",18.03,0.5839,1,36,"Feb2018",0
18.45,"verified",45.51,0.2476,0,60,"Mar2018",2
10.42,"verified",21.23,0.1189,0,60,"Jan2018",1
22.9,"verified",3.38,0.0093,0,36,"Mar2018",0
10.91,"not",32.67,0.3322,1,36,"Feb2018",1
10.41,"source_only",24.69,0.4564,0,36,"Mar2018",3
6.08,"not",29.84,0.2108,0,36,"Jan2018",0
14.08,"verified",8.07,0.2028,0,60,"Feb2018",2
6.72,"source_only",135.28,0.4819,0,36,"Jan2018",1
18.45,"verified",31.75,0.389,0,60,"Mar2018",4
11.99,"not",8.51,0.1245,0,36,"Jan2018",1
23.88,"verified",25.66,0.1664,0,60,"Jan2018",8
6.71,"source_only",12.68,0.5332,0,36,"Mar2018",2
12.62,"verified",14.97,0.092,1,60,"Jan2018",0
7.34,"verified",0.48,0.0094,0,36,"Mar2018",2
11.98,"verified",18.75,0.1363,1,36,"Mar2018",11
16.02,"source_only",4.46,0.043,0,60,"Feb2018",0
5.31,"verified",22.2,0.2539,1,36,"Mar2018",3
9.93,"source_only",19.08,0.2845,0,60,"Jan2018",1
6.07,"not",15.19,0.0569,1,36,"Mar2018",2
9.92,"verified",11.31,0.8109,0,36,"Mar2018",1
7.34,"not",16.61,0.1732,0,36,"Feb2018",1
10.9,"not",17.18,0.5121,0,60,"Mar2018",2
7.96,"source_only",18.45,0.543,0,36,"Mar2018",0
6.08,"not",17.18,0.1588,0,36,"Jan2018",2
9.43,"not",13.4,0.5577,1,36,"Mar2018",2
7.97,"verified",0.77,0.0065,0,36,"Feb2018",0
15.05,"not",23.04,0.5477,0,60,"Jan2018",1
9.44,"source_only",23.85,0.2165,0,60,"Jan2018",4
6.08,"not",7.15,0.2863,0,36,"Jan2018",1
9.44,"source_only",2.31,0.674,0,36,"Feb2018",0
9.43,"source_only",17.56,0.4517,0,36,"Feb2018",1
16.02,"not",22.23,0.6757,0,36,"Jan2018",4
6.72,"source_only",10.32,0.2743,0,36,"Feb2018",0
9.93,"verified",43.96,0.2355,0,60,"Jan2018",1
13.58,"source_only",15.04,0.7193,0,60,"Mar2018",0
9.92,"source_only",32.87,0.7763,0,36,"Mar2018",3
10.9,"source_only",15.33,0.1959,0,60,"Mar2018",1
9.93,"source_only",26.75,0.5608,1,36,"Jan2018",11
6.72,"not",2.81,0.264,0,36,"Mar2018",1
19.42,"verified",30.75,0.1421,0,36,"Mar2018",3
6.72,"not",11.04,0.4542,1,36,"Jan2018",4
17.09,"not",13.92,0.3281,0,36,"Feb2018",1
9.44,"source_only",16.96,0.1048,0,60,"Jan2018",0
6.72,"verified",21.99,0.0549,0,36,"Jan2018",2
7.96,"source_only",22.83,0.0983,0,36,"Mar2018",1
6.71,"source_only",28.56,0.2607,0,36,"Mar2018",4
9.93,"source_only",20.7,0.3512,0,60,"Jan2018",0
22.9,"source_only",14.67,0.7179,0,36,"Mar2018",3
17.47,"verified",18.51,0.5089,0,60,"Mar2018",2
6.07,"not",10.84,0.1563,0,36,"Mar2018",1
16.02,"source_only",16.46,0.6337,0,36,"Mar2018",3
18.45,"verified",35.43,0.3729,0,36,"Mar2018",2
9.44,"not",6.9,0.1527,0,60,"Jan2018",0
11.99,"not",17.24,0.5763,0,36,"Feb2018",0
6.72,"source_only",1.87,0.0311,0,36,"Jan2018",0
18.45,"source_only",30.45,1.1759,0,60,"Mar2018",1
13.59,"source_only",15.71,0.1317,1,60,"Jan2018",3
21.45,"source_only",22.88,0.7721,1,60,"Feb2018",5
30.17,"source_only",18.24,0.5025,0,60,"Feb2018",0
16.02,"source_only",1.93,0.0953,0,60,"Jan2018",5
7.35,"verified",2.65,0.3332,0,36,"Feb2018",1
25.82,"verified",14.54,0.1405,1,60,"Jan2018",4
10.41,"verified",10.65,0.379,0,36,"Mar2018",0
12.62,"source_only",10.14,0.123,0,60,"Feb2018",1
7.34,"not",12.02,0.0992,0,36,"Mar2018",0
15.05,"not",4.85,0.3626,0,60,"Feb2018",1
9.43,"not",14.97,0.5291,0,36,"Mar2018",4
12.61,"verified",7.63,0.6011,0,60,"Mar2018",2
19.42,"not",32.1,0.3994,0,36,"Feb2018",0
12.62,"not",20.39,0.6402,0,60,"Feb2018",0
11.99,"source_only",27.04,0.8352,1,36,"Jan2018",12
7.34,"not",18.72,0.2453,0,60,"Mar2018",3
11.99,"source_only",68.75,0.1313,0,60,"Jan2018",0
17.09,"verified",10.23,0.91,0,60,"Jan2018",1
12.62,"verified",40.89,0.2088,0,60,"Jan2018",1
14.07,"source_only",22.86,1.0644,0,60,"Mar2018",3
16.01,"source_only",21.99,0.5546,1,36,"Mar2018",1
7.34,"source_only",3.47,0.2139,0,36,"Mar2018",1
15.04,"not",13.05,0.1014,0,60,"Mar2018",0
7.35,"source_only",0,0,0,60,"Feb2018",1
6.72,"not",11.72,0.0953,0,36,"Mar2018",1
6.08,"verified",53.46,0.1778,0,36,"Jan2018",2
12.62,"source_only",18.56,0.3642,0,60,"Jan2018",2
24.85,"verified",32.68,0.603,0,60,"Jan2018",1
5.31,"not",26.43,0.6042,0,36,"Mar2018",0
9.43,"verified",0.58,0.0096,0,60,"Mar2018",0
7.35,"source_only",1.85,0.1315,0,36,"Jan2018",0
11.98,"not",29.46,0.6868,0,36,"Mar2018",0
9.92,"source_only",21.8,0.3846,0,60,"Mar2018",4
11.99,"not",7.8,0.545,0,36,"Feb2018",1
21.45,"verified",26.64,0.2803,0,36,"Mar2018",1
7.35,"source_only",5.72,0.4929,0,36,"Feb2018",2
16.01,"source_only",22.15,0.7354,0,36,"Mar2018",0
12.62,"source_only",11.61,0.5486,0,36,"Feb2018",0
20.39,"source_only",7.67,0.1064,1,36,"Mar2018",10
10.91,"source_only",2.79,0.054,0,36,"Feb2018",8
7.34,"source_only",0,0,0,36,"Mar2018",0
11.98,"verified",44.54,0.3587,0,36,"Mar2018",4
9.43,"source_only",19.38,0.8038,0,36,"Mar2018",5
6.72,"not",27.51,0.5011,0,36,"Feb2018",2
6.07,"not",19.4,0.7066,0,36,"Mar2018",1
10.91,"source_only",19.43,0.4345,0,36,"Mar2018",0
10.42,"source_only",18.57,0.6538,0,36,"Jan2018",0
15.05,"verified",23.92,0.5762,0,60,"Jan2018",0
15.05,"verified",16.02,0.3783,1,36,"Jan2018",2
11.98,"verified",32.2,0.1912,0,36,"Mar2018",1
7.34,"verified",12.06,0.1027,0,36,"Mar2018",1
19.42,"source_only",14.04,0.7654,0,60,"Mar2018",0
24.85,"source_only",25.76,0.6272,0,60,"Mar2018",6
7.96,"not",16.5,0.8606,1,36,"Mar2018",1
7.96,"not",16.86,0.191,0,36,"Mar2018",0
10.9,"source_only",23.18,0.2281,0,36,"Mar2018",1
7.96,"not",10.8,0.2738,0,36,"Mar2018",2
15.05,"not",25.79,0.2076,0,36,"Jan2018",3
24.85,"not",22.86,0.6655,0,60,"Feb2018",6
11.99,"verified",32.25,0.6753,0,36,"Mar2018",0
18.45,"verified",74.86,0.2713,0,36,"Mar2018",0
7.96,"source_only",6.5,0.7241,0,36,"Mar2018",0
11.99,"source_only",16.25,0.1977,1,60,"Feb2018",5
7.96,"not",32.74,0.5087,0,36,"Mar2018",2
5.32,"not",6.04,0.0664,0,36,"Feb2018",2
15.04,"verified",20.06,0.8178,0,36,"Mar2018",5
12.61,"source_only",3.12,0.9673,0,60,"Mar2018",0
9.93,"source_only",8.57,0.1246,0,60,"Jan2018",1
9.43,"source_only",20.56,0.1583,0,36,"Mar2018",4
18.06,"not",11.69,0.6102,1,36,"Jan2018",3
13.58,"source_only",15.23,0.6515,0,36,"Mar2018",1
11.98,"source_only",23.72,0.1991,0,36,"Mar2018",0
11.98,"source_only",12.55,0.098,0,60,"Mar2018",2
7.35,"source_only",28.93,0.2343,0,36,"Jan2018",2
7.97,"source_only",3.57,0.2458,0,36,"Jan2018",0
7.35,"source_only",31.51,0.2245,0,60,"Jan2018",3
14.07,"source_only",36.1,0.5903,0,36,"Mar2018",2
20,"source_only",65.07,0.7618,0,60,"Jan2018",5
10.9,"not",6.66,0.1146,0,60,"Mar2018",3
10.91,"verified",15.87,0.2376,0,36,"Feb2018",3
6.71,"source_only",11.37,0.0734,0,36,"Mar2018",1
9.93,"not",10.02,0.2726,0,60,"Jan2018",0
6.08,"not",14.6,0.4768,0,36,"Jan2018",1
9.92,"source_only",25.72,0.2458,0,60,"Mar2018",12
18.06,"verified",60.65,0.8444,0,36,"Jan2018",0
16.02,"source_only",8.31,0.3845,0,36,"Feb2018",5
13.59,"not",13.1,0.2352,0,36,"Jan2018",1
9.93,"not",17.29,0.3732,0,60,"Jan2018",1
7.35,"not",5.23,0.0399,0,60,"Jan2018",0
11.99,"verified",7.4,0.0324,0,36,"Feb2018",0
17.47,"source_only",22.3,0.6125,1,36,"Mar2018",3
15.05,"source_only",26.04,0.2289,0,36,"Feb2018",1
7.97,"source_only",31.38,0.432,1,36,"Jan2018",0
26.3,"not",22.63,0.7946,0,60,"Feb2018",0
10.42,"source_only",23.4,0.5245,0,36,"Feb2018",11
23.88,"not",37.31,0.8994,0,36,"Jan2018",3
15.05,"source_only",23.2,0.1794,0,60,"Jan2018",2
7.96,"not",23.91,0.14,0,36,"Mar2018",0
11.99,"not",26.98,0.244,0,36,"Feb2018",2
20,"source_only",11.38,0.0722,1,60,"Feb2018",1
18.06,"not",21.8,0.8028,0,36,"Feb2018",3
9.43,"not",5.92,0.0694,0,36,"Mar2018",0
13.58,"source_only",12.24,0.1124,0,36,"Mar2018",3
6.07,"not",5.29,0.0171,0,36,"Mar2018",1
13.59,"verified",17.27,0.8439,0,36,"Feb2018",1
12.61,"not",9.72,0.7977,0,36,"Mar2018",2
18.06,"not",32.96,0.1869,1,36,"Jan2018",1
15.05,"not",17.67,0.5018,0,60,"Jan2018",1
16.02,"verified",24.87,0.2575,0,60,"Jan2018",0
10.42,"verified",23.48,0.1708,0,60,"Jan2018",0
17.09,"source_only",4.21,0.034,0,60,"Jan2018",2
9.92,"source_only",24.73,0.4989,0,36,"Mar2018",5
11.99,"verified",18.09,0.7893,0,36,"Feb2018",10
9.92,"not",10.46,0.0613,0,60,"Mar2018",0
9.93,"not",19.13,0.2494,0,60,"Jan2018",5
17.09,"source_only",21.95,0.5201,0,36,"Jan2018",4
10.42,"source_only",15.57,0.3669,0,60,"Feb2018",0
18.06,"verified",7.25,0.0944,0,36,"Feb2018",2
12.61,"not",19.58,0.4794,0,60,"Mar2018",4
9.92,"source_only",12.66,0.5729,0,36,"Feb2018",1
9.93,"source_only",20.59,0.7598,0,36,"Feb2018",2
7.97,"verified",31.61,0.1878,0,36,"Jan2018",5
7.96,"not",11.97,0.3459,0,36,"Mar2018",2
7.35,"not",18.62,0.174,0,36,"Jan2018",1
13.58,"source_only",10.63,0.091,0,60,"Mar2018",0
10.41,"not",14.31,0.0658,0,36,"Mar2018",3
9.93,"verified",34.53,0.7319,0,36,"Jan2018",1
10.42,"not",10.13,0.5289,0,36,"Feb2018",0
11.99,"verified",32.55,0.1936,0,36,"Jan2018",0
9.92,"source_only",7.7,0.0707,1,36,"Feb2018",0
9.44,"source_only",24.66,0.534,1,36,"Jan2018",3
7.34,"source_only",14.34,0.1318,0,36,"Mar2018",8
16.02,"source_only",2.7,0.5829,0,60,"Feb2018",6
12.61,"source_only",10.08,0.5758,0,36,"Mar2018",2
17.47,"not",20.6,0.8584,0,36,"Mar2018",1
14.07,"not",7.41,0.739,1,60,"Mar2018",0
5.31,"not",28.11,0.2931,0,36,"Mar2018",3
19.03,"verified",14.09,0.7199,0,60,"Feb2018",4
18.45,"verified",1.9,0.0265,0,36,"Mar2018",4
21.85,"source_only",2.42,0.8466,0,60,"Mar2018",0
7.34,"source_only",16.72,0.0945,0,36,"Mar2018",2
19.03,"source_only",36.47,0.6518,0,60,"Feb2018",2
7.34,"not",13.53,0.7062,0,36,"Mar2018",2
15.05,"verified",17.35,0.4702,1,36,"Jan2018",3
9.43,"source_only",8.16,0.1317,0,60,"Feb2018",0
21.45,"source_only",7.89,0.4105,0,60,"Feb2018",3
11.98,"source_only",19.71,0.1988,0,60,"Mar2018",2
6.71,"not",37.94,0.4372,0,36,"Mar2018",0
14.08,"not",34.98,0.4857,0,60,"Feb2018",0
7.97,"not",21.49,0.5196,0,36,"Jan2018",3
14.08,"verified",22.41,0.1782,0,36,"Jan2018",0
9.92,"source_only",31.87,0.8192,0,36,"Mar2018",1
6.72,"not",22.13,0.5768,1,36,"Jan2018",0
14.08,"not",22.02,0.2726,0,36,"Jan2018",1
13.59,"not",32.82,0.5529,0,36,"Feb2018",1
13.59,"verified",17.86,0.1606,0,60,"Jan2018",7
10.9,"source_only",14.38,0.3974,1,60,"Mar2018",0
26.3,"verified",22.76,0.8868,0,36,"Feb2018",2
9.44,"verified",3.17,0.0249,0,60,"Mar2018",3
15.05,"source_only",13.2,0.1353,0,60,"Feb2018",1
7.34,"source_only",16.08,0.4623,0,36,"Mar2018",1
20,"source_only",15.41,0.6347,1,60,"Jan2018",0
7.34,"verified",35.44,0.4254,1,36,"Mar2018",7
10.9,"not",29.53,0.4546,0,60,"Feb2018",1
16.02,"source_only",3.96,0.4541,0,36,"Jan2018",3
16.02,"source_only",26.23,0.1972,0,36,"Jan2018",3
10.9,"not",25.33,0.2842,0,60,"Mar2018",4
13.59,"not",27.48,0.8402,0,60,"Mar2018",5
26.3,"not",30.96,0.0886,0,36,"Jan2018",2
15.05,"verified",55.91,0.3855,0,36,"Jan2018",1
10.91,"verified",5.91,0.689,0,36,"Jan2018",4
7.34,"verified",21.26,0.1867,0,60,"Mar2018",3
14.08,"source_only",18.86,0.4023,0,60,"Jan2018",3
16.01,"verified",42.2,0.6828,0,36,"Mar2018",7
11.99,"verified",17.51,0.2273,0,36,"Jan2018",1
14.08,"source_only",21.63,0.178,1,60,"Jan2018",1
6.07,"not",26.18,0.1967,0,36,"Mar2018",1
6.08,"not",18.92,0.0574,0,36,"Jan2018",1
25.82,"source_only",12.22,0.7677,0,60,"Jan2018",5
10.41,"verified",5.57,0.0185,0,36,"Mar2018",1
20,"source_only",17.18,0.2611,0,60,"Feb2018",3
7.35,"source_only",11.42,0.3718,0,36,"Feb2018",0
20.39,"verified",6.03,0.7721,0,36,"Mar2018",3
7.96,"source_only",9.2,0.3177,0,36,"Mar2018",1
6.08,"not",25.87,0.3707,0,36,"Jan2018",0
13.58,"source_only",11.6,0.5262,0,60,"Mar2018",0
7.34,"verified",11.91,0.429,0,36,"Mar2018",4
6.72,"verified",13.06,0.1322,0,36,"Jan2018",4
14.08,"not",20.55,0.1594,0,36,"Jan2018",2
14.08,"source_only",11.06,0.5254,0,60,"Jan2018",0
9.44,"source_only",15.5,0.6368,1,36,"Jan2018",3
22.91,"verified",52.27,0.5091,0,36,"Jan2018",0
20,"source_only",14.52,0.7083,0,60,"Jan2018",18
24.84,"source_only",22.72,0.2775,0,60,"Mar2018",7
9.93,"source_only",11.83,0.0652,0,36,"Jan2018",2
10.42,"not",18.36,0.7195,0,36,"Jan2018",0
9.44,"source_only",10.52,0.4945,1,36,"Jan2018",2
15.05,"not",24.65,0.7797,0,36,"Jan2018",4
11.98,"verified",32.4,0.7684,0,36,"Mar2018",0
9.44,"source_only",14.51,0.4818,0,36,"Jan2018",4
18.45,"not",9.04,0.3621,0,36,"Mar2018",1
26.3,"verified",19.48,0.2694,0,60,"Jan2018",15
6.08,"source_only",3.75,0.1811,0,36,"Jan2018",3
7.96,"source_only",8.56,0.7865,0,36,"Mar2018",4
26.77,"not",26.25,0.2726,0,60,"Mar2018",2
6.08,"not",29.67,0.3291,0,36,"Feb2018",0
6.08,"not",4.41,0.2536,0,36,"Jan2018",1
7.34,"source_only",23.38,0.1636,0,36,"Mar2018",0
13.59,"source_only",14.2,0.9561,0,36,"Feb2018",3
7.35,"not",20.78,0.1522,0,36,"Feb2018",0
12.62,"not",25.08,0.431,0,60,"Feb2018",0
17.09,"not",22.93,0.1699,0,36,"Jan2018",1
20,"verified",27.86,0.7152,0,36,"Jan2018",2
14.07,"not",27.45,0.577,1,60,"Mar2018",0
9.43,"not",33.85,0.6196,0,36,"Mar2018",0
12.61,"source_only",32.61,0.2681,0,36,"Mar2018",3
6.08,"not",33.42,0.4288,0,36,"Jan2018",1
17.09,"source_only",29.54,0.5671,0,36,"Feb2018",7
10.9,"not",34,0.2233,0,36,"Mar2018",0
6.72,"not",27.75,0.1359,0,36,"Jan2018",0
16.02,"not",21.65,0.1461,0,60,"Feb2018",2
14.08,"not",28.16,0.8505,0,60,"Feb2018",1
7.34,"verified",35.58,0.5497,0,36,"Mar2018",1
14.08,"source_only",9.05,0.8028,0,36,"Jan2018",0
10.42,"not",11.04,0.3753,0,60,"Feb2018",1
7.35,"source_only",25.26,0.0084,0,36,"Feb2018",2
9.44,"source_only",13.69,0.0443,0,36,"Jan2018",0
20,"verified",34.78,0.2275,1,36,"Feb2018",3
15.04,"source_only",33.89,0.8178,0,36,"Mar2018",0
21.45,"verified",29.64,0.7621,0,36,"Feb2018",3
10.91,"source_only",16.37,0.6312,0,36,"Feb2018",0
10.41,"not",32.33,0.6107,0,36,"Mar2018",0
12.62,"source_only",25.33,0.2375,0,60,"Jan2018",2
9.44,"not",8.45,0.5179,0,36,"Feb2018",1
9.92,"source_only",2.55,0.2788,0,36,"Mar2018",1
9.44,"source_only",12.48,0.5751,0,36,"Feb2018",3
13.59,"not",8.93,0.4746,0,36,"Jan2018",0
15.05,"source_only",12.17,0.5579,0,36,"Jan2018",3
19.42,"source_only",24.52,0.5737,1,36,"Feb2018",3
10.9,"verified",30.34,0.5858,0,36,"Mar2018",1
6.08,"source_only",14.06,0.2738,0,36,"Jan2018",0
17.09,"source_only",22.75,0.5835,1,36,"Jan2018",3
9.44,"source_only",15.98,0.2503,0,36,"Feb2018",0
16.01,"source_only",20.18,0.2493,0,60,"Mar2018",1
6.07,"not",5.19,0.0394,0,36,"Mar2018",1
13.59,"source_only",4.86,0.3316,1,60,"Feb2018",1
25.82,"source_only",15.23,0.6736,1,60,"Jan2018",2
9.43,"source_only",2.44,0.1415,0,60,"Mar2018",0
25.81,"source_only",29.16,0.4958,0,60,"Mar2018",3
6.08,"not",19.09,0.4482,0,36,"Feb2018",0
9.44,"verified",2.75,0.0166,0,60,"Jan2018",0
7.35,"source_only",42.52,0.3881,0,36,"Jan2018",0
14.07,"verified",3.8,0.0296,0,60,"Mar2018",0
17.47,"not",63.7,0.7734,0,36,"Mar2018",4
20,"not",30.52,0.9768,0,36,"Jan2018",0
9.92,"source_only",14.37,0.474,0,60,"Mar2018",0
5.31,"verified",17.31,0.1183,0,36,"Mar2018",0
15.04,"not",14.28,0.3212,0,36,"Mar2018",8
19.03,"source_only",19.39,0.5193,1,60,"Jan2018",3
17.09,"verified",41.1,0.7617,1,60,"Feb2018",7
12.62,"source_only",24.94,0.723,0,60,"Jan2018",1
16.02,"source_only",27.89,0.82,0,60,"Feb2018",0
10.41,"not",12.8,0.5931,1,36,"Mar2018",6
9.44,"not",9.29,0.5919,1,36,"Jan2018",2
13.59,"source_only",18.2,0.6451,0,36,"Feb2018",0
10.41,"not",16.45,0.4888,0,36,"Mar2018",1
5.31,"not",7.75,0.0843,0,60,"Mar2018",0
7.97,"not",34.59,0.0972,0,36,"Jan2018",1
6.72,"not",15.04,0.195,0,36,"Jan2018",3
14.08,"source_only",11.96,0.6911,0,36,"Jan2018",2
13.59,"source_only",16.54,0.5816,0,36,"Jan2018",1
10.91,"source_only",17.59,0.8311,0,36,"Jan2018",4
10.9,"verified",28.85,0.3738,0,36,"Mar2018",2
14.08,"not",28.28,0.7251,0,36,"Feb2018",1
12.62,"source_only",25.16,0.2061,1,36,"Feb2018",1
20,"verified",15.27,0.5492,0,36,"Feb2018",0
6.08,"source_only",19.3,0.3885,0,36,"Jan2018",1
6.08,"not",6.53,0.0346,0,36,"Jan2018",0
9.93,"source_only",9.82,0.8204,0,60,"Feb2018",0
9.44,"source_only",15.54,0.1034,0,36,"Jan2018",0
7.96,"not",25.6,0.2867,1,36,"Mar2018",1
9.93,"not",10.04,0.596,0,36,"Jan2018",5
11.99,"verified",1.33,0.233,0,36,"Jan2018",2
12.61,"not",29.91,0.2928,0,60,"Mar2018",2
5.32,"not",17.4,0.3828,1,36,"Feb2018",3
25.81,"source_only",24.46,0.3315,0,60,"Mar2018",8
10.9,"verified",26.42,0.1747,0,60,"Mar2018",1
25.81,"verified",5.87,0.9243,0,60,"Mar2018",2
5.32,"verified",2.03,0.0148,0,36,"Feb2018",0
11.98,"verified",36.69,0.3246,0,36,"Mar2018",2
21.85,"source_only",25.06,0.8102,0,60,"Mar2018",9
5.31,"not",13.85,0.1685,0,36,"Mar2018",1
9.92,"verified",12.88,0.1703,0,36,"Mar2018",3
10.9,"not",10.72,0.1879,0,60,"Feb2018",5
20.39,"source_only",6.4,0.0798,0,36,"Mar2018",1
10.9,"source_only",23.52,0.6823,0,36,"Mar2018",0
14.08,"not",19.47,0.2083,0,36,"Feb2018",6
21.85,"verified",8.74,0.5793,1,60,"Mar2018",0
13.58,"not",6.47,0.7362,1,60,"Mar2018",14
11.99,"source_only",20.55,0.708,0,36,"Jan2018",3
10.91,"not",20.45,0.6114,0,36,"Jan2018",8
6.72,"source_only",16.98,0.1512,0,36,"Jan2018",0
19.03,"source_only",5.8,0.5669,0,36,"Jan2018",2
18.45,"source_only",12.42,0.691,1,36,"Mar2018",1
10.9,"source_only",19.61,0.6552,0,60,"Mar2018",1
9.43,"verified",0.54,0.0091,0,60,"Mar2018",1
7.97,"verified",16.77,0.209,0,36,"Feb2018",3
7.35,"source_only",19.83,0.103,0,36,"Jan2018",2
7.34,"source_only",6.17,0.0322,0,36,"Feb2018",2
10.41,"source_only",4.23,0.5939,0,36,"Mar2018",9
10.41,"not",6.9,0.2822,0,36,"Mar2018",3
10.41,"not",13.3,0.2007,0,36,"Feb2018",6
10.41,"not",2.91,0.2075,0,36,"Feb2018",6
7.96,"source_only",18.58,0.2707,0,36,"Feb2018",2
24.85,"not",16.07,0.428,0,60,"Jan2018",2
10.9,"verified",29.19,0.1513,0,60,"Feb2018",1
9.43,"not",15.98,0.2442,1,36,"Mar2018",1
19.42,"source_only",22.54,0.2295,0,60,"Feb2018",8
11.99,"source_only",14.03,0.2327,0,36,"Jan2018",1
9.43,"source_only",8.09,0.2229,0,36,"Feb2018",1
7.35,"not",12.37,0.5061,0,36,"Feb2018",3
12.62,"verified",5.52,0.2042,0,60,"Feb2018",1
7.34,"not",12.9,0.0787,0,36,"Mar2018",3
17.09,"source_only",25.97,0.7838,0,36,"Jan2018",2
15.04,"source_only",8.28,0.0538,0,60,"Mar2018",2
21.45,"not",56.16,0.7433,0,60,"Jan2018",6
7.97,"not",0.36,0.0235,0,36,"Jan2018",0
14.08,"not",20.77,0.3428,0,36,"Jan2018",3
17.47,"not",12.76,0.5865,0,60,"Mar2018",1
9.43,"not",11.52,0.8149,0,36,"Mar2018",0
9.43,"source_only",19.26,0.3324,0,36,"Mar2018",7
7.97,"source_only",13.06,0.5787,1,36,"Jan2018",2
9.44,"verified",22.55,0.1088,1,36,"Jan2018",1
13.58,"source_only",26.62,1.0417,0,36,"Mar2018",0
12.62,"source_only",1.39,0.009,0,36,"Mar2018",4
12.62,"verified",37.11,0.3837,0,36,"Jan2018",3
22.91,"verified",26.5,0.4831,0,36,"Feb2018",1
14.07,"verified",20.29,0.1929,0,60,"Mar2018",3
7.96,"not",27.09,0.2194,1,36,"Feb2018",0
14.07,"source_only",29.09,0.4934,1,60,"Mar2018",1
6.72,"not",26.18,0.4364,0,36,"Jan2018",0
10.9,"not",17.38,0.1394,0,36,"Feb2018",2
11.99,"verified",32.93,0.694,0,36,"Feb2018",3
10.9,"source_only",27.38,0.1801,0,60,"Feb2018",0
9.44,"not",10.26,0.5369,0,36,"Feb2018",2
5.31,"source_only",5.81,0.2071,0,36,"Mar2018",0
11.99,"source_only",38.07,0.2719,0,36,"Jan2018",1
6.08,"not",13.02,0.0964,0,36,"Feb2018",1
5.32,"source_only",19.44,0.151,0,36,"Jan2018",0
16.02,"source_only",23.45,0.4337,0,60,"Jan2018",1
15.05,"not",24.45,0.6073,0,36,"Feb2018",3
20.39,"not",30.81,0.7416,0,36,"Mar2018",1
6.72,"not",7.86,0.0778,0,36,"Jan2018",0
15.05,"not",25.32,0.534,1,36,"Feb2018",0
9.93,"not",27.98,0.3699,0,60,"Jan2018",2
10.9,"source_only",14.2,0.1383,1,60,"Mar2018",0
9.93,"not",14.27,0.3677,0,36,"Feb2018",0
6.72,"not",7.52,0.078,0,36,"Jan2018",1
18.45,"verified",24.06,0.915,0,36,"Mar2018",6
26.77,"verified",13.17,0.1171,0,60,"Mar2018",3
18.06,"not",8.69,0.1425,0,36,"Jan2018",2
6.07,"not",15.11,0.1833,0,36,"Feb2018",0
14.08,"not",11.33,0.0522,0,60,"Mar2018",0
7.34,"not",19.32,0.1342,0,36,"Mar2018",2
12.61,"source_only",18.68,0.4768,0,60,"Mar2018",0
9.92,"source_only",12.88,0.8273,0,36,"Feb2018",0
17.09,"verified",17.77,0.4693,0,36,"Feb2018",2
6.71,"source_only",15.76,0.5046,0,36,"Mar2018",0
7.35,"source_only",15.71,0.0805,1,36,"Jan2018",2
9.93,"source_only",22.62,0.2234,0,60,"Feb2018",1
7.34,"source_only",15.37,0.2906,0,36,"Mar2018",0
16.01,"source_only",18.76,0.2491,0,60,"Mar2018",2
7.35,"source_only",24.69,0.1656,0,36,"Jan2018",6
9.92,"source_only",27.27,0.809,0,36,"Mar2018",0
6.71,"verified",14.28,0.0724,0,36,"Mar2018",1
10.91,"not",29.07,0.417,0,60,"Jan2018",2
11.98,"verified",8.95,0.0451,1,60,"Mar2018",0
19.03,"verified",16.76,0.779,0,36,"Feb2018",0
16.02,"source_only",12.29,0.7116,1,36,"Feb2018",0
9.92,"source_only",17.93,0.025,0,36,"Mar2018",1
7.34,"verified",7.44,0.0516,0,36,"Mar2018",0
10.42,"verified",19.89,0.3756,0,60,"Jan2018",1
19.42,"verified",14.41,0.1828,0,60,"Mar2018",5
6.08,"not",14.92,0.8483,0,36,"Feb2018",0
9.92,"verified",9.6,0.1626,0,36,"Mar2018",2
10.91,"not",15.98,0.1267,0,60,"Feb2018",2
14.08,"source_only",12.56,0.5503,1,36,"Feb2018",3
6.71,"not",9.98,0.4678,1,36,"Feb2018",2
7.35,"not",17.52,0.1566,1,36,"Feb2018",4
18.06,"source_only",2.2,0.6214,0,60,"Jan2018",0
13.58,"not",25.3,0.65,0,36,"Feb2018",8
7.97,"not",25.72,0.2701,0,36,"Feb2018",0
13.58,"source_only",20.06,0.1233,0,36,"Mar2018",2
11.99,"not",17.08,0.2629,0,60,"Feb2018",2
7.97,"not",7.37,0.3385,0,36,"Jan2018",2
6.07,"source_only",39.6,0.2159,0,36,"Mar2018",5
9.92,"source_only",4.24,0.0224,0,36,"Mar2018",0
5.31,"source_only",22.56,0.1848,0,36,"Mar2018",0
15.05,"source_only",21.48,0.5012,0,36,"Jan2018",5
7.34,"verified",4.36,0.031,0,60,"Mar2018",1
9.93,"verified",27.49,0.2443,0,60,"Feb2018",1
25.82,"verified",21.2,0.6319,1,60,"Feb2018",5
7.34,"not",6.48,0.3917,0,36,"Mar2018",5
5.31,"not",14.69,0.5681,0,36,"Mar2018",2
15.04,"source_only",29.89,0.5726,1,60,"Mar2018",1
9.43,"not",20.53,0.193,0,36,"Mar2018",1
5.31,"source_only",11.84,0.1618,0,36,"Feb2018",0
10.41,"source_only",19.47,0.7737,0,36,"Mar2018",0
18.06,"not",21.51,0.3159,0,36,"Jan2018",9
14.08,"not",10.92,0.9569,0,36,"Feb2018",0
10.41,"source_only",4.9,0.8023,0,36,"Mar2018",2
15.04,"not",20.9,0.3497,0,36,"Mar2018",4
7.97,"verified",23.98,0.358,0,36,"Jan2018",0
25.81,"not",23.7,0.8453,0,60,"Mar2018",2
13.59,"verified",38.28,0.3462,0,60,"Feb2018",0
21.85,"source_only",29.18,0.3539,1,60,"Mar2018",6
6.72,"not",15.51,0.1376,0,36,"Jan2018",3
20.39,"verified",33.07,0.3296,0,60,"Feb2018",4
12.61,"source_only",36.07,0.087,0,36,"Mar2018",0
9.92,"not",6.38,0.1365,0,36,"Mar2018",1
7.34,"not",9.99,0.3487,0,60,"Feb2018",2
7.34,"source_only",24.7,0.2198,1,36,"Mar2018",7
9.44,"verified",22.23,0.6454,0,36,"Feb2018",0
16.02,"source_only",32.25,0.4427,1,60,"Jan2018",2
9.92,"not",33.17,0.0989,0,60,"Feb2018",1
9.92,"source_only",14.33,0.1833,0,36,"Feb2018",0
13.59,"verified",23.15,0.6413,0,36,"Jan2018",0
17.09,"verified",19.68,0.5252,1,60,"Feb2018",0
14.08,"source_only",7.33,0.0916,0,60,"Jan2018",5
18.06,"source_only",15.68,0.0184,1,60,"Feb2018",11
17.09,"verified",58.53,0.7202,0,36,"Feb2018",0
21.45,"source_only",28.16,0.5045,0,36,"Feb2018",1
18.06,"source_only",21.98,0.2976,0,60,"Feb2018",8
14.08,"source_only",21.13,0.1752,0,60,"Jan2018",0
5.31,"not",6.56,0.5286,0,36,"Feb2018",0
17.09,"not",35.91,0.5939,0,60,"Jan2018",1
10.42,"verified",23.01,0.0768,0,36,"Jan2018",1
5.31,"not",35.36,0.4166,1,36,"Mar2018",2
15.05,"source_only",10.29,0.2331,0,60,"Feb2018",4
10.91,"verified",31.02,0.8654,0,36,"Jan2018",1
9.44,"verified",30.51,0.425,0,60,"Feb2018",3
9.44,"not",21.29,0.5998,0,36,"Feb2018",2
5.32,"verified",10.39,0.1104,0,36,"Jan2018",0
7.35,"not",9.25,0.066,0,60,"Feb2018",0
6.08,"not",18.57,0.6271,0,36,"Feb2018",1
17.09,"not",10.17,0.4889,0,36,"Jan2018",0
7.96,"source_only",11.05,0.0742,0,36,"Mar2018",2
7.97,"verified",13.99,0.5771,2,36,"Jan2018",0
9.43,"not",17.75,0.1365,0,36,"Mar2018",1
26.77,"source_only",8.91,0.089,0,60,"Mar2018",3
5.31,"verified",10.7,0.5254,0,36,"Feb2018",1
9.43,"source_only",3.21,0.0222,0,60,"Mar2018",0
6.07,"verified",27.72,0.2222,0,36,"Feb2018",0
12.62,"source_only",9.89,0.4931,0,60,"Jan2018",0
13.59,"not",4.99,0.755,0,36,"Feb2018",0
7.96,"source_only",28.97,0.4506,0,36,"Mar2018",4
14.08,"not",14.75,0.2091,0,36,"Jan2018",3
13.58,"source_only",26.3,0.2676,0,60,"Feb2018",2
21.45,"source_only",33.85,0.8991,0,60,"Feb2018",0
13.58,"verified",10.08,0.7857,0,36,"Feb2018",0
19.03,"verified",15.62,0.6488,0,36,"Jan2018",0
7.96,"not",23.51,0.4731,0,36,"Feb2018",0
7.96,"source_only",36.98,0.2751,0,36,"Feb2018",5
6.72,"source_only",7.89,0.3936,1,36,"Feb2018",0
18.45,"not",9.79,0.4712,0,60,"Feb2018",2
11.98,"not",6,0.0779,0,60,"Mar2018",0
17.09,"source_only",23.59,0.7877,0,36,"Jan2018",0
9.44,"source_only",23.14,0.0831,0,36,"Jan2018",0
7.34,"verified",11.08,0.0187,0,36,"Mar2018",0
11.98,"verified",11.4,0.2972,0,36,"Mar2018",0
19.03,"not",12.94,0.6231,1,36,"Jan2018",2
9.92,"verified",32.84,0.6644,0,36,"Mar2018",1
20,"verified",17.5,0.83,0,60,"Jan2018",3
7.34,"not",23.91,0.2995,0,60,"Mar2018",1
7.97,"not",22.82,0.6104,0,36,"Mar2018",7
9.44,"not",14.57,0.2526,0,36,"Jan2018",0
5.32,"source_only",3.81,0.1576,0,36,"Jan2018",3
15.05,"not",8.57,1.0028,0,36,"Feb2018",4
19.03,"not",25.15,0.1202,0,60,"Jan2018",1
12.62,"verified",12.38,0.069,0,36,"Feb2018",2
5.32,"verified",15.97,0.0992,0,36,"Feb2018",0
6.72,"not",35.73,0.189,0,36,"Feb2018",0
5.32,"source_only",6.96,0.5066,0,36,"Jan2018",0
11.99,"source_only",13.36,0.255,0,36,"Feb2018",2
12.61,"verified",15.64,0.1184,0,60,"Mar2018",1
6.07,"not",30.06,0.2847,0,36,"Mar2018",3
11.99,"source_only",10.7,0.0987,0,60,"Feb2018",1
16.02,"not",27.29,0.5649,0,60,"Feb2018",0
15.05,"not",29.81,0.7743,0,36,"Feb2018",3
13.59,"verified",74.85,0.1054,0,36,"Feb2018",0
11.98,"verified",15.84,0.1548,0,36,"Mar2018",2
15.05,"source_only",7.45,0.0905,0,60,"Feb2018",0
18.45,"source_only",19.13,0.8397,0,36,"Mar2018",7
15.04,"source_only",31.49,0.5724,0,60,"Mar2018",3
15.04,"source_only",6.9,0.0381,0,60,"Mar2018",3
7.35,"source_only",22.26,1.0039,0,36,"Feb2018",0
9.44,"not",11.92,0.624,0,36,"Jan2018",0
16.02,"source_only",14.56,0.1596,0,60,"Feb2018",0
14.07,"not",12.78,0.8745,0,36,"Mar2018",0
28.72,"verified",12.13,0.117,0,60,"Jan2018",9
19.03,"verified",14.24,0.0744,0,36,"Feb2018",1
9.92,"not",15.66,0.1426,0,60,"Mar2018",0
22.91,"not",39.55,0.8026,1,36,"Jan2018",1
7.35,"source_only",23.06,0.4357,0,36,"Jan2018",5
18.45,"not",5.6,0.0768,0,36,"Mar2018",8
15.05,"source_only",23.52,0.6679,0,36,"Jan2018",0
23.88,"not",26.14,0.3878,0,60,"Feb2018",8
10.9,"not",11.32,0.5017,0,36,"Mar2018",1
6.08,"not",19.75,0.0814,0,36,"Feb2018",3
10.9,"verified",71.04,0.8346,0,36,"Mar2018",0
21.85,"verified",47.81,0.5569,1,60,"Mar2018",4
6.72,"source_only",13.97,0.2635,0,36,"Jan2018",5
13.58,"verified",17.71,0.2783,0,60,"Mar2018",5
13.58,"verified",15.3,0.7343,0,36,"Mar2018",0
15.04,"source_only",24.82,0.9643,0,36,"Mar2018",1
9.44,"source_only",11.06,0.3542,0,60,"Feb2018",0
17.47,"not",16.64,0.3541,0,36,"Mar2018",1
15.05,"not",7.14,0.3538,0,60,"Feb2018",0
25.81,"source_only",16.45,0.1831,0,60,"Mar2018",6
20.39,"verified",10.74,0.4985,0,36,"Feb2018",3
13.58,"not",31.08,0.5902,0,60,"Feb2018",0
9.93,"source_only",8.38,0.8842,0,36,"Feb2018",0
15.05,"not",16.7,0.207,0,36,"Jan2018",0
18.45,"not",24.69,0.5147,1,36,"Mar2018",1
15.04,"source_only",21.69,0.2716,0,60,"Feb2018",0
16.02,"source_only",9.35,0.1405,1,60,"Feb2018",1
14.07,"not",27.08,0.6994,0,36,"Mar2018",0
14.07,"source_only",31.39,0.2637,0,36,"Mar2018",3
7.97,"not",29,0.8837,0,36,"Jan2018",4
13.59,"not",7.3,0.0229,0,60,"Jan2018",1
15.05,"not",17.33,0.8565,0,36,"Jan2018",1
16.02,"source_only",23.88,0.3984,0,60,"Jan2018",0
12.62,"source_only",14.65,0.5858,0,36,"Feb2018",0
9.43,"source_only",4.98,0.1907,0,60,"Mar2018",2
12.62,"source_only",15.2,0.5888,0,60,"Jan2018",1
11.98,"not",8.07,0.4721,0,36,"Feb2018",1
13.59,"source_only",16.43,0.5564,0,60,"Feb2018",0
6.08,"source_only",8.18,0.0416,0,36,"Feb2018",5
10.41,"verified",17.84,0.2209,0,36,"Feb2018",5
13.59,"source_only",8.69,0.612,0,36,"Jan2018",1
28.72,"verified",18.8,0.4434,1,60,"Mar2018",3
7.35,"not",44.85,0.5929,0,36,"Jan2018",1
10.9,"not",25.74,0.2539,0,36,"Mar2018",1
7.34,"source_only",22.42,0.11,0,60,"Mar2018",0
10.42,"not",23.8,0.6892,0,60,"Jan2018",1
12.62,"not",15.11,0.0725,0,60,"Feb2018",0
9.93,"source_only",25.14,0.8832,0,36,"Jan2018",0
13.58,"source_only",17.87,0.1219,0,36,"Mar2018",1
17.47,"verified",4.67,0.4991,0,60,"Mar2018",4
12.61,"source_only",21.43,0.2757,0,60,"Mar2018",1
9.43,"source_only",16.18,0.3144,0,36,"Mar2018",1
12.62,"not",24.99,0.1837,0,60,"Feb2018",1
9.93,"not",20.09,0.1329,0,36,"Jan2018",0
15.05,"not",10.73,0.0681,1,60,"Feb2018",1
25.81,"verified",33.14,0.9703,0,60,"Mar2018",1
7.34,"not",13.76,0.0985,0,36,"Mar2018",1
10.42,"not",14.73,0.5696,0,60,"Jan2018",3
5.31,"not",28.23,0.1777,0,36,"Mar2018",2
12.62,"verified",15.93,0.0876,0,36,"Jan2018",6
20,"verified",21.05,0.1852,0,60,"Jan2018",1
10.91,"verified",24.3,0.4065,0,36,"Jan2018",8
12.62,"source_only",13.83,0.134,0,36,"Jan2018",3
5.31,"not",8.63,0.1797,0,36,"Mar2018",5
11.98,"verified",30.24,0.338,0,60,"Mar2018",4
7.96,"source_only",27.83,0.6629,0,36,"Mar2018",2
14.07,"source_only",15.82,0.187,0,36,"Feb2018",2
14.08,"source_only",18.77,0.6492,0,36,"Feb2018",4
9.44,"source_only",34.48,0.1981,0,36,"Feb2018",3
13.59,"source_only",13.18,0.0527,0,36,"Feb2018",2
22.91,"verified",26.79,0.1647,0,36,"Feb2018",4
6.08,"not",14.85,0.1987,0,36,"Jan2018",3
6.72,"verified",26.5,0.3847,0,36,"Jan2018",0
16.01,"source_only",12.84,0.1879,0,60,"Feb2018",4
18.06,"not",10.28,0.4548,0,36,"Jan2018",0
14.07,"not",31.2,0.2194,0,36,"Mar2018",2
10.42,"source_only",8.89,0.4158,1,60,"Jan2018",1
5.32,"source_only",15.5,0.1683,0,36,"Jan2018",1
10.41,"not",15.02,0.5569,0,36,"Mar2018",0
11.98,"source_only",14.13,0.1087,0,60,"Mar2018",6
16.02,"source_only",16.46,0.5652,0,60,"Jan2018",0
5.32,"not",7.5,0.0529,0,36,"Feb2018",5
5.31,"verified",20.53,0.1845,0,36,"Mar2018",7
16.01,"source_only",20.82,0.4256,0,36,"Mar2018",0
11.99,"not",11.92,0.7898,0,36,"Jan2018",3
9.92,"not",3.06,0.1202,1,36,"Mar2018",3
11.98,"verified",18.61,0.3596,0,36,"Mar2018",1
11.99,"not",18.11,0.6872,0,60,"Mar2018",0
7.97,"verified",34.11,0.2703,0,60,"Jan2018",1
7.34,"source_only",12.6,1.0428,0,36,"Mar2018",0
6.71,"not",22.46,0.4507,0,36,"Mar2018",1
9.92,"not",12.42,0.2735,0,60,"Feb2018",1
9.92,"not",11.8,0.1424,0,60,"Mar2018",2
9.44,"not",8.22,0.8782,0,60,"Feb2018",8
7.97,"not",11.84,0.0697,1,36,"Feb2018",1
10.91,"not",5.99,0.4248,0,36,"Feb2018",1
10.91,"not",19.42,0.4935,0,36,"Jan2018",1
9.44,"not",9.17,0.4298,1,36,"Jan2018",1
23.87,"verified",28.05,0.3379,0,36,"Mar2018",3
18.45,"source_only",26.21,0.8566,0,36,"Mar2018",3
10.41,"source_only",19.08,0.4307,0,36,"Mar2018",1
19.42,"source_only",22.7,0.2043,1,60,"Mar2018",1
13.58,"verified",34.28,0.5376,0,36,"Mar2018",2
9.92,"source_only",21.01,0.5189,0,36,"Mar2018",1
16.02,"not",16.59,0.7734,0,36,"Feb2018",2
23.88,"verified",25.43,0.1914,0,60,"Feb2018",1
10.91,"source_only",23.78,0.5561,0,36,"Feb2018",0
13.59,"not",6.53,0.5277,0,36,"Jan2018",3
10.9,"source_only",17.79,0.1494,0,60,"Mar2018",1
14.08,"verified",50.34,0.3214,0,36,"Jan2018",2
19.03,"verified",25.65,0.1599,1,60,"Feb2018",2
14.07,"source_only",0.6,0.0122,0,36,"Mar2018",6
10.91,"source_only",11.92,0.5797,0,36,"Feb2018",0
10.91,"source_only",20.28,0.3992,1,36,"Jan2018",0
18.06,"source_only",13.4,0.8633,0,60,"Jan2018",0
9.93,"not",20.11,0.5726,0,36,"Jan2018",1
24.85,"verified",0,0,0,60,"Jan2018",3
10.42,"source_only",8.67,0.123,1,36,"Feb2018",2
11.98,"source_only",20.72,0.1249,1,60,"Feb2018",0
5.32,"source_only",28.34,0.5623,0,36,"Feb2018",0
21.45,"verified",15.91,0.2114,0,60,"Feb2018",1
14.08,"source_only",2,0.0253,0,60,"Feb2018",2
6.72,"not",10.77,0.6586,0,60,"Feb2018",0
15.05,"source_only",20.61,0.7115,1,36,"Jan2018",2
9.43,"not",11.52,0.095,1,36,"Mar2018",3
19.42,"verified",8.99,0.1876,0,60,"Mar2018",2
10.91,"not",25.36,0.5457,0,60,"Mar2018",1
14.08,"source_only",17.54,0.0339,0,60,"Jan2018",2
9.92,"verified",10.92,0.2741,1,36,"Mar2018",1
9.92,"source_only",18.03,0.5743,0,36,"Mar2018",6
11.99,"not",3.07,0.4968,0,36,"Feb2018",1
9.44,"not",18.88,0.3106,0,36,"Feb2018",0
9.43,"not",5.5,0.0606,1,36,"Mar2018",5
7.35,"not",30.45,0.2504,0,36,"Jan2018",0
15.05,"source_only",17.43,0.7561,0,60,"Jan2018",0
11.99,"source_only",18.92,0.5081,0,60,"Feb2018",1
9.44,"source_only",16.13,0.5471,0,36,"Feb2018",4
9.92,"source_only",12.74,0.5062,0,36,"Mar2018",1
12.62,"source_only",22.84,0.1179,1,60,"Feb2018",2
14.08,"source_only",21.1,0.4383,0,36,"Jan2018",1
10.41,"source_only",25.53,0.1049,0,36,"Feb2018",2
24.84,"source_only",18.6,0.3925,0,60,"Mar2018",0
13.59,"not",28.86,0.5429,0,36,"Jan2018",1
17.09,"not",11.36,0.0297,0,36,"Feb2018",6
6.07,"not",10.47,0.1191,0,36,"Mar2018",0
9.43,"source_only",27.64,0.0901,0,36,"Mar2018",2
6.08,"source_only",19.44,0.2409,0,36,"Jan2018",1
7.97,"source_only",16.44,0.3963,0,36,"Feb2018",0
16.01,"source_only",25.01,1.053,0,60,"Mar2018",0
9.92,"source_only",7.07,0.6107,0,60,"Feb2018",0
15.04,"source_only",13.52,0.2332,0,60,"Mar2018",0
7.96,"source_only",11.36,0.0555,0,36,"Mar2018",1
15.05,"source_only",37.62,0.5674,1,36,"Feb2018",1
9.43,"source_only",22.57,0.5437,0,36,"Mar2018",0
20,"source_only",22.62,0.0677,0,60,"Jan2018",2
17.09,"verified",15.92,0,0,36,"Jan2018",1
14.07,"not",27.33,0.3561,0,60,"Mar2018",5
10.42,"not",12.86,0.1661,0,36,"Jan2018",1
12.62,"verified",20.29,0.1751,0,60,"Feb2018",1
15.04,"source_only",13.2,0.8787,0,36,"Mar2018",0
10.42,"source_only",30.12,0.8949,0,60,"Feb2018",1
18.45,"verified",19.57,0.5611,0,60,"Mar2018",2
22.91,"source_only",15.24,0.8837,0,36,"Jan2018",1
6.08,"not",21.97,0.2274,0,36,"Feb2018",0
16.01,"verified",71.91,0.3082,0,36,"Mar2018",6
7.35,"not",19.26,0.1705,0,60,"Jan2018",0
11.98,"source_only",11.24,0.1212,0,36,"Mar2018",2
7.34,"verified",16.74,0.0925,0,36,"Mar2018",5
16.02,"source_only",24.43,0.2227,1,36,"Feb2018",0
17.47,"source_only",22.26,0.822,0,60,"Mar2018",1
20,"verified",10.44,0.2914,0,60,"Feb2018",1
10.41,"verified",11.45,0.1902,0,36,"Mar2018",1
12.62,"verified",8.1,1.0856,0,36,"Feb2018",1
9.44,"not",17.41,0.2088,0,60,"Jan2018",1
10.9,"not",15.65,0.6776,0,36,"Mar2018",0
7.35,"not",12.31,0.0592,0,36,"Jan2018",3
5.32,"source_only",39.35,0.4102,0,36,"Feb2018",2
17.09,"not",13.14,0.5747,0,60,"Jan2018",8
5.31,"not",4.56,0.1313,0,36,"Mar2018",0
10.9,"not",21.01,0.2199,1,60,"Mar2018",1
9.92,"verified",5.48,0.0624,0,36,"Mar2018",4
6.71,"not",10.48,0.755,0,36,"Mar2018",0
9.43,"not",37.94,0.6281,0,36,"Feb2018",1
25.82,"verified",16.54,0.1194,1,60,"Feb2018",2
16.02,"verified",19.54,0.1147,0,60,"Jan2018",3
6.72,"not",3.66,0.3635,0,36,"Jan2018",0
10.9,"source_only",11.74,0.0952,0,36,"Mar2018",7
7.97,"not",11.06,0.1884,0,36,"Feb2018",1
13.59,"source_only",1.1,0.5715,0,36,"Feb2018",1
11.98,"source_only",20.43,0.263,0,36,"Mar2018",1
12.61,"verified",36.81,0.602,0,36,"Mar2018",0
7.97,"not",14.32,0.5626,0,36,"Jan2018",3
12.62,"verified",15.72,0.8886,1,60,"Feb2018",1
10.91,"not",13.56,0.6079,0,36,"Feb2018",0
12.62,"not",36.84,0.7462,1,36,"Jan2018",7
14.08,"source_only",11.82,0.1808,0,36,"Jan2018",1
6.08,"source_only",1.15,0.0307,0,36,"Jan2018",2
12.61,"not",17.33,0.1706,0,36,"Mar2018",4
20,"source_only",13.35,0.5115,0,60,"Feb2018",4
12.62,"source_only",5.19,0.8384,0,60,"Feb2018",0
7.34,"not",15.33,0.2172,0,60,"Mar2018",2
7.35,"verified",19.46,0.1212,1,36,"Feb2018",2
12.62,"not",27.33,0.5713,0,36,"Jan2018",4
22.9,"source_only",13.27,0.4359,0,60,"Mar2018",4
16.02,"not",37.55,0.3872,0,36,"Jan2018",1
15.05,"source_only",18.37,0.7261,0,36,"Jan2018",1
21.45,"verified",28.62,0.3089,0,60,"Feb2018",2
6.72,"source_only",23.94,0.3487,0,36,"Jan2018",0
9.93,"source_only",12.37,0.1377,0,60,"Jan2018",3
13.58,"verified",16.15,0.729,0,36,"Mar2018",8
11.98,"source_only",16.76,0.9685,0,36,"Mar2018",5
5.32,"source_only",26.89,0.2651,0,36,"Feb2018",0
10.9,"not",14.05,0.1245,1,60,"Mar2018",1
12.61,"source_only",6.35,0.5188,0,60,"Mar2018",9
18.06,"source_only",15.97,0.7738,0,60,"Jan2018",6
10.42,"verified",10.68,0.1145,0,60,"Feb2018",2
10.91,"verified",15.85,0.4803,0,36,"Jan2018",3
24.85,"verified",33.89,0.5731,0,36,"Feb2018",4
11.98,"source_only",8.34,0.5916,0,36,"Mar2018",0
11.99,"verified",25.04,0.326,1,60,"Jan2018",2
7.97,"source_only",14.8,0.8104,1,36,"Feb2018",2
19.42,"verified",28.77,0.263,0,60,"Mar2018",3
12.61,"source_only",9.95,0.1513,0,60,"Mar2018",0
19.03,"verified",24.45,0.8451,0,36,"Jan2018",1
6.72,"source_only",2.88,0.037,0,36,"Jan2018",1
20,"source_only",30.95,0.5802,0,60,"Jan2018",1
12.61,"source_only",18.83,0.1511,0,60,"Mar2018",1
15.05,"not",5.94,0.7861,0,36,"Feb2018",0
9.44,"not",7.27,0.2572,0,60,"Jan2018",0
10.42,"source_only",17.31,0.8385,1,36,"Feb2018",1
11.98,"source_only",34.16,0.5074,0,36,"Mar2018",2
10.42,"not",21.56,0.5231,0,36,"Jan2018",5
9.92,"source_only",14.05,0.1914,0,60,"Mar2018",1
9.92,"not",28.45,0.2119,0,36,"Mar2018",3
24.85,"source_only",42.93,0.7077,0,36,"Feb2018",1
12.62,"source_only",6.43,0.3545,0,36,"Jan2018",5
14.07,"source_only",4.12,0.3311,0,36,"Mar2018",2
18.45,"verified",10.65,0.0677,1,36,"Mar2018",2
16.01,"verified",49.9,0.3945,0,60,"Mar2018",0
6.07,"not",20.93,0.1593,0,36,"Mar2018",1
6.71,"not",14.91,0.5049,0,36,"Mar2018",0
13.59,"source_only",13.25,0.153,0,36,"Feb2018",1
7.34,"not",27.35,0.2478,0,36,"Mar2018",0
6.72,"not",3.94,0.293,2,36,"Feb2018",0
5.31,"source_only",7.73,0.0609,0,36,"Mar2018",1
9.44,"source_only",21.69,0.229,0,36,"Feb2018",3
10.91,"source_only",23.19,0.2367,0,36,"Jan2018",0
10.41,"verified",13.89,0.1658,0,36,"Mar2018",4
11.99,"source_only",2.01,0.038,1,60,"Jan2018",1
9.93,"not",33.02,0.3579,1,36,"Mar2018",9
14.08,"source_only",8.4,0.836,0,36,"Feb2018",5
9.93,"verified",17.43,0.4936,0,36,"Feb2018",0
16.02,"verified",17.43,0.1666,0,60,"Feb2018",1
20.39,"source_only",33.3,0.2901,0,36,"Mar2018",0
30.65,"source_only",35.95,0.4182,0,60,"Jan2018",1
11.99,"not",13.63,0.608,0,36,"Jan2018",4
7.35,"source_only",8.52,0.0738,0,36,"Jan2018",1
26.3,"verified",30.16,0.85,0,60,"Feb2018",8
21.45,"not",37.65,0.3497,0,60,"Jan2018",5
13.59,"source_only",14.74,0.0998,0,60,"Feb2018",3
18.45,"not",37.19,0.9042,0,36,"Mar2018",0
11.99,"source_only",34.22,0.7719,0,36,"Feb2018",1
12.61,"source_only",17.11,0.1842,0,60,"Mar2018",6
10.41,"not",15.84,0.4436,0,36,"Mar2018",1
25.82,"verified",31.16,0.9921,0,36,"Feb2018",0
15.05,"verified",19.61,0.7163,1,60,"Jan2018",7
9.43,"not",33,1.1304,0,36,"Mar2018",3
12.62,"source_only",16.59,0.1252,0,36,"Feb2018",1
21.45,"source_only",14.33,0.3195,0,36,"Jan2018",2
11.99,"source_only",12.25,0.4652,0,36,"Jan2018",1
16.02,"source_only",20.6,0.2841,0,60,"Jan2018",9
20.39,"verified",26.22,0.6369,0,60,"Mar2018",0
19.42,"source_only",19.55,0.1795,0,60,"Mar2018",7
9.44,"source_only",25.99,0.1753,0,60,"Jan2018",0
15.05,"source_only",8.6,0.7721,0,36,"Feb2018",4
10.9,"not",24.65,0.5447,0,36,"Mar2018",0
7.35,"not",21.04,0.2036,0,36,"Jan2018",0
24.84,"not",29.53,0.7891,0,60,"Mar2018",2
7.35,"not",26.19,0.0853,0,36,"Jan2018",0
14.07,"verified",31.22,0.2626,0,60,"Mar2018",1
11.99,"source_only",24.13,0.491,0,36,"Feb2018",1
11.99,"not",11.3,0.0963,0,60,"Jan2018",2
7.97,"not",12.87,0.491,0,36,"Feb2018",1
28.72,"not",21.23,0.4523,0,60,"Mar2018",0
5.32,"source_only",12.36,0.1993,0,36,"Mar2018",1
9.43,"source_only",7.32,0.0832,0,36,"Mar2018",1
10.41,"source_only",1.58,0.6577,0,36,"Mar2018",1
12.61,"source_only",20.24,0.138,0,36,"Mar2018",0
7.34,"source_only",15.15,0.0935,0,36,"Feb2018",0
9.93,"not",35.55,0.5347,0,60,"Feb2018",1
26.77,"source_only",26.33,0.7841,0,60,"Mar2018",0
10.9,"source_only",17.08,0.6173,0,60,"Mar2018",3
24.85,"verified",36.08,0.6555,0,60,"Feb2018",1
20,"source_only",6.74,0.5281,1,36,"Feb2018",4
18.06,"not",13.42,0.4528,0,36,"Feb2018",0
12.61,"not",29.79,0.5948,0,36,"Feb2018",0
18.45,"not",31.04,0.7238,0,60,"Mar2018",8
14.08,"verified",148.04,0.3785,0,60,"Feb2018",1
13.59,"not",15.66,0.798,1,36,"Feb2018",1
10.42,"verified",24.39,0.2847,0,36,"Feb2018",3
10.42,"not",15.27,0.1121,0,36,"Feb2018",4
9.92,"source_only",9.1,0.6263,0,36,"Mar2018",1
11.98,"source_only",7.96,0.1132,0,36,"Mar2018",1
6.71,"source_only",17.88,0.0502,0,36,"Mar2018",0
9.43,"source_only",17.86,0.2385,0,60,"Feb2018",0
25.82,"not",13.97,0.0698,0,60,"Feb2018",3
13.59,"verified",19.22,0.6091,0,36,"Jan2018",0
15.05,"not",35.3,0.5042,0,36,"Feb2018",13
13.59,"not",16.6,0.6258,0,36,"Jan2018",1
5.32,"not",9.16,0.423,0,36,"Jan2018",1
24.84,"source_only",21.05,0.526,0,36,"Mar2018",3
12.62,"source_only",13.56,0.097,1,60,"Jan2018",3
12.62,"verified",24.2,0.0715,0,36,"Jan2018",0
24.84,"source_only",31.58,0.4509,0,60,"Mar2018",4
6.07,"not",27.88,0.3781,0,36,"Mar2018",2
17.47,"verified",21.97,0.5912,1,60,"Mar2018",1
17.47,"verified",9.83,0.2356,0,60,"Mar2018",5
16.02,"not",21.71,0.4597,0,60,"Jan2018",7
7.34,"verified",8.65,0.0694,0,36,"Mar2018",0
12.62,"not",28.24,0.4478,0,60,"Feb2018",0
10.9,"verified",19.43,0.6511,1,36,"Mar2018",1
7.35,"verified",27.85,0.3084,0,36,"Feb2018",0
13.59,"not",8.81,0.058,0,36,"Jan2018",2
6.08,"not",4.83,0.0688,0,36,"Jan2018",0
5.32,"not",25.9,0.4863,0,36,"Jan2018",1
18.06,"source_only",11.66,0.5638,1,60,"Feb2018",1
9.93,"not",4.95,0.2238,0,36,"Jan2018",5
20.39,"not",19.27,0.8197,0,36,"Mar2018",0
17.47,"verified",12.72,0.2631,0,36,"Mar2018",2
9.44,"not",12.77,0.1113,1,60,"Jan2018",1
11.98,"source_only",21.05,0.7175,0,36,"Mar2018",1
12.62,"source_only",21.7,0.4257,0,36,"Jan2018",1
9.92,"not",16.92,0.5073,0,60,"Mar2018",1
10.42,"not",19.1,0.2275,0,60,"Feb2018",2
11.99,"verified",5.57,0.0508,0,60,"Jan2018",2
10.42,"not",5.76,0.3364,1,36,"Jan2018",0
14.08,"not",27.3,0.5302,0,36,"Jan2018",1
10.41,"not",3.02,0.0147,0,36,"Mar2018",4
12.61,"not",17.37,0.5437,0,36,"Mar2018",1
12.61,"source_only",19.65,0.234,0,60,"Mar2018",0
21.45,"verified",25.22,0.3483,1,60,"Feb2018",1
13.58,"not",29.94,0.8053,0,36,"Feb2018",0
12.61,"verified",17.65,0.0933,1,36,"Mar2018",10
19.42,"not",34.89,0.2796,0,60,"Mar2018",1
14.08,"not",23.68,0.7317,0,36,"Feb2018",7
10.42,"source_only",21.52,0.3382,0,60,"Jan2018",3
16.01,"not",8.87,0.088,0,36,"Mar2018",5
18.06,"source_only",19.65,0.6144,0,60,"Jan2018",2
15.05,"source_only",23.29,0.4266,0,60,"Jan2018",0
9.43,"not",3.33,0.7959,0,36,"Mar2018",1
10.42,"source_only",23.43,0.2411,0,60,"Feb2018",4
14.08,"source_only",15.88,0.1447,0,36,"Jan2018",0
10.91,"source_only",22.1,0.5816,0,36,"Feb2018",1
18.45,"source_only",13.32,0.8432,0,60,"Mar2018",3
10.41,"source_only",20.35,0.4997,0,60,"Mar2018",0
10.91,"verified",31.29,0.8037,0,36,"Feb2018",1
9.92,"not",25.77,0.5494,0,36,"Feb2018",3
7.34,"not",33.85,0.3564,0,36,"Feb2018",1
30.17,"verified",11.93,0.4026,0,60,"Mar2018",4
19.03,"source_only",35.74,0.3935,1,60,"Feb2018",11
7.97,"source_only",19.07,0.7483,0,36,"Jan2018",4
12.62,"source_only",14.53,0.6549,0,36,"Feb2018",0
9.93,"not",27.37,0.7659,1,36,"Jan2018",2
5.31,"not",15.99,0.2178,0,36,"Mar2018",0
10.42,"source_only",24.2,0.5181,0,36,"Jan2018",1
10.91,"not",3.68,1.0015,0,36,"Feb2018",3
10.42,"source_only",16.68,0.624,1,36,"Feb2018",4
10.91,"source_only",18.81,0.2655,0,36,"Jan2018",1
12.62,"source_only",8.15,0.0811,0,60,"Feb2018",0
9.92,"source_only",30.47,0.1919,0,36,"Mar2018",0
9.92,"verified",6.22,0.0207,0,36,"Mar2018",0
20,"verified",39.99,0.7399,1,36,"Feb2018",2
19.42,"verified",23.52,0.5004,0,36,"Mar2018",1
6.71,"not",4.58,0.566,0,36,"Mar2018",0
14.07,"source_only",16.5,0.1506,1,60,"Mar2018",3
14.08,"not",15.14,0.2916,0,36,"Jan2018",0
6.72,"not",15.47,0.1511,0,36,"Feb2018",4
6.08,"source_only",5.06,0.0631,0,36,"Jan2018",2
11.98,"verified",13.64,0.8628,0,36,"Mar2018",2
25.82,"verified",14.27,0.0841,0,60,"Feb2018",5
19.03,"verified",19.01,0.1821,0,36,"Jan2018",1
6.71,"not",22.8,0.4072,1,36,"Mar2018",0
16.02,"not",22.09,0.5958,0,60,"Feb2018",4
9.44,"not",15.27,0.4268,0,36,"Jan2018",1
14.07,"not",1.95,0.4674,0,36,"Mar2018",3
18.45,"not",13.84,0.6339,0,36,"Mar2018",0
9.93,"source_only",12.74,0.5725,0,36,"Feb2018",1
17.09,"verified",23.04,0.253,0,60,"Jan2018",2
11.98,"not",20.13,0.5805,0,36,"Mar2018",3
7.97,"source_only",5.14,0.1276,0,36,"Feb2018",0
10.9,"verified",18.76,0.181,0,60,"Mar2018",1
16.01,"source_only",17.12,0.155,1,36,"Feb2018",9
15.04,"verified",19.1,0.4303,0,36,"Mar2018",10
20,"source_only",17.63,1.05,0,60,"Jan2018",2
14.07,"source_only",30.37,1.1426,0,36,"Mar2018",0
10.91,"not",17.6,0.5637,0,36,"Feb2018",0
10.41,"not",19.36,0.1358,0,36,"Mar2018",0
10.9,"source_only",32.06,0.2314,0,60,"Mar2018",0
6.71,"source_only",0.66,0.6858,0,36,"Feb2018",0
11.99,"source_only",46.77,0.3573,0,36,"Jan2018",5
16.01,"not",29.62,0.628,0,60,"Feb2018",0
10.9,"not",14.21,0.1554,0,36,"Mar2018",2
13.59,"not",61.28,0.3182,0,60,"Jan2018",0
13.58,"not",29.2,0.2858,0,36,"Mar2018",0
15.05,"source_only",9.03,0.7835,0,36,"Jan2018",1
7.34,"not",3.87,0.0333,0,36,"Mar2018",0
9.93,"source_only",7.27,0.1453,0,36,"Feb2018",2
15.05,"not",13.99,0.2118,0,36,"Feb2018",2
6.72,"source_only",18.75,0.137,0,36,"Jan2018",3
7.35,"not",10.36,0.1942,0,60,"Feb2018",2
13.59,"source_only",31.32,0.2874,0,36,"Jan2018",1
12.62,"verified",5.93,0.4584,0,60,"Feb2018",1
17.09,"source_only",26.5,0.2157,0,36,"Jan2018",6
10.42,"source_only",11.29,0.8016,0,36,"Jan2018",1
21.85,"verified",23.75,0.734,0,60,"Mar2018",1
18.45,"verified",12.9,0.1133,1,60,"Mar2018",2
14.08,"source_only",0.97,0.0136,0,60,"Jan2018",5
5.32,"source_only",2.09,0.2287,0,36,"Jan2018",0
12.62,"verified",31.37,0.613,0,36,"Feb2018",0
17.47,"not",24.82,0.7245,0,36,"Mar2018",1
19.42,"source_only",48.56,0.5374,1,36,"Mar2018",4
16.01,"verified",21.36,0.2675,0,60,"Mar2018",1
11.98,"verified",1.77,0.3069,0,36,"Mar2018",1
6.72,"source_only",20.19,0.509,0,36,"Jan2018",1
9.43,"source_only",11.88,0.45,0,60,"Mar2018",0
13.59,"source_only",11.3,0.5523,0,36,"Feb2018",1
6.72,"source_only",11.21,0.549,0,36,"Feb2018",2
9.44,"not",22.82,0.5589,1,36,"Feb2018",1
11.98,"verified",18.44,0.4955,0,36,"Mar2018",2
11.99,"source_only",24.56,0.7365,0,36,"Feb2018",0
7.35,"source_only",17.15,0.092,0,36,"Jan2018",5
13.59,"source_only",31.12,0.4679,0,60,"Mar2018",0
7.96,"source_only",8.6,0.0782,0,36,"Mar2018",5
20.39,"source_only",17.19,1.0234,0,36,"Mar2018",5
13.58,"source_only",5.3,0.4161,0,60,"Mar2018",5
6.72,"not",18,0.4587,2,36,"Feb2018",1
20,"not",22.63,0.2968,1,36,"Feb2018",10
9.92,"not",6.56,0.511,1,36,"Mar2018",0
16.02,"not",24.01,0.6106,0,36,"Feb2018",2
18.06,"verified",26.31,0.3363,0,60,"Feb2018",2
17.47,"verified",21.04,0.1321,0,60,"Mar2018",11
16.01,"verified",36.24,0.1113,0,36,"Mar2018",1
13.59,"source_only",13.51,0.1725,0,36,"Jan2018",2
9.43,"not",8.68,0.1719,0,36,"Mar2018",3
5.31,"not",3.42,0.3482,0,36,"Feb2018",0
21.45,"source_only",25.76,0.4766,0,60,"Jan2018",0
5.32,"source_only",6.32,0.0655,0,36,"Jan2018",2
17.47,"verified",55.44,0.1892,0,60,"Mar2018",1
12.62,"verified",5.73,0.661,0,36,"Jan2018",11
18.45,"verified",23.63,0.3608,0,36,"Mar2018",1
20,"source_only",34.7,0.2494,0,60,"Jan2018",7
6.08,"not",0.64,0.0526,0,36,"Feb2018",2
9.93,"verified",42.76,0.6643,0,36,"Feb2018",2
7.35,"source_only",6.67,0.0577,0,60,"Feb2018",2
9.92,"source_only",27.11,0.6972,0,36,"Mar2018",0
16.01,"source_only",8.37,0.4993,1,60,"Feb2018",10
15.05,"verified",16.75,0.7055,0,36,"Jan2018",0
14.08,"verified",8.75,0.0072,0,60,"Jan2018",0
13.58,"not",25.47,1.0355,0,36,"Mar2018",1
10.9,"not",5.49,0.3528,1,36,"Mar2018",1
6.72,"verified",12.35,0.0457,0,36,"Feb2018",0
9.93,"source_only",6.9,0.1667,0,60,"Jan2018",4
12.61,"source_only",8.16,0.0395,0,36,"Mar2018",3
18.45,"source_only",182.35,0.7699,0,36,"Mar2018",2
7.97,"not",13.26,0.5583,0,36,"Jan2018",0
20,"source_only",35.92,0.7775,0,36,"Jan2018",5
26.77,"source_only",18.3,0.7878,0,60,"Mar2018",1
6.72,"not",29.84,0.2853,0,36,"Jan2018",1
14.08,"source_only",14.19,0.448,0,36,"Jan2018",1
9.44,"verified",10.37,0.0875,0,36,"Jan2018",2
16.02,"not",22.51,0.1829,0,36,"Jan2018",1
13.59,"not",16.17,0.3288,0,36,"Jan2018",1
10.9,"verified",19.83,0.383,1,36,"Mar2018",3
19.03,"verified",29.42,0.4617,0,36,"Jan2018",4
10.91,"source_only",35.5,0.2015,0,36,"Jan2018",1
12.62,"verified",11.99,0.1247,0,36,"Jan2018",5
16.01,"verified",24.93,0.1496,0,60,"Mar2018",1
11.99,"not",35.9,0.5127,0,36,"Jan2018",0
12.62,"source_only",16.25,0.1723,0,60,"Jan2018",0
7.96,"source_only",9.51,0.4226,0,36,"Mar2018",1
12.62,"source_only",22.67,0.2314,0,60,"Feb2018",1
9.43,"not",23.5,0.454,0,60,"Mar2018",0
7.34,"source_only",4.91,0.0523,0,36,"Mar2018",8
9.93,"not",4.87,0.012,0,36,"Jan2018",0
12.62,"source_only",3.37,0.038,0,60,"Jan2018",0
11.98,"source_only",23.94,0.0892,0,60,"Feb2018",3
11.98,"source_only",13.65,0.7238,1,60,"Mar2018",0
20,"verified",30.55,0.1341,0,36,"Feb2018",2
9.93,"verified",41.54,0.7624,0,60,"Jan2018",14
7.97,"not",12.37,0.6977,0,36,"Feb2018",0
15.04,"source_only",8.53,0.0619,1,60,"Mar2018",5
6.07,"source_only",15.08,0.1004,0,36,"Feb2018",5
24.85,"source_only",23.18,0.2372,0,60,"Jan2018",5
10.9,"not",20.76,0.3353,0,36,"Mar2018",0
6.08,"source_only",12.83,0.0518,0,36,"Jan2018",5
11.98,"source_only",13.03,0.8215,0,36,"Mar2018",11
16.02,"not",13.23,0.0717,0,36,"Jan2018",2
14.07,"verified",12.28,0.1214,0,60,"Mar2018",2
7.35,"verified",6,0.0187,0,36,"Feb2018",0
10.42,"not",23.05,0.577,0,36,"Feb2018",10
20.39,"verified",10.55,0.6654,0,60,"Mar2018",1
9.44,"source_only",12.26,0.1335,0,36,"Feb2018",0
12.62,"not",5.43,0.587,0,36,"Jan2018",0
5.31,"not",28.84,0.5645,0,36,"Mar2018",0
13.59,"source_only",20.25,0.2991,0,60,"Jan2018",3
14.08,"source_only",38.08,0.0866,0,60,"Feb2018",0
9.93,"source_only",15.07,0.0935,0,60,"Jan2018",1
14.08,"verified",10.35,0.0449,0,36,"Jan2018",0
16.02,"not",19.78,0.2504,0,36,"Feb2018",2
6.08,"not",16.33,0.4748,0,36,"Feb2018",0
19.03,"not",5.19,0.0416,0,36,"Feb2018",4
6.07,"not",20.52,0.306,0,36,"Mar2018",6
7.97,"source_only",8.76,0.3495,0,36,"Feb2018",0
5.31,"source_only",26.65,0.4373,0,36,"Feb2018",0
21.45,"not",16.73,0.1613,0,60,"Feb2018",1
12.62,"verified",81.68,0.2801,0,36,"Feb2018",1
16.02,"not",23.01,0.2122,0,36,"Feb2018",2
9.44,"source_only",17.97,0.3515,0,36,"Feb2018",2
23.88,"verified",35.56,0.4729,0,60,"Feb2018",3
5.32,"not",11.61,0.4391,0,36,"Jan2018",0
7.34,"not",22.79,0.5373,0,36,"Mar2018",1
10.9,"source_only",19.96,0.65,0,36,"Feb2018",2
11.98,"verified",11.5,0.0777,0,60,"Mar2018",4
9.93,"source_only",13.97,0.4802,1,60,"Jan2018",0
19.42,"source_only",33.85,0.8462,0,36,"Mar2018",0
14.07,"source_only",9.78,0.8164,0,36,"Mar2018",1
15.04,"source_only",20.84,0.5715,0,60,"Mar2018",1
7.97,"source_only",19.12,0.2672,0,36,"Jan2018",2
16.02,"verified",17.96,0.7236,0,60,"Mar2018",5
18.06,"source_only",28.34,0.3569,0,36,"Feb2018",2
10.91,"not",29.62,0.2229,0,36,"Feb2018",10
9.43,"not",20.35,0.1318,0,60,"Feb2018",0
13.59,"not",14.68,0.351,0,36,"Jan2018",0
7.97,"not",20.28,0.2053,0,36,"Jan2018",2
15.04,"verified",18.19,0.8063,0,36,"Mar2018",1
25.81,"verified",14.66,0.3828,0,60,"Mar2018",2
19.42,"verified",24.65,0.1462,0,60,"Mar2018",1
24.85,"not",18.45,0.8108,1,60,"Jan2018",0
29.69,"not",9.91,0.1133,0,60,"Mar2018",2
18.06,"verified",13.65,0.7584,0,60,"Jan2018",1
14.07,"verified",20.88,0.7239,1,36,"Mar2018",2
17.09,"source_only",27.03,0.5507,0,36,"Feb2018",3
19.42,"verified",4.26,0.5904,0,60,"Mar2018",0
11.99,"verified",47.36,0.4629,0,60,"Feb2018",3
10.9,"source_only",8.95,0.1031,0,36,"Mar2018",1
11.98,"source_only",14.88,0.7603,0,60,"Mar2018",7
21.85,"source_only",8.38,0.1229,0,60,"Mar2018",7
9.44,"source_only",12.03,0.1158,0,36,"Jan2018",1
12.62,"source_only",8.47,0.3858,0,60,"Jan2018",0
15.05,"source_only",18.08,0.169,0,36,"Jan2018",1
7.35,"not",16.67,0.0453,0,36,"Feb2018",0
23.87,"source_only",29.63,0.5968,1,60,"Feb2018",2
12.61,"source_only",10.09,0.5343,0,36,"Mar2018",5
9.92,"not",9.12,0.8666,0,36,"Mar2018",0
15.05,"source_only",24.68,0.1109,0,60,"Feb2018",3
9.43,"not",18.8,0.4713,0,36,"Mar2018",1
16.02,"not",33.42,0.7198,1,36,"Jan2018",2
7.34,"source_only",2.83,0.5106,0,60,"Mar2018",1
9.43,"source_only",0.81,2e-04,0,36,"Mar2018",1
10.9,"source_only",11.24,0.2386,0,36,"Mar2018",1
23.87,"source_only",23.02,0.5573,1,36,"Mar2018",6
10.42,"not",31.02,0.6474,0,36,"Feb2018",2
17.09,"not",37.81,1.0149,0,36,"Feb2018",0
6.07,"source_only",14.58,0.2974,0,36,"Mar2018",0
9.43,"source_only",13.7,0.0709,1,36,"Mar2018",1
13.58,"not",29.4,0.246,0,60,"Mar2018",1
11.99,"verified",3.54,0.1231,0,60,"Feb2018",3
11.98,"verified",10.97,0.4385,1,36,"Mar2018",0
5.32,"source_only",3.77,0.1753,0,36,"Jan2018",0
12.62,"not",25.33,0.1725,0,60,"Jan2018",2
15.05,"source_only",7.54,0.054,0,60,"Jan2018",0
7.35,"not",17.83,0.2832,0,60,"Jan2018",3
15.04,"not",23.88,0.5467,1,60,"Mar2018",3
19.42,"not",13.11,0.5825,0,36,"Mar2018",3
6.71,"source_only",29.19,0.1055,0,36,"Feb2018",3
5.31,"not",15.27,0.5086,0,36,"Mar2018",0
12.61,"verified",14.38,0.742,1,60,"Mar2018",1
9.44,"not",21.14,0.3277,0,36,"Jan2018",7
21.45,"verified",7.24,0.6153,0,60,"Feb2018",0
6.72,"not",7.93,0.2457,0,36,"Jan2018",1
13.58,"source_only",39.25,0.7059,0,36,"Mar2018",2
9.93,"not",27.92,0.5341,1,36,"Jan2018",0
10.42,"source_only",18,0.0666,1,60,"Jan2018",4
10.42,"source_only",2.15,0.0256,0,60,"Feb2018",0
6.71,"verified",17.46,0.4892,0,36,"Mar2018",8
9.43,"source_only",17.45,0.4057,0,36,"Mar2018",3
10.41,"verified",44.75,0.3633,0,36,"Mar2018",0
14.08,"source_only",9.53,0.1471,0,60,"Jan2018",1
6.72,"source_only",11.5,0.2614,0,36,"Jan2018",1
12.61,"source_only",28.44,0.9214,0,36,"Mar2018",0
15.04,"verified",22.91,0.7541,0,36,"Mar2018",0
9.92,"source_only",3.89,0.1298,1,36,"Mar2018",3
21.85,"not",19.92,0.7767,1,60,"Mar2018",5
5.32,"verified",43.24,0.3038,0,36,"Jan2018",0
9.92,"verified",13.34,0.067,1,36,"Mar2018",2
5.31,"not",9.38,0.1951,0,36,"Mar2018",0
6.07,"source_only",28.3,0.2251,0,36,"Feb2018",4
16.02,"source_only",27.78,0.0805,0,60,"Feb2018",5
18.06,"source_only",38.79,0.1622,1,36,"Jan2018",1
20,"source_only",17.3,0.8527,0,36,"Jan2018",4
10.9,"source_only",26.89,0.4327,0,60,"Feb2018",0
7.34,"verified",28.21,0.2343,0,36,"Mar2018",0
17.09,"source_only",0,0,0,60,"Feb2018",1
6.72,"not",31.45,0.5773,0,36,"Feb2018",0
5.31,"source_only",11.12,0.0676,0,36,"Feb2018",6
15.05,"source_only",21.24,0.1829,0,60,"Jan2018",8
11.99,"not",15.95,0.5628,1,36,"Jan2018",1
7.97,"not",28.47,0.5703,1,36,"Jan2018",1
20,"verified",20.48,0.3111,0,36,"Jan2018",3
10.42,"not",28.52,0.7687,0,36,"Feb2018",6
10.41,"not",33.97,0.7218,0,36,"Mar2018",1
7.96,"source_only",22.34,0.3744,0,36,"Mar2018",2
11.98,"source_only",18.81,0.2657,0,36,"Feb2018",0
9.93,"not",10.44,0.5005,0,36,"Feb2018",0
13.59,"not",5.89,0.5691,0,36,"Jan2018",0
6.07,"not",7.56,0.679,0,36,"Mar2018",1
7.96,"source_only",4.21,0.0393,0,36,"Mar2018",1
30.17,"source_only",11.55,0.6604,1,60,"Feb2018",1
7.96,"source_only",8.83,0.0663,0,36,"Mar2018",3
7.35,"source_only",1.52,0.0442,0,36,"Jan2018",1
9.43,"source_only",19.88,0.4484,0,36,"Mar2018",1
10.91,"source_only",14.59,0.1892,1,36,"Jan2018",3
10.42,"verified",21.51,0.2863,0,36,"Jan2018",0
13.59,"not",10.4,0.3346,1,36,"Jan2018",4
13.58,"source_only",15.86,0.2834,0,36,"Feb2018",7
6.08,"verified",4.23,0.0675,0,36,"Jan2018",1
6.08,"not",5.71,0.0477,0,36,"Jan2018",3
7.97,"source_only",27.4,0.3287,0,36,"Jan2018",0
19.42,"verified",29.97,0.7698,0,60,"Mar2018",2
14.08,"not",23.65,0.1096,0,36,"Feb2018",1
13.59,"source_only",26.63,0.6065,0,60,"Jan2018",0
18.45,"not",30.88,0.7602,0,36,"Mar2018",1
16.01,"not",22.5,0.4896,1,36,"Mar2018",1
13.58,"source_only",14.53,0.215,0,60,"Mar2018",6
13.59,"source_only",8.36,0.6806,0,36,"Jan2018",5
9.93,"not",25.1,0.3787,1,36,"Jan2018",1
12.62,"verified",19.5,0.7807,1,60,"Feb2018",0
30.75,"source_only",31.5,0.0798,1,60,"Jan2018",5
24.84,"verified",17.91,0.3396,0,60,"Mar2018",0
9.93,"source_only",8.25,0.6722,0,36,"Jan2018",2
13.59,"source_only",11.14,0.025,0,36,"Jan2018",0
16.02,"not",16.62,0.3754,0,36,"Jan2018",2
6.08,"not",24.34,0.6455,0,36,"Jan2018",1
15.05,"source_only",9.24,0.3522,0,36,"Mar2018",1
9.43,"source_only",23.62,0.7231,1,36,"Feb2018",3
9.93,"source_only",6.29,0.0676,0,60,"Jan2018",1
11.99,"not",6.16,0.6702,0,36,"Jan2018",2
9.93,"not",10.95,0.153,0,36,"Jan2018",0
12.61,"source_only",8.63,0.3392,0,60,"Mar2018",0
21.45,"not",8.67,0.7675,0,60,"Jan2018",1
7.34,"not",7.45,0.1315,1,36,"Feb2018",4
13.59,"source_only",16.34,0.7806,0,36,"Feb2018",1
13.58,"source_only",25.5,0.1633,0,60,"Mar2018",0
9.43,"source_only",20.48,0.4284,0,36,"Mar2018",4
18.06,"verified",57.83,0.2306,2,60,"Feb2018",1
10.42,"not",12.58,0.2318,0,36,"Jan2018",1
12.62,"source_only",14.79,0.473,0,36,"Feb2018",4
6.71,"not",15.82,0.334,0,36,"Feb2018",0
7.96,"source_only",29.77,0.2454,0,36,"Feb2018",1
7.34,"not",15.97,0.1156,0,36,"Mar2018",0
13.58,"source_only",14.08,0.6814,0,60,"Mar2018",3
10.9,"verified",8.71,0.051,0,36,"Mar2018",1
10.9,"source_only",5.56,0.9201,1,36,"Mar2018",1
6.08,"not",9.08,0.6486,0,36,"Jan2018",0
5.32,"not",23.71,0.4054,0,36,"Jan2018",3
6.72,"not",2.16,0.1346,0,36,"Jan2018",1
9.44,"source_only",38.54,0.2257,0,60,"Jan2018",6
14.08,"source_only",18.98,0.1312,0,36,"Feb2018",2
11.99,"not",10.57,0.1359,0,36,"Jan2018",1
9.44,"source_only",18.65,0.1212,1,36,"Jan2018",2
17.47,"source_only",6.33,0.0573,1,36,"Mar2018",1
17.09,"verified",21.12,0.7599,1,36,"Feb2018",1
14.08,"source_only",16.52,0.6846,0,36,"Jan2018",4
18.45,"verified",28.09,0.3548,0,36,"Mar2018",2
13.58,"source_only",15.2,0.1347,0,36,"Feb2018",2
19.03,"verified",23.53,0.2339,0,36,"Feb2018",7
5.32,"not",7.57,0.0502,0,36,"Jan2018",0
9.92,"source_only",17.35,0.3264,0,60,"Mar2018",1
12.62,"not",10.58,0.2928,0,60,"Jan2018",2
11.99,"verified",18.15,0.0258,0,36,"Jan2018",3
10.9,"source_only",20.22,0.6514,0,36,"Mar2018",0
7.97,"not",4.56,0.6711,0,36,"Jan2018",0
11.98,"not",12.45,0.0806,0,36,"Feb2018",1
17.09,"not",21.38,1.013,0,36,"Jan2018",2
6.08,"not",2.3,0.0106,0,36,"Feb2018",2
9.93,"source_only",0.51,0.1173,0,36,"Jan2018",0
9.44,"source_only",11.98,0.0289,0,60,"Jan2018",1
7.34,"not",16.38,0.7682,0,36,"Feb2018",2
18.45,"not",33.39,0.404,0,60,"Mar2018",0
22.91,"verified",20.08,0.2925,0,36,"Feb2018",2
16.01,"source_only",21.15,0.5974,0,36,"Mar2018",6
6.71,"source_only",6.08,0.6543,0,36,"Mar2018",0
10.91,"source_only",34.78,0.4856,0,36,"Jan2018",9
17.47,"not",10.04,0.7248,1,36,"Mar2018",0
26.3,"not",12.73,0.8676,0,36,"Jan2018",7
7.97,"verified",45.25,0.5161,0,36,"Feb2018",2
7.35,"not",7.02,0.0548,0,36,"Jan2018",5
9.43,"verified",9.6,0.4163,0,36,"Mar2018",1
19.03,"source_only",15.34,0.1404,0,60,"Jan2018",3
10.41,"not",29.24,0.2834,0,60,"Mar2018",2
14.08,"not",13.48,0.2695,0,36,"Feb2018",2
15.04,"not",17.69,0.5318,0,36,"Mar2018",1
10.9,"source_only",15.38,0.1151,0,60,"Mar2018",1
9.43,"source_only",5.02,0.339,0,36,"Mar2018",1
10.91,"not",7.97,0.0536,0,36,"Jan2018",0
6.08,"verified",110.44,0.0747,0,36,"Jan2018",2
7.97,"source_only",23.24,0.2279,0,36,"Jan2018",0
7.34,"source_only",12.94,0.8312,1,36,"Mar2018",1
20.39,"verified",28.66,0.3958,0,60,"Mar2018",2
10.42,"not",7.62,0.4731,0,36,"Jan2018",1
18.45,"source_only",6.45,0.0588,0,60,"Mar2018",1
15.05,"source_only",17.24,0.2764,0,60,"Jan2018",1
13.59,"not",14.05,0.2757,0,60,"Feb2018",0
7.97,"source_only",24.39,0.658,0,36,"Feb2018",3
6.08,"not",11.9,0.3051,0,36,"Jan2018",0
5.32,"not",19.32,0.3785,1,36,"Jan2018",0
15.05,"source_only",20.25,0.7547,0,36,"Jan2018",7
17.09,"source_only",13.95,0.9173,0,36,"Jan2018",2
10.42,"source_only",0.75,9e-04,0,60,"Jan2018",0
19.03,"not",31.52,0.6503,0,60,"Feb2018",0
5.32,"source_only",7.85,0.0861,0,36,"Jan2018",2
6.08,"not",0.463358333333333,0.1622,0,36,"Jan2018",3
9.93,"source_only",19.43,0.5983,0,36,"Jan2018",1
14.08,"not",8.16,0.3076,0,36,"Feb2018",2
11.99,"source_only",16.37,0.7881,0,36,"Feb2018",0
7.96,"not",11.49,0.358,0,36,"Mar2018",0
9.93,"not",34.46,0.3552,0,36,"Feb2018",1
11.99,"source_only",34.46,0.6668,0,36,"Feb2018",0
10.9,"verified",19.77,0.1595,0,36,"Mar2018",1
9.93,"source_only",9.07,0.0765,0,36,"Feb2018",1
6.72,"source_only",7.78,0.0646,1,36,"Feb2018",3
15.05,"verified",315.94,0.1752,0,60,"Jan2018",1
14.08,"verified",15.3,0.195,0,60,"Jan2018",2
9.92,"source_only",9.99,0.0612,0,36,"Mar2018",2
15.04,"source_only",13.15,0.9093,0,60,"Mar2018",0
19.03,"source_only",16.44,0.5727,0,36,"Jan2018",2
9.43,"not",9.79,0.6842,0,60,"Mar2018",1
21.45,"verified",30.27,0.1187,0,36,"Jan2018",4
10.9,"not",34.06,0.4423,0,36,"Mar2018",5
11.98,"verified",11.39,0.2296,0,60,"Mar2018",1
20,"source_only",28.75,0.8131,0,60,"Jan2018",3
11.98,"verified",10.4,0.1595,1,36,"Feb2018",1
9.44,"source_only",13.33,0.0679,0,60,"Feb2018",0
11.99,"source_only",16.36,0.1539,0,60,"Jan2018",1
11.99,"verified",57.34,0.3068,0,60,"Feb2018",0
9.93,"source_only",12.28,0.2947,0,60,"Feb2018",1
13.59,"not",24.04,0.4481,0,36,"Jan2018",3
9.43,"not",18.76,0.15,0,36,"Mar2018",1
15.04,"verified",18.6,0.7099,0,60,"Mar2018",0
16.02,"source_only",30.43,0.6332,1,36,"Jan2018",0
17.09,"not",30.26,0.2664,0,60,"Feb2018",3
10.42,"not",8.15,0.6934,0,36,"Feb2018",0
10.41,"not",20.66,0.3075,0,36,"Feb2018",1
17.09,"source_only",18.79,0.2496,0,60,"Feb2018",2
18.06,"not",25.88,0.7009,0,60,"Jan2018",0
16.02,"verified",25.62,0.7368,0,36,"Feb2018",2
7.35,"not",25.89,0.452,0,36,"Jan2018",2
10.91,"source_only",18.35,0.169,0,60,"Feb2018",1
21.45,"source_only",6.27,0.6622,0,60,"Jan2018",1
6.71,"source_only",30.69,0.2138,0,36,"Mar2018",0
18.06,"verified",23.52,0.6297,0,60,"Jan2018",2
10.42,"not",5.73,0.5334,0,36,"Feb2018",0
6.08,"not",11.39,1.0686,0,36,"Jan2018",1
10.9,"not",27.85,0.4477,1,36,"Mar2018",1
9.93,"not",7.05,0.0604,0,36,"Jan2018",3
28.72,"verified",35.78,0.4497,0,60,"Jan2018",12
10.9,"source_only",12.6,0.4114,0,36,"Feb2018",1
10.9,"not",12.78,0.721,1,36,"Mar2018",1
9.93,"not",10.91,0.1856,1,36,"Jan2018",1
7.97,"verified",1.64,0.0352,0,36,"Jan2018",0
6.07,"source_only",26.48,0.467,0,36,"Feb2018",0
10.91,"not",28.8,0.3002,0,36,"Jan2018",6
9.44,"verified",22.26,0.2607,0,36,"Jan2018",5
10.9,"source_only",29.54,0.2791,0,60,"Mar2018",9
9.44,"verified",13.4,0.1723,0,60,"Jan2018",0
7.97,"source_only",18.41,0.4416,0,36,"Feb2018",3
20,"verified",19.71,0.7579,0,36,"Jan2018",5
12.62,"not",30.08,0.1386,0,36,"Feb2018",1
6.71,"not",19.79,0.2859,1,36,"Mar2018",0
11.99,"source_only",14.02,0.2325,0,36,"Jan2018",1
17.09,"verified",35.3,0.5553,1,36,"Jan2018",0
15.04,"source_only",8,0.1042,0,36,"Mar2018",4
11.98,"source_only",7.65,0.4427,0,60,"Mar2018",3
6.07,"source_only",27.17,0.2104,0,36,"Mar2018",1
21.45,"verified",47.68,0.4133,0,36,"Jan2018",2
20,"verified",43.14,0.6152,0,36,"Jan2018",1
11.99,"source_only",9.14,0.0832,0,36,"Mar2018",2
24.84,"verified",40.46,0.2545,0,60,"Mar2018",0
18.06,"source_only",6.07,0.0598,0,36,"Feb2018",8
7.35,"source_only",28.74,0.2653,0,36,"Feb2018",2
11.98,"source_only",21.6,0.1599,0,60,"Mar2018",2
6.08,"not",29.2,0.221,0,36,"Feb2018",1
26.3,"source_only",25.13,0.5714,0,60,"Jan2018",3
15.05,"verified",16.05,0.6503,0,36,"Feb2018",2
11.98,"verified",106.66,0.6007,0,36,"Mar2018",3
15.05,"verified",16.89,0.096,0,36,"Feb2018",0
19.03,"verified",25.09,0.7807,0,60,"Mar2018",1
10.91,"source_only",10.48,0.06,0,36,"Feb2018",0
7.96,"source_only",8.11,0.1788,0,36,"Mar2018",2
16.02,"not",13.58,0.1618,0,60,"Feb2018",4
5.32,"source_only",2.04,0.2373,0,36,"Feb2018",0
11.99,"source_only",20.83,0.3369,0,36,"Jan2018",1
19.42,"source_only",23.68,0.7569,0,36,"Mar2018",4
6.71,"not",20.08,0.1352,0,36,"Mar2018",0
7.34,"source_only",8.65,0.0797,0,36,"Mar2018",0
6.08,"source_only",3.97,0.396,0,36,"Feb2018",5
10.9,"verified",22.77,0.28,0,60,"Mar2018",3
6.72,"source_only",25.67,0.1626,0,36,"Jan2018",2
14.07,"verified",19.36,0.14,0,36,"Feb2018",1
10.9,"source_only",7.25,0.1918,0,60,"Mar2018",3
6.72,"source_only",7.36,0.2375,0,36,"Jan2018",0
13.58,"verified",15.95,0.1185,0,36,"Feb2018",0
10.42,"source_only",17.01,0.3843,0,60,"Jan2018",2
10.41,"source_only",33.12,0.7921,0,36,"Mar2018",1
7.96,"not",10.47,0.1168,0,36,"Mar2018",2
11.98,"source_only",13.2,0.5553,0,60,"Mar2018",0
11.99,"source_only",17.46,0.1341,1,36,"Jan2018",5
7.35,"not",18.95,0.2557,0,36,"Jan2018",0
13.59,"not",11.69,0.0345,0,60,"Feb2018",0
6.08,"not",11.2,0.2694,0,36,"Feb2018",1
12.61,"source_only",11.19,0.2126,0,36,"Mar2018",3
12.62,"verified",17.69,0.4667,0,60,"Jan2018",1
15.05,"not",42.03,0.8005,1,60,"Feb2018",5
15.05,"source_only",11.33,0.5051,0,60,"Jan2018",1
15.04,"not",26.82,0.1752,0,60,"Mar2018",4
9.43,"source_only",37.8,0.4745,0,60,"Feb2018",0
12.62,"source_only",29.59,0.627,0,36,"Jan2018",2
11.99,"verified",26.95,0.0995,0,60,"Jan2018",0
11.99,"source_only",18.29,0.7765,0,36,"Jan2018",1
14.08,"not",30.76,0.6566,0,36,"Jan2018",2
5.32,"source_only",16.32,0.0528,0,36,"Feb2018",4
14.07,"source_only",27.37,0.2853,0,60,"Mar2018",0
10.9,"source_only",2.84,0.0706,0,36,"Mar2018",1
13.59,"source_only",19.31,0.2474,0,60,"Feb2018",5
18.45,"source_only",21.77,0.8251,0,36,"Mar2018",2
18.06,"verified",16.44,0.0755,0,36,"Feb2018",1
6.72,"source_only",29.12,0.1755,1,36,"Feb2018",0
19.42,"verified",24.98,0.5608,0,60,"Mar2018",0
9.92,"verified",17.53,0.1382,0,36,"Mar2018",4
10.42,"source_only",19.92,0.8172,0,36,"Feb2018",2
7.35,"source_only",21.16,0.3583,0,60,"Jan2018",1
14.08,"source_only",7.64,0.4491,0,60,"Feb2018",0
14.08,"not",22.88,0.4694,0,36,"Jan2018",1
5.31,"source_only",12.86,0.0477,0,36,"Mar2018",2
15.05,"verified",39.48,0.3299,0,36,"Feb2018",0
14.08,"not",20.52,0.5132,1,60,"Feb2018",5
11.99,"source_only",5.98,0.0697,0,60,"Jan2018",1
7.96,"source_only",19.26,0.3682,0,36,"Mar2018",5
7.96,"source_only",10.3,0.1311,0,36,"Mar2018",3
9.44,"not",4.94,0.0119,0,60,"Feb2018",0
13.58,"verified",29.45,0.2142,0,36,"Mar2018",1
7.34,"not",7.28,0.0887,0,36,"Mar2018",0
5.31,"not",11.77,0.2663,1,36,"Mar2018",1
6.71,"source_only",16.18,0.084,0,36,"Mar2018",0
5.31,"verified",2.19,0.0135,0,36,"Mar2018",4
11.99,"source_only",9.1,0.1385,0,36,"Jan2018",6
6.72,"not",9.43,0.3599,0,36,"Jan2018",0
11.99,"not",19.42,0.7734,0,36,"Feb2018",0
5.32,"not",21.39,0.0452,0,36,"Jan2018",0
12.61,"verified",17.1,0.1219,0,60,"Mar2018",5
10.42,"not",6.43,0.983,0,36,"Jan2018",0
23.88,"verified",6.8,1.3573,0,60,"Feb2018",1
6.72,"not",26.44,0.8965,0,36,"Jan2018",1
14.07,"not",27.23,0.348,0,60,"Mar2018",1
9.44,"source_only",13.51,0.3014,0,60,"Feb2018",1
17.09,"not",33.41,0.6359,0,36,"Mar2018",2
12.62,"not",19.12,0.0984,0,60,"Jan2018",2
19.42,"source_only",34.65,0.154,1,36,"Mar2018",2
10.91,"source_only",13.73,0.3093,0,36,"Jan2018",0
14.08,"not",24.57,0.5872,0,60,"Feb2018",0
6.72,"source_only",22.4,0.4217,0,36,"Jan2018",11
10.42,"not",4.56,0.3222,0,36,"Jan2018",3
21.45,"verified",29.34,0.3736,0,60,"Jan2018",0
16.01,"not",10.85,0.2544,0,60,"Mar2018",1
11.98,"source_only",15.78,0.1179,0,36,"Mar2018",3
13.58,"verified",26.02,0.2073,0,36,"Mar2018",4
17.47,"source_only",22.86,0.295,0,60,"Mar2018",2
16.02,"source_only",14.11,0.119,1,36,"Jan2018",2
5.32,"verified",3.44,0.1531,0,36,"Jan2018",1
11.98,"source_only",25.32,0.4374,0,36,"Mar2018",0
13.59,"source_only",32.12,0.6762,0,36,"Feb2018",0
14.08,"source_only",18.16,0.6173,0,36,"Feb2018",2
9.44,"not",8.91,0.2735,0,36,"Jan2018",2
10.41,"not",12.5,0.9605,1,36,"Feb2018",6
9.92,"not",12.54,0.5946,0,36,"Mar2018",0
15.05,"not",12.37,0.6408,0,60,"Jan2018",3
9.44,"source_only",19.82,0.0202,0,60,"Feb2018",1
12.61,"not",4.02,1.0041,0,36,"Feb2018",1
21.85,"not",15.86,0.5846,0,60,"Mar2018",8
30.17,"not",30.13,0.4152,0,60,"Jan2018",0
19.42,"not",12.75,0.6241,0,36,"Mar2018",7
10.42,"source_only",22.31,0.7582,0,36,"Jan2018",0
14.08,"source_only",4.8,0.7021,1,60,"Jan2018",3
11.99,"verified",24.77,0.5279,0,60,"Jan2018",2
6.08,"source_only",26.22,0.1284,0,36,"Mar2018",4
13.58,"not",7.27,0.2568,0,36,"Mar2018",2
10.42,"verified",18.41,0.6327,0,60,"Feb2018",1
9.93,"not",17.7,0.3674,1,60,"Jan2018",2
10.9,"source_only",9.93,0.8323,0,36,"Mar2018",1
14.08,"verified",28.87,0.5694,0,36,"Feb2018",5
6.07,"verified",27.05,0.2859,0,36,"Mar2018",0
10.91,"source_only",9.51,0.7244,0,36,"Feb2018",0
9.44,"source_only",19.82,0.1571,0,36,"Feb2018",0
26.3,"verified",45.52,0.8108,0,60,"Feb2018",5
6.07,"not",3.67,0.0686,0,36,"Mar2018",2
11.99,"source_only",6.69,0.3695,0,36,"Jan2018",2
9.43,"not",33.7,0.2319,0,36,"Feb2018",3
21.45,"verified",15.68,0.2211,0,60,"Jan2018",1
14.08,"not",23.17,0.4659,0,36,"Feb2018",0
9.44,"not",24.83,0.7035,1,36,"Jan2018",1
17.09,"source_only",20.19,0.8258,0,36,"Feb2018",0
21.85,"verified",49.98,0.2369,0,60,"Mar2018",3
17.09,"verified",9.3,0.0379,0,36,"Jan2018",2
14.08,"source_only",31.26,0.4806,0,36,"Feb2018",3
13.58,"source_only",17.9,0.6824,1,36,"Mar2018",3
5.32,"not",5.1,0.0737,0,36,"Feb2018",0
12.62,"source_only",4.04,0.0857,0,36,"Feb2018",8
9.44,"source_only",10.92,0.1391,1,36,"Jan2018",6
14.07,"verified",13.66,0.902,1,60,"Mar2018",6
10.9,"source_only",18.85,0.3484,0,36,"Mar2018",1
14.08,"verified",27,0.1812,0,36,"Feb2018",5
7.97,"not",18.61,0.2907,0,36,"Feb2018",1
14.07,"source_only",4.14,0.5601,0,60,"Mar2018",0
13.58,"not",9.72,0.1585,0,60,"Mar2018",1
6.72,"not",18.99,0.5588,0,36,"Jan2018",1
16.02,"source_only",11.7,0.4822,1,60,"Jan2018",4
6.07,"source_only",14.94,0.0984,0,36,"Mar2018",3
6.72,"source_only",16.73,0.5509,1,36,"Feb2018",0
5.32,"not",8.26,0.2829,0,36,"Jan2018",0
7.96,"source_only",12.04,0.6066,1,36,"Mar2018",1
20.39,"source_only",14.04,0.745,0,36,"Mar2018",2
9.93,"not",10.44,0.0596,0,36,"Jan2018",3
18.06,"source_only",18.52,0.3238,1,60,"Feb2018",2
23.88,"verified",21.12,0.8017,0,36,"Jan2018",3
20.39,"source_only",11.28,0.9791,0,36,"Mar2018",1
12.61,"source_only",20.16,0.572,0,36,"Mar2018",10
14.08,"source_only",34.99,0.5704,0,36,"Jan2018",0
10.41,"verified",16.3,0.0957,0,36,"Mar2018",1
19.03,"not",36.16,0.8213,0,36,"Jan2018",2
6.08,"not",15.2,0.2382,0,36,"Feb2018",0
10.91,"source_only",12.11,0.7124,0,36,"Jan2018",0
7.35,"source_only",15.19,0.0713,0,36,"Jan2018",1
6.71,"not",21.79,0.3049,0,36,"Mar2018",3
10.91,"source_only",30.93,0.8191,0,36,"Jan2018",1
15.04,"source_only",19.03,0.4481,0,36,"Mar2018",1
12.61,"verified",37.03,0.3457,0,36,"Mar2018",2
7.35,"not",8.68,0.5437,0,36,"Jan2018",13
11.98,"source_only",16.55,0.7836,0,36,"Feb2018",1
14.07,"verified",35.6,0.5308,1,36,"Mar2018",0
5.31,"not",9.55,0.3994,0,36,"Mar2018",1
12.61,"verified",44.11,0.2312,0,36,"Mar2018",6
20,"verified",34.43,0.1436,0,36,"Feb2018",1
10.9,"not",0.67,0.0802,0,36,"Mar2018",1
25.82,"source_only",22.03,0.6562,0,60,"Jan2018",2
9.44,"not",22.82,0.2122,0,60,"Feb2018",1
6.08,"not",17.82,0.0774,0,36,"Jan2018",1
7.96,"not",7.63,0.0579,0,36,"Mar2018",4
17.09,"verified",29.97,0.2304,0,36,"Jan2018",0
10.41,"source_only",9.72,0.5913,0,36,"Mar2018",5
10.9,"source_only",39.27,0.5314,0,36,"Mar2018",2
17.09,"source_only",12.39,0.06,0,60,"Feb2018",1
11.98,"source_only",13.06,0.8122,0,36,"Mar2018",0
13.59,"verified",7.19,0.5648,0,60,"Feb2018",0
12.62,"source_only",11.34,0.5258,0,36,"Jan2018",0
18.06,"verified",24.86,0.5206,1,36,"Mar2018",1
6.71,"not",15.95,0.3313,0,36,"Mar2018",1
17.09,"source_only",22.56,1.022,0,36,"Jan2018",0
16.01,"verified",24.35,0.1683,0,60,"Mar2018",1
10.42,"verified",7.68,0.4152,1,36,"Jan2018",1
18.06,"source_only",11.63,0.5309,0,36,"Jan2018",0
7.35,"source_only",12.87,0.4192,0,36,"Feb2018",0
12.62,"not",32.09,0.7266,1,36,"Feb2018",1
9.44,"not",8.28,0.0433,0,60,"Jan2018",0
21.85,"not",24.26,0.1516,0,60,"Mar2018",3
11.99,"source_only",11.32,0.1442,0,36,"Jan2018",2
7.97,"not",18.8,0.629,0,36,"Jan2018",0
16.01,"not",16.6,0.178,0,36,"Mar2018",2
9.44,"verified",7.33,0.7396,0,36,"Feb2018",6
9.44,"verified",21.37,0.3808,0,36,"Jan2018",4
20.39,"verified",43.21,0.8645,2,36,"Mar2018",21
10.9,"not",12.61,0.1097,1,60,"Feb2018",1
13.58,"source_only",24.35,0.6829,0,36,"Mar2018",0
18.06,"verified",21.36,0.1967,0,36,"Feb2018",3
11.98,"verified",16.88,0.1243,0,60,"Mar2018",1
5.31,"not",14.48,0.3627,0,36,"Mar2018",0
7.97,"verified",22.1,0.1863,0,36,"Jan2018",2
19.03,"verified",17.18,0.8014,0,36,"Jan2018",1
6.07,"not",2.84,0.2699,0,36,"Mar2018",0
14.08,"not",28.37,0.4488,0,36,"Feb2018",2
10.91,"source_only",13.2,0.0585,0,36,"Jan2018",4
6.71,"verified",10.81,0.0912,0,36,"Feb2018",3
10.9,"verified",31.4,0.9555,0,36,"Mar2018",0
19.42,"not",22.99,0.7347,1,36,"Mar2018",3
25.81,"source_only",14.78,0.3562,0,60,"Feb2018",5
13.59,"not",34.18,0.7563,0,36,"Feb2018",3
5.31,"source_only",31.35,0.2412,0,36,"Mar2018",0
12.62,"source_only",10.62,0.0268,0,36,"Jan2018",3
12.61,"source_only",26.13,0.1222,0,36,"Mar2018",3
10.42,"source_only",11.46,0.368,0,36,"Jan2018",0
10.91,"not",23.36,0.2651,0,36,"Jan2018",1
21.45,"verified",9.67,0.2477,0,36,"Jan2018",6
11.98,"not",29.67,0.2513,0,60,"Feb2018",2
9.93,"source_only",11.22,0.8388,0,36,"Jan2018",5
25.82,"verified",16.06,0.125,0,36,"Jan2018",2
10.42,"not",18.04,0.2306,0,36,"Feb2018",0
19.03,"verified",78.31,0.3525,0,60,"Jan2018",4
12.61,"verified",34.08,0.3943,1,36,"Mar2018",3
21.45,"source_only",27.03,0.4273,0,60,"Feb2018",3
25.82,"verified",28.24,0.5588,0,60,"Feb2018",0
6.71,"source_only",22.07,0.3341,0,36,"Mar2018",0
16.01,"verified",10.3,0.0912,0,36,"Mar2018",1
21.45,"source_only",34.15,0.7376,0,36,"Feb2018",0
5.32,"not",27.17,0.3217,0,36,"Feb2018",1
6.72,"source_only",23.93,0.1968,0,36,"Jan2018",0
12.62,"not",6.1,0.3311,0,60,"Feb2018",0
9.93,"not",23.05,0.5197,0,36,"Jan2018",1
10.42,"source_only",0,0,0,36,"Jan2018",0
12.62,"source_only",9.84,0.5045,0,36,"Feb2018",1
17.09,"verified",8.41,0.1073,0,36,"Feb2018",1
28.72,"source_only",22.1,0.8762,0,60,"Mar2018",1
6.08,"not",9.81,0.1279,0,36,"Jan2018",0
10.42,"source_only",18.52,0.2587,1,36,"Feb2018",5
16.01,"verified",24.89,0.1888,0,36,"Feb2018",1
7.97,"source_only",25.11,0.6779,0,36,"Feb2018",2
11.99,"not",22.54,0.8268,0,36,"Feb2018",2
15.05,"not",12.89,0.4487,0,60,"Jan2018",3
21.85,"source_only",20.84,0.6837,0,60,"Mar2018",2
10.9,"source_only",12.32,0.4611,0,36,"Feb2018",8
5.31,"source_only",7.29,0.0427,0,36,"Mar2018",4
10.42,"source_only",2.25,0.3425,0,36,"Jan2018",0
6.07,"source_only",5.44,0.0765,0,36,"Mar2018",1
7.35,"not",6.87,0.3005,0,36,"Feb2018",0
6.71,"not",9.92,0.2333,0,36,"Mar2018",1
7.97,"source_only",25.16,0.7365,0,36,"Jan2018",5
10.42,"source_only",13.79,0.7096,0,36,"Feb2018",5
11.99,"verified",20.2,0.2405,0,60,"Feb2018",1
15.05,"verified",30.33,0.1935,0,60,"Jan2018",3
28.72,"verified",27.57,0.7116,0,60,"Mar2018",0
6.72,"verified",10.52,0.175,0,36,"Jan2018",2
26.77,"not",15.73,0.0601,0,36,"Mar2018",7
6.08,"source_only",10.54,0.109,0,36,"Jan2018",1
16.01,"not",22.04,0.7531,0,36,"Mar2018",1
19.03,"verified",17.79,0.5466,0,60,"Feb2018",2
9.44,"source_only",16.42,0.6185,1,36,"Jan2018",1
9.44,"verified",3.08,0.3413,0,36,"Jan2018",1
5.31,"source_only",11.85,0.1622,0,36,"Mar2018",3
9.43,"source_only",28.6,0.2008,0,36,"Mar2018",1
9.43,"not",16.76,0.2562,0,36,"Mar2018",1
25.82,"verified",31.04,0.1772,0,36,"Jan2018",3
11.98,"source_only",17.67,0.1295,0,60,"Mar2018",1
7.97,"source_only",29.24,0.462,0,36,"Feb2018",0
13.58,"verified",15,0.6825,0,60,"Mar2018",5
9.92,"not",30.1,0.1472,0,36,"Mar2018",3
16.02,"source_only",13.99,0.5427,0,36,"Feb2018",0
6.72,"not",0.491213333333333,0.1956,0,36,"Jan2018",2
5.32,"verified",4.76,0.0086,0,36,"Jan2018",1
7.35,"not",16.7,0.1222,0,36,"Jan2018",0
11.99,"not",19.22,0.1634,0,60,"Jan2018",6
11.98,"source_only",8.85,0.3295,0,60,"Mar2018",2
10.91,"not",17.36,0.6948,1,36,"Jan2018",3
9.43,"verified",56.76,0.3051,0,36,"Mar2018",3
6.07,"not",18.76,0.3239,0,36,"Mar2018",1
19.42,"source_only",14.32,0.5159,0,60,"Mar2018",1
5.32,"verified",20.32,0.139,0,36,"Jan2018",1
14.08,"not",16.92,0.2632,0,60,"Feb2018",2
6.07,"source_only",10.08,0.1717,0,36,"Mar2018",0
15.05,"verified",25.02,0.8246,0,36,"Jan2018",0
11.98,"not",11.49,0.1389,0,60,"Mar2018",4
24.84,"source_only",23.38,0.9552,0,60,"Mar2018",3
14.07,"not",4.45,0.4378,1,36,"Feb2018",2
12.62,"verified",17.86,0.6777,0,36,"Feb2018",1
10.9,"not",16.18,0.5465,0,36,"Mar2018",1
17.09,"not",15.72,0.5848,0,60,"Jan2018",2
14.08,"verified",32.73,0.327,0,60,"Feb2018",10
18.06,"source_only",15.9,0.7863,1,36,"Jan2018",3
10.41,"verified",41.42,0.262,0,36,"Feb2018",0
12.62,"not",14.89,0.2027,0,60,"Feb2018",4
10.41,"not",20.97,0.0968,0,36,"Mar2018",1
9.44,"source_only",17.17,0.2205,0,36,"Jan2018",1
10.42,"verified",17.24,0.3462,0,36,"Jan2018",1
10.91,"verified",28.14,0.3243,0,36,"Jan2018",1
13.59,"source_only",11.46,0.7315,0,36,"Feb2018",0
12.62,"source_only",30.27,0.6767,0,60,"Feb2018",5
6.08,"source_only",18.14,0.3952,0,36,"Feb2018",2
9.44,"source_only",6.36,0.545,0,36,"Jan2018",0
14.07,"source_only",5.7,0.9812,0,36,"Mar2018",0
11.99,"verified",44.29,1.2236,0,36,"Feb2018",2
13.59,"verified",33.55,0.3667,0,60,"Feb2018",2
9.44,"verified",31.24,0.4518,0,36,"Feb2018",0
7.96,"not",9.59,0.4229,0,36,"Mar2018",1
6.72,"not",15.18,0.5296,0,36,"Feb2018",1
12.62,"source_only",13.99,0.0848,0,60,"Feb2018",0
10.9,"verified",26.63,0.617,1,36,"Feb2018",2
7.34,"source_only",27.9,0.3794,0,36,"Mar2018",0
18.06,"not",17.78,0.0787,0,60,"Feb2018",3
21.45,"source_only",7.15,0.0523,0,36,"Jan2018",1
6.71,"source_only",9.81,0.0635,0,36,"Mar2018",4
9.93,"not",6.31,0.4497,0,36,"Feb2018",2
7.34,"verified",43.38,0.1222,0,36,"Mar2018",4
11.99,"source_only",0.75,0,0,36,"Jan2018",0
9.43,"verified",28.69,0.8259,0,36,"Mar2018",0
10.91,"verified",27.66,1.051,0,36,"Feb2018",1
9.92,"not",27.76,0.4151,1,36,"Mar2018",13
10.41,"source_only",14.8,0.1676,0,36,"Mar2018",6
7.34,"source_only",17.77,0.1544,0,36,"Feb2018",2
11.99,"source_only",9.07,0.6849,1,36,"Feb2018",0
9.93,"not",22.57,0.8998,0,36,"Jan2018",0
9.93,"not",14.04,0.6216,0,36,"Jan2018",0
17.09,"source_only",17.66,1.0987,0,36,"Feb2018",1
6.72,"source_only",8.23,0.0972,0,36,"Jan2018",1
6.72,"source_only",4.09,0.0548,0,36,"Jan2018",2
13.58,"source_only",5,0.0794,1,60,"Feb2018",5
6.72,"not",9.35,0.0846,0,36,"Jan2018",1
11.98,"source_only",11.63,0.1737,0,36,"Mar2018",0
6.08,"verified",7.6,0.0278,0,36,"Jan2018",1
19.03,"source_only",16.6,0.6954,0,60,"Jan2018",4
24.85,"not",9.73,0.2624,0,60,"Jan2018",0
14.08,"not",13.39,0.175,1,36,"Jan2018",4
20.39,"verified",8.51,0.657,0,36,"Mar2018",1
10.42,"source_only",8.02,0.4929,0,36,"Jan2018",1
10.41,"source_only",6.49,0.1314,0,36,"Mar2018",5
7.96,"source_only",25.23,0.17,0,36,"Mar2018",4
19.03,"verified",33.9,0.2763,0,60,"Feb2018",1
19.42,"verified",15.8,0.1437,0,60,"Feb2018",2
9.93,"source_only",13.2,0.1177,0,36,"Feb2018",2
13.58,"not",14.6,0.5382,0,36,"Mar2018",0
10.9,"source_only",4.29,0.3528,0,36,"Mar2018",0
7.96,"verified",31.89,0.5216,0,36,"Mar2018",1
10.42,"source_only",30.13,0.2885,0,60,"Jan2018",3
20,"verified",21.5,0.7679,1,36,"Jan2018",3
19.03,"source_only",31.76,0.6663,1,60,"Feb2018",0
14.07,"source_only",15.92,0.6795,1,36,"Mar2018",2
6.08,"source_only",15.47,0.162,0,36,"Feb2018",0
7.97,"source_only",17.1,0.0725,1,36,"Jan2018",2
23.88,"verified",19.44,0.4175,0,60,"Jan2018",1
10.42,"source_only",11.95,0.2784,0,36,"Jan2018",0
7.35,"not",19.29,0.0599,1,36,"Jan2018",5
14.08,"not",19.71,0.0895,1,36,"Feb2018",0
7.35,"not",14.23,0.9232,0,36,"Jan2018",2
7.35,"not",37.49,0.2282,0,36,"Jan2018",2
13.58,"not",11.23,0.2845,1,36,"Mar2018",0
16.02,"source_only",24.53,0.6334,1,36,"Feb2018",2
25.81,"verified",18.95,0.4784,0,60,"Mar2018",3
15.04,"source_only",25.16,0.8765,0,36,"Mar2018",1
10.42,"source_only",5.39,0.0857,0,60,"Jan2018",3
13.59,"not",12.37,0.1936,0,36,"Jan2018",5
14.08,"not",22.3,0.6557,0,36,"Feb2018",0
6.72,"not",26.71,0.1065,0,36,"Jan2018",0
20,"not",15.11,0.1998,0,36,"Jan2018",1
9.93,"not",13.38,0.5092,0,60,"Jan2018",0
7.35,"source_only",5.7,0.0693,0,60,"Feb2018",4
10.42,"source_only",27.78,0.248,0,36,"Jan2018",0
11.99,"verified",28.66,0.3687,0,36,"Feb2018",10
9.93,"not",66.18,0.1869,0,36,"Feb2018",0
11.99,"source_only",18.42,0.7727,0,36,"Feb2018",0
10.91,"source_only",19.97,0.7049,0,36,"Jan2018",1
7.97,"not",19.36,0.5462,1,36,"Jan2018",1
10.9,"source_only",25.14,0.7718,0,60,"Mar2018",0
6.08,"not",8.57,0.0397,0,36,"Jan2018",0
19.42,"not",15.03,0.8291,0,36,"Mar2018",1
13.59,"verified",26.12,0.2738,0,36,"Feb2018",3
17.09,"source_only",14.29,0.4582,0,36,"Jan2018",11
14.07,"verified",18.48,0.603,0,36,"Mar2018",1
20,"source_only",26.56,0.2886,0,36,"Feb2018",2
19.03,"verified",8.66,1.2153,0,36,"Jan2018",1
9.92,"source_only",8.47,0.1103,0,36,"Mar2018",1
6.07,"source_only",2.22,0.1532,0,36,"Mar2018",0
18.45,"verified",15.48,0.1338,0,36,"Mar2018",1
7.35,"not",25.99,0.4474,0,36,"Feb2018",1
7.96,"not",14.31,0.4407,0,36,"Mar2018",0
14.08,"not",7.37,0.5426,0,60,"Jan2018",2
6.08,"not",6.07,0.0558,0,36,"Feb2018",1
10.42,"verified",26.79,0.2336,0,36,"Jan2018",0
6.07,"source_only",22.38,0.2867,0,36,"Mar2018",0
10.91,"source_only",14.54,0.2912,0,36,"Jan2018",2
9.92,"source_only",20.01,0.4477,0,36,"Mar2018",7
6.08,"not",17.96,0.3089,0,36,"Feb2018",3
9.43,"source_only",5.87,0.181,0,60,"Feb2018",0
7.35,"not",7.37,0.6945,0,36,"Mar2018",0
12.61,"not",15.13,0.5418,0,36,"Mar2018",2
9.93,"verified",27.55,0.1914,0,36,"Jan2018",2
15.05,"source_only",0.34,0.024,0,60,"Feb2018",7
13.59,"verified",22.71,0.1497,1,60,"Feb2018",0
20.39,"source_only",11.44,0.7678,0,36,"Mar2018",4
11.98,"not",29.35,0.4445,0,36,"Mar2018",0
15.05,"verified",19.8,0.7516,0,36,"Jan2018",0
10.42,"source_only",33.45,0.8447,0,36,"Jan2018",5
9.93,"source_only",21.56,1.1019,0,36,"Feb2018",1
20,"verified",24.54,0.7952,0,36,"Jan2018",2
11.99,"source_only",9.89,0.0662,0,36,"Jan2018",2
14.08,"verified",35.82,0.5491,0,36,"Jan2018",0
6.71,"not",21.43,0.6421,0,36,"Feb2018",1
7.97,"not",27.89,0.2704,0,60,"Feb2018",0
14.07,"source_only",25.98,0.692,0,60,"Mar2018",5
5.32,"not",18.89,0.1622,0,36,"Jan2018",0
17.09,"verified",27.44,0.2025,0,36,"Feb2018",2
7.34,"not",13.56,0.2906,0,36,"Mar2018",0
17.09,"not",14.38,0.031,0,60,"Jan2018",2
12.62,"source_only",7.3,0.2855,1,60,"Feb2018",2
28.72,"source_only",15.34,0.1189,0,60,"Feb2018",2
14.08,"verified",29.26,1.3429,1,36,"Feb2018",3
7.35,"source_only",16.11,0.2074,0,36,"Feb2018",2
24.84,"source_only",40.12,0.1551,0,60,"Mar2018",6
25.82,"source_only",14.2,0.7908,0,60,"Feb2018",0
9.43,"not",30.69,0.5633,0,36,"Feb2018",1
15.05,"verified",1.84,0.0373,0,60,"Feb2018",0
9.92,"source_only",33.71,0.1242,0,36,"Mar2018",2
10.42,"not",13,0.4981,1,36,"Feb2018",3
6.72,"source_only",15.59,0.12,0,36,"Jan2018",1
9.92,"source_only",14.54,0.0524,0,36,"Mar2018",2
12.62,"verified",18.69,0.7193,0,36,"Feb2018",2
19.42,"source_only",24.09,0.8422,0,60,"Mar2018",1
10.91,"source_only",19.36,0.6932,1,36,"Feb2018",3
18.45,"not",19.28,0.2944,0,60,"Mar2018",1
9.44,"not",16.99,0.1156,0,36,"Jan2018",1
5.31,"source_only",24.04,0.9427,0,36,"Mar2018",0
7.34,"source_only",4.69,0.1326,0,36,"Mar2018",2
29.69,"verified",15.55,0.6207,0,60,"Feb2018",2
16.02,"source_only",16.77,0.6667,0,36,"Jan2018",1
6.72,"not",15.3,0.199,0,36,"Jan2018",5
25.81,"not",22.37,0.3602,0,60,"Mar2018",1
5.32,"not",14.14,0.4324,0,36,"Feb2018",1
20.39,"source_only",25.37,0.4081,0,60,"Mar2018",5
19.42,"verified",15.84,0.1233,0,36,"Mar2018",3
13.59,"source_only",25.61,0.2794,0,36,"Jan2018",5
10.91,"source_only",24.03,0.1696,0,36,"Feb2018",5
6.71,"source_only",18.28,0.082,0,36,"Mar2018",1
7.34,"not",20.89,0.3131,0,36,"Mar2018",0
7.96,"source_only",9.02,0.7606,0,60,"Mar2018",0
5.31,"source_only",19.53,0.4104,0,36,"Feb2018",2
6.72,"source_only",34.02,0.0719,0,36,"Jan2018",2
6.08,"source_only",5.52,0.1127,0,36,"Feb2018",1
18.45,"source_only",23.04,0.1803,1,60,"Mar2018",4
13.59,"verified",6.09,0.1367,0,60,"Feb2018",6
10.42,"verified",15.37,0.5095,0,36,"Jan2018",4
9.44,"not",15.67,0.171,0,60,"Feb2018",0
9.93,"verified",37.12,0.6419,0,36,"Jan2018",2
7.34,"source_only",25.23,0.3975,0,36,"Mar2018",0
17.09,"source_only",52.78,0.7903,0,36,"Feb2018",1
9.43,"source_only",24.82,0.2151,0,60,"Mar2018",1
7.97,"source_only",24.76,0.7373,0,36,"Jan2018",1
6.08,"not",13.45,0.687,0,36,"Jan2018",1
10.41,"not",0.45,0.2402,0,36,"Mar2018",0
17.09,"verified",56.56,0.3278,0,60,"Mar2018",3
10.42,"source_only",13.79,0.2074,0,36,"Feb2018",0
10.9,"source_only",16.78,0.2067,0,36,"Mar2018",2
7.34,"source_only",7.37,0.0991,0,60,"Mar2018",0
9.93,"source_only",3.66,0.0359,0,60,"Feb2018",0
16.02,"verified",5.24,0.0511,0,60,"Jan2018",2
9.92,"source_only",10.72,0.2498,0,36,"Mar2018",0
11.98,"source_only",11.96,0.6235,0,36,"Mar2018",0
6.08,"source_only",15.01,0.1813,0,36,"Jan2018",4
5.32,"source_only",17.71,0.5702,0,36,"Feb2018",0
9.93,"source_only",22.09,0.2257,0,60,"Jan2018",0
13.59,"source_only",27.51,0.2496,0,60,"Feb2018",4
9.44,"source_only",31.94,0.6265,0,36,"Feb2018",2
10.91,"source_only",15.46,0.6565,0,36,"Jan2018",3
9.93,"source_only",25.79,0.4856,0,60,"Feb2018",1
21.85,"source_only",15.84,0.6752,0,60,"Mar2018",2
21.85,"verified",40.7,0.1616,0,36,"Mar2018",1
10.91,"source_only",9.87,0.5206,0,36,"Feb2018",2
13.59,"verified",0.97,0.2029,0,60,"Jan2018",4
12.61,"not",10.34,0.4352,0,36,"Mar2018",4
12.62,"source_only",19.87,1.1009,0,60,"Feb2018",1
16.02,"verified",16.86,0.2823,0,36,"Feb2018",5
10.42,"not",13.33,0.2757,0,36,"Jan2018",0
20,"not",11.72,0.319,0,36,"Jan2018",0
13.58,"source_only",19.46,0.6361,1,36,"Mar2018",2
12.61,"source_only",2.74,0.074,0,60,"Mar2018",1
6.08,"not",7.95,0.4388,0,36,"Jan2018",3
13.58,"source_only",26.07,0.121,0,36,"Mar2018",4
7.96,"not",29.59,0.5243,0,36,"Mar2018",0
11.99,"source_only",20.19,0.0813,0,36,"Jan2018",2
16.01,"source_only",27.95,0.6215,0,36,"Mar2018",3
6.72,"not",11.11,0.2441,0,36,"Jan2018",2
17.09,"source_only",16.01,0.7516,1,60,"Feb2018",0
14.08,"source_only",5.89,0.0476,0,60,"Feb2018",2
7.34,"source_only",19.84,0.2627,0,60,"Mar2018",0
7.97,"not",33.82,0.4709,0,36,"Jan2018",3
6.72,"not",19.34,0.7635,0,36,"Jan2018",1
15.04,"verified",13.98,0.6785,0,36,"Mar2018",4
7.96,"verified",36.88,0.0486,0,36,"Feb2018",1
6.08,"not",20.93,0.6629,0,36,"Jan2018",0
6.08,"not",19.55,0.2972,0,36,"Jan2018",2
18.45,"verified",28.39,0.3116,0,36,"Mar2018",1
7.97,"not",17.73,0.6206,0,36,"Feb2018",3
9.44,"not",6.7,0.3201,0,60,"Jan2018",0
13.58,"verified",19.42,0.7347,0,36,"Mar2018",0
10.42,"verified",44.15,0.2341,0,60,"Jan2018",5
7.35,"source_only",37.45,0.4996,0,36,"Feb2018",0
10.91,"not",12.45,0.4335,0,36,"Feb2018",9
7.97,"not",37.92,0.4637,0,36,"Feb2018",4
10.41,"not",17.83,0.4673,0,36,"Mar2018",0
21.45,"not",36.9,0.7888,0,36,"Jan2018",2
5.32,"not",8.55,0.1706,0,36,"Jan2018",0
15.05,"verified",30.89,0.2557,0,60,"Jan2018",1
18.45,"source_only",2.32,0.865,0,60,"Mar2018",1
12.61,"verified",11.2,0.5787,0,36,"Mar2018",0
21.45,"not",13.42,0.2923,0,60,"Jan2018",1
9.44,"not",24.09,0.2276,0,60,"Jan2018",4
6.07,"source_only",17.08,0.2445,0,36,"Mar2018",2
16.02,"source_only",3.47,0.0528,0,36,"Feb2018",9
7.34,"not",19.41,0.4423,0,36,"Mar2018",0
7.96,"verified",16.05,0.191,0,60,"Mar2018",1
13.58,"verified",24.41,0.3018,0,60,"Mar2018",5
9.93,"not",29.38,0.7005,0,36,"Feb2018",3
13.59,"source_only",0.95,0.1567,0,36,"Jan2018",0
10.41,"not",29.16,0.732,0,36,"Mar2018",1
10.41,"verified",25.68,0.1659,0,36,"Feb2018",0
21.85,"not",15.66,0.4679,0,36,"Feb2018",0
9.93,"source_only",8.74,0.1055,0,36,"Jan2018",6
11.98,"verified",34.19,0.8626,0,36,"Mar2018",0
9.44,"source_only",13.2,0.8869,0,36,"Jan2018",0
6.08,"verified",3.1,0.1805,0,36,"Jan2018",0
7.35,"not",7.28,0.1025,0,36,"Feb2018",0
17.09,"source_only",30.67,0.5577,0,36,"Jan2018",3
19.03,"not",0.0438705882352941,0.38,0,36,"Feb2018",0
15.05,"not",12.83,0.5851,0,36,"Feb2018",2
10.42,"source_only",11.92,0.1992,1,36,"Jan2018",0
7.96,"source_only",8.01,0.2,0,36,"Mar2018",5
15.05,"source_only",18.41,0.5687,0,36,"Jan2018",0
7.97,"not",8.78,0.0493,0,36,"Jan2018",2
13.58,"verified",15.4,0.4809,0,36,"Mar2018",0
9.43,"source_only",9.06,0.4126,0,36,"Feb2018",1
19.03,"source_only",10.68,0.3201,0,36,"Feb2018",6
9.44,"not",36.31,0.5901,0,36,"Feb2018",0
11.99,"source_only",12.54,0.8464,0,36,"Feb2018",1
10.41,"source_only",11.26,0.2736,2,36,"Mar2018",3
9.92,"verified",31.12,0.5974,1,36,"Mar2018",0
7.97,"source_only",15.24,0.6324,0,36,"Jan2018",0
9.43,"not",28.66,0.5817,0,36,"Feb2018",1
6.72,"not",3.35,0.204,0,36,"Jan2018",0
15.04,"source_only",7.24,0.5374,0,36,"Mar2018",1
9.44,"not",14.97,0.0889,0,36,"Feb2018",0
10.91,"source_only",20.46,0.187,0,36,"Feb2018",1
16.01,"not",32.4,0.424,0,36,"Feb2018",0
10.41,"not",38.46,0.2744,0,36,"Mar2018",2
16.01,"verified",35.35,0.5657,1,36,"Mar2018",0
16.02,"source_only",19.34,0.1771,0,60,"Jan2018",0
14.08,"verified",31.74,0.1887,0,36,"Feb2018",3
20,"verified",58.06,0.707,0,36,"Mar2018",1
7.34,"source_only",20.59,0.3235,0,36,"Feb2018",2
7.97,"not",13.08,0.5442,0,36,"Jan2018",0
6.08,"source_only",21.82,0.259,0,36,"Feb2018",0
9.43,"source_only",16.33,0.1263,0,36,"Mar2018",9
11.99,"source_only",31.79,0.8387,0,60,"Feb2018",6
15.05,"source_only",17.04,0.1574,1,60,"Feb2018",1
11.99,"source_only",10.87,0.1891,0,60,"Feb2018",3
20,"verified",33.82,0.5902,0,36,"Mar2018",8
7.35,"verified",24.42,0.1922,0,36,"Jan2018",3
9.43,"not",10.87,0.4894,0,36,"Mar2018",1
11.99,"not",28.23,0.5193,0,36,"Feb2018",2
18.45,"source_only",25.38,0.6779,0,36,"Mar2018",0
15.05,"source_only",37.57,0.2927,0,36,"Feb2018",3
9.43,"not",9.51,0.0804,0,36,"Mar2018",0
9.93,"source_only",10.28,0.6781,0,36,"Mar2018",3
13.59,"source_only",20.75,0.6751,0,60,"Feb2018",10
5.32,"not",18.68,0.0483,0,36,"Feb2018",0
16.02,"not",10.01,0.607,1,36,"Jan2018",7
10.41,"not",33.39,0.7725,0,36,"Mar2018",2
10.42,"not",8.4,0.2874,0,36,"Feb2018",4
12.62,"source_only",209.1,0.9083,0,60,"Mar2018",0
7.35,"not",24.54,0.5564,0,36,"Feb2018",0
9.93,"verified",53.94,0.3132,0,36,"Jan2018",0
11.99,"not",24.57,0.2312,0,36,"Feb2018",1
13.58,"source_only",24.69,0.2595,0,60,"Mar2018",4
5.31,"not",11.7,0.1069,0,36,"Mar2018",1
11.99,"not",23.86,0.477,0,60,"Feb2018",2
25.82,"verified",23.61,0.5304,0,36,"Jan2018",1
11.98,"source_only",13.77,0.7908,0,60,"Mar2018",2
5.31,"not",27.48,0.1138,0,36,"Mar2018",0
15.05,"not",31.62,0.5224,0,36,"Feb2018",1
10.42,"not",25.49,0.1502,0,60,"Jan2018",10
9.92,"source_only",16.08,0.2128,0,60,"Mar2018",1
10.42,"verified",18.95,0.5063,0,60,"Jan2018",0
12.62,"verified",29.52,0.7941,0,36,"Jan2018",4
6.71,"source_only",12.8,0.1797,0,36,"Mar2018",2
10.91,"source_only",25.56,0.1912,0,36,"Feb2018",2
11.99,"source_only",15.92,0.9567,0,60,"Jan2018",0
19.03,"not",28.84,0.2784,0,36,"Feb2018",0
13.59,"verified",31.17,0.5745,1,36,"Jan2018",2
6.71,"not",13.05,0.0867,0,36,"Mar2018",0
16.01,"verified",30.53,1.1823,0,36,"Mar2018",1
15.05,"verified",9.83,0.0327,0,60,"Feb2018",1
23.88,"source_only",19.14,0.8049,0,60,"Jan2018",0
12.61,"source_only",10.9,0.0925,0,36,"Mar2018",10
22.9,"source_only",16.89,0.846,0,36,"Mar2018",2
12.62,"verified",11.41,0.4609,0,36,"Jan2018",0
18.45,"verified",23.25,0.6742,0,60,"Mar2018",1
12.62,"source_only",76.5,0.604,0,36,"Jan2018",1
11.99,"not",15.98,0.1864,0,36,"Feb2018",4
18.06,"not",9.96,0.1652,0,36,"Feb2018",1
6.72,"not",16.25,0.1103,0,36,"Jan2018",2
17.47,"source_only",7.89,0.629,0,36,"Mar2018",0
6.08,"not",7.58,0.1241,0,36,"Jan2018",0
16.02,"verified",1,0.1582,0,60,"Jan2018",1
6.07,"verified",10.18,0.0871,0,36,"Mar2018",1
10.42,"source_only",23.36,1.0478,0,36,"Feb2018",0
20,"not",16.1,0.7691,0,60,"Jan2018",0
5.32,"not",31.64,0.3475,0,36,"Jan2018",1
20,"source_only",10.33,0.8138,1,60,"Jan2018",3
9.93,"source_only",10.23,0.1767,0,36,"Jan2018",1
21.45,"verified",4.55,0.4811,0,36,"Feb2018",1
11.99,"verified",34.53,0.3345,0,36,"Mar2018",0
14.07,"not",7.28,0.0959,0,60,"Feb2018",2
12.61,"source_only",7.7,0.7496,0,36,"Mar2018",0
10.9,"not",28.62,0.1282,0,36,"Mar2018",1
10.91,"not",14.55,0.6383,0,36,"Jan2018",4
11.98,"source_only",11.64,0.076,0,60,"Mar2018",3
20,"source_only",16.94,0.385,0,60,"Feb2018",1
21.45,"source_only",14.88,0.3034,0,36,"Feb2018",0
5.31,"not",5.85,0.0295,0,36,"Mar2018",0
20,"verified",1.56,0.0029,0,36,"Jan2018",3
9.43,"not",27.79,0.2688,0,36,"Mar2018",3
14.08,"verified",18.26,0.6153,0,60,"Feb2018",1
5.31,"not",12.44,0.0822,0,36,"Mar2018",0
11.99,"source_only",20.66,0.564,0,36,"Jan2018",0
9.92,"not",13.5,0.6055,1,36,"Mar2018",1
7.96,"not",35.03,0.2796,0,36,"Feb2018",1
6.72,"source_only",4.31,0.023,0,36,"Jan2018",2
14.07,"source_only",33.05,0.4841,0,36,"Mar2018",3
20.39,"source_only",12.24,0.8526,0,60,"Feb2018",0
5.31,"not",22.33,0.1462,0,36,"Mar2018",0
6.08,"source_only",3.28,0.0452,0,36,"Jan2018",0
12.61,"not",19.3,0.2253,1,36,"Feb2018",11
9.93,"source_only",26.55,0.7189,0,36,"Feb2018",5
6.08,"not",20.66,0.3026,0,36,"Feb2018",1
9.44,"source_only",12.51,0.0673,1,36,"Jan2018",3
7.97,"source_only",23.28,0.1986,0,36,"Jan2018",2
10.91,"source_only",20.91,0.4094,0,36,"Jan2018",1
13.58,"verified",13.35,0.9358,1,36,"Mar2018",0
20,"source_only",11.07,0.259,0,60,"Feb2018",2
7.97,"source_only",8.83,0.9982,0,36,"Jan2018",2
9.44,"not",27.03,0.757,0,36,"Feb2018",3
6.72,"not",7.49,0.378,0,36,"Jan2018",0
7.35,"not",27.37,0.4826,0,36,"Jan2018",0
6.08,"verified",12.47,0.1415,0,36,"Jan2018",1
21.45,"not",38.01,0.5565,0,36,"Feb2018",7
13.59,"not",25,0.5322,0,36,"Jan2018",0
9.92,"source_only",5.08,0.0366,0,60,"Mar2018",1
9.93,"source_only",26.5,0.5026,0,36,"Jan2018",1
16.02,"verified",22.5,0.7167,0,36,"Jan2018",2
14.07,"source_only",20.23,0.7558,0,36,"Mar2018",0
16.01,"not",16.96,0.5909,0,60,"Feb2018",3
10.91,"source_only",14.09,0.1959,0,36,"Jan2018",2
5.32,"verified",47.11,0.5432,0,36,"Feb2018",0
6.72,"not",10.44,0.0365,1,36,"Feb2018",1
21.45,"verified",22.76,0.9731,0,60,"Feb2018",5
7.96,"source_only",8.16,0.2754,0,36,"Mar2018",0
10.42,"source_only",3.96,0.3722,0,60,"Jan2018",1
19.03,"source_only",31.02,0.7283,0,36,"Jan2018",1
17.09,"verified",46.83,0.7104,0,60,"Feb2018",4
18.06,"source_only",17.34,0.6985,0,60,"Jan2018",1
10.9,"source_only",9.85,0.0488,0,36,"Feb2018",1
16.02,"verified",20.95,0.6656,1,60,"Jan2018",2
7.35,"source_only",20.66,0.1925,0,36,"Jan2018",1
7.35,"verified",17.87,0.2276,0,60,"Jan2018",1
19.03,"source_only",15.39,0.5895,1,36,"Feb2018",4
14.08,"verified",28.62,0.7477,0,36,"Jan2018",3
15.04,"source_only",24.09,0.2535,0,60,"Mar2018",1
14.08,"source_only",12.58,0.5439,0,36,"Jan2018",3
14.08,"source_only",31.5,0.4486,0,36,"Jan2018",0
12.61,"verified",22,0.3249,0,36,"Mar2018",2
15.04,"not",35.58,0.5152,0,36,"Mar2018",4
7.35,"verified",23.64,0.0948,0,60,"Jan2018",0
12.61,"source_only",17.33,0.1765,0,36,"Mar2018",1
7.96,"source_only",33.31,0.0562,1,36,"Mar2018",1
12.61,"source_only",15.1,0.2021,0,36,"Mar2018",5
13.59,"source_only",28.91,0.6475,1,60,"Jan2018",2
14.08,"source_only",11.96,0.6418,0,36,"Jan2018",0
9.44,"not",30.16,0.5777,0,60,"Feb2018",1
13.58,"verified",30.13,0.2896,0,60,"Mar2018",6
12.61,"not",25.06,0.1701,1,60,"Mar2018",5
5.32,"not",12.5,0.2891,0,36,"Jan2018",1
16.02,"not",21.43,0.7391,0,60,"Jan2018",3
17.09,"source_only",11.19,0.6704,0,36,"Jan2018",5
7.35,"source_only",1.44,0.0702,1,60,"Feb2018",2
9.92,"not",14.23,0.1455,0,60,"Mar2018",1
9.93,"not",17.28,0.1917,0,36,"Jan2018",2
9.92,"source_only",8.44,0.8597,0,60,"Mar2018",0
9.44,"not",3.81,0.0117,0,36,"Feb2018",1
9.44,"not",3.17,0.0285,0,60,"Jan2018",1
20,"verified",22.08,0.533,0,60,"Jan2018",0
17.09,"verified",28.97,0.2549,0,36,"Jan2018",1
12.61,"source_only",8.96,0.044,1,60,"Mar2018",0
20,"source_only",7.02,0.0234,0,36,"Jan2018",4
16.02,"not",27.77,0.2683,0,60,"Jan2018",0
10.9,"verified",23.01,0.1632,0,36,"Mar2018",0
15.04,"source_only",27.05,0.5901,1,36,"Mar2018",3
10.42,"verified",31.94,0.5538,1,36,"Jan2018",3
6.08,"not",24.2,0.0855,0,36,"Feb2018",2
12.62,"not",37.63,0.39,0,60,"Feb2018",0
10.9,"source_only",8.13,0.4446,0,60,"Mar2018",0
13.59,"source_only",18.8,0.6758,0,36,"Feb2018",3
11.99,"not",23.24,0.5142,0,60,"Jan2018",0
19.42,"source_only",38.95,0.1996,0,60,"Mar2018",1
16.01,"source_only",24.35,0.7254,0,36,"Mar2018",0
10.41,"not",29.38,0.3938,0,36,"Mar2018",2
7.97,"source_only",13.2,0.2715,0,36,"Mar2018",2
10.42,"verified",31.18,0.3141,0,36,"Jan2018",2
11.98,"source_only",24.95,0.6253,0,36,"Mar2018",1
10.42,"verified",29.6,0.5779,1,36,"Feb2018",3
12.61,"not",37.95,0.3363,1,60,"Mar2018",5
26.3,"not",20.68,1.1155,1,60,"Jan2018",0
7.97,"verified",17.57,0.3855,0,36,"Jan2018",6
7.97,"source_only",15.37,0.1676,0,36,"Feb2018",4
9.93,"source_only",26.85,0.6852,0,36,"Feb2018",3
10.9,"verified",23.75,0.3718,1,36,"Feb2018",1
9.93,"source_only",39.8,0.3012,0,36,"Feb2018",8
11.98,"source_only",36.87,0.2299,1,36,"Mar2018",0
18.45,"source_only",5.78,0.7104,0,60,"Mar2018",0
9.93,"source_only",19.73,0.1583,0,36,"Jan2018",0
5.32,"not",17.32,0.442,0,36,"Feb2018",0
6.08,"source_only",7.75,0.7753,0,36,"Jan2018",1
9.93,"verified",42.5,0.3081,0,60,"Jan2018",1
28.72,"verified",29.31,0.4379,0,60,"Jan2018",4
9.43,"source_only",26.39,0.1417,0,36,"Mar2018",12
14.08,"source_only",18.89,0.5735,0,60,"Feb2018",0
13.59,"source_only",15.93,0.1727,0,36,"Jan2018",1
13.59,"verified",22.05,0.703,0,60,"Jan2018",2
11.99,"source_only",19.89,0.7833,0,36,"Feb2018",0
7.35,"not",1.96,0.0383,0,36,"Jan2018",3
6.72,"source_only",20.36,0.1981,0,36,"Jan2018",3
9.44,"verified",6.53,0.7022,0,36,"Feb2018",4
10.42,"not",14.58,0.9235,0,36,"Jan2018",0
11.99,"verified",39.05,0.194,0,36,"Jan2018",8
10.42,"not",25.18,0.7656,1,60,"Jan2018",1
10.91,"verified",44.53,0.8657,0,60,"Feb2018",0
9.43,"not",31.72,0.2013,0,36,"Mar2018",0
7.96,"not",20.95,0.3777,0,36,"Mar2018",3
20.39,"source_only",16.96,0.7406,1,60,"Mar2018",4
6.72,"not",16.84,0.4693,0,36,"Jan2018",4
17.47,"not",1.84,0.1187,0,36,"Mar2018",2
7.97,"source_only",29.55,0.3006,0,36,"Jan2018",3
6.71,"verified",80.18,0.1329,0,36,"Mar2018",0
9.93,"source_only",24.63,0.3887,0,60,"Jan2018",0
12.61,"verified",35.77,0.4418,0,60,"Mar2018",0
12.61,"not",4.8,0.5875,0,36,"Mar2018",3
11.99,"source_only",21.15,0.2032,0,60,"Jan2018",1
10.41,"not",25.92,0.2918,0,36,"Mar2018",3
7.97,"not",13.61,0.4605,1,36,"Feb2018",2
10.42,"not",28.21,0.225,0,60,"Jan2018",1
14.08,"not",6.2,0.4143,1,60,"Feb2018",2
13.59,"not",12.24,0.684,1,36,"Jan2018",2
22.91,"not",27.56,0.3973,0,36,"Jan2018",0
6.72,"not",9.29,0.0335,0,36,"Jan2018",0
18.06,"source_only",7.51,0.1309,0,36,"Mar2018",4
12.61,"source_only",17.02,0.734,1,60,"Mar2018",2
22.9,"source_only",17.3,0.7837,0,60,"Mar2018",0
14.08,"not",14.88,0.5209,0,36,"Jan2018",3
20,"verified",4.31,0.6911,0,36,"Jan2018",0
18.06,"verified",19.99,0.1381,0,36,"Feb2018",3
16.01,"verified",42.99,0.3874,0,36,"Mar2018",4
25.82,"source_only",7.15,0.5997,0,60,"Feb2018",1
12.62,"source_only",35.2,0.1649,0,36,"Feb2018",1
15.05,"not",23.76,0.2885,0,60,"Jan2018",1
19.42,"verified",12.92,0.3081,2,60,"Mar2018",7
18.06,"verified",37.55,0.5958,0,36,"Jan2018",1
17.09,"source_only",17.83,0.1649,0,60,"Jan2018",1
6.72,"not",38.73,0.6351,0,36,"Jan2018",1
15.04,"source_only",16.56,0.7574,0,36,"Mar2018",6
6.71,"source_only",15.95,0.1717,1,36,"Mar2018",6
10.9,"verified",47.16,0.5132,0,36,"Mar2018",1
19.03,"verified",11.26,0.9816,0,36,"Feb2018",2
11.98,"not",24.5,0.6606,0,36,"Feb2018",2
11.99,"source_only",31.25,0.5178,1,60,"Jan2018",4
12.61,"not",6.56,0.0191,0,36,"Feb2018",0
7.35,"not",7.03,0.052,0,60,"Jan2018",0
7.96,"source_only",34.41,0.3414,0,36,"Mar2018",1
9.92,"not",23.5,0.424,0,36,"Mar2018",2
12.61,"not",35.91,0.5061,0,60,"Mar2018",2
12.61,"source_only",28.98,0.3409,0,60,"Mar2018",0
18.06,"verified",26.13,0.4164,0,36,"Jan2018",4
9.92,"not",21.46,1.5086,1,36,"Feb2018",0
10.41,"source_only",4.31,0.1066,0,60,"Mar2018",0
6.08,"not",22.93,0.1964,0,36,"Feb2018",0
13.58,"source_only",16.83,0.5507,0,60,"Mar2018",1
10.42,"not",26.64,0.8866,0,36,"Jan2018",1
10.9,"not",16.17,0.5761,0,36,"Mar2018",0
6.07,"not",13.18,0.4177,0,36,"Mar2018",0
10.41,"verified",14.4,0.0787,0,36,"Mar2018",6
20,"not",12.16,0.1017,0,36,"Jan2018",2
6.08,"source_only",15.47,0.2536,0,36,"Feb2018",8
10.42,"verified",56.82,0.2339,0,60,"Mar2018",1
7.96,"not",7.78,0.6215,0,36,"Mar2018",0
20.39,"verified",0,0,0,36,"Mar2018",1
16.02,"not",25.37,0.3594,1,36,"Feb2018",5
10.42,"source_only",10.52,0.641,0,36,"Jan2018",1
15.04,"source_only",14.41,0.1184,0,36,"Mar2018",1
19.42,"verified",7.45,0.0502,0,60,"Mar2018",1
7.96,"source_only",58.06,0.2611,1,36,"Mar2018",2
13.58,"source_only",3.34,0.0781,0,60,"Mar2018",2
9.43,"source_only",9.5,0.0487,0,36,"Mar2018",1
16.01,"source_only",18.18,0.5381,0,36,"Mar2018",2
9.92,"not",24.24,0.1445,0,36,"Mar2018",1
11.98,"not",34.28,0.1686,0,60,"Mar2018",3
9.43,"not",19.44,0.3745,0,36,"Mar2018",2
12.62,"not",8.69,0.3982,1,60,"Jan2018",4
11.99,"verified",23.92,0.2783,0,36,"Jan2018",3
6.07,"not",20.42,0.2118,0,36,"Mar2018",1
16.02,"not",41.33,0.2646,0,36,"Feb2018",0
12.62,"verified",35.99,0.2038,0,60,"Feb2018",4
9.92,"source_only",11.76,0.322,0,36,"Mar2018",5
18.45,"not",5.43,1.1708,0,36,"Mar2018",0
20.39,"verified",16.11,0.0849,0,60,"Mar2018",0
21.45,"verified",24.75,0.5232,1,36,"Jan2018",0
6.72,"source_only",12.08,0.1361,0,36,"Jan2018",0
9.92,"verified",2.46,0.0988,0,60,"Mar2018",1
5.32,"not",10.49,0.0571,0,36,"Jan2018",2
11.99,"not",7.93,0.4341,0,36,"Feb2018",0
12.61,"not",32.04,0.5319,0,60,"Mar2018",0
14.07,"verified",23.51,0.2899,1,36,"Mar2018",0
5.32,"source_only",8.87,0.1302,0,36,"Jan2018",0
6.08,"source_only",24.32,0.1128,0,36,"Jan2018",0
7.97,"source_only",12.85,0.3991,0,36,"Feb2018",1
18.45,"source_only",20.26,0.3578,0,36,"Mar2018",0
6.08,"not",18.5,0.1086,0,36,"Feb2018",0
14.08,"verified",12.15,0.2605,0,60,"Jan2018",2
10.91,"not",17.96,0.5009,0,36,"Feb2018",0
10.9,"source_only",14.88,0.0932,0,60,"Mar2018",5
9.93,"verified",8.36,0.3157,0,60,"Jan2018",1
5.31,"not",19.1,0.5277,0,36,"Mar2018",0
10.9,"source_only",24.97,0.2425,0,36,"Mar2018",1
9.93,"source_only",17.83,0.2124,0,36,"Jan2018",2
21.85,"not",16.74,0.7557,0,36,"Mar2018",2
10.91,"source_only",11.3,0.11,0,36,"Jan2018",3
11.98,"source_only",24.77,0.6294,0,36,"Feb2018",0
12.62,"verified",21.18,0.7402,0,36,"Feb2018",0
10.42,"source_only",17.52,0.4745,1,36,"Feb2018",2
20.39,"source_only",8.49,1.1218,1,36,"Mar2018",0
13.58,"verified",28.98,0.1204,0,36,"Feb2018",3
13.59,"verified",9.36,0.3591,0,36,"Feb2018",3
19.03,"not",35.56,0.1193,0,36,"Feb2018",1
10.91,"verified",7.75,0.0444,0,60,"Feb2018",4
7.96,"not",23.15,0.3404,0,36,"Mar2018",1
10.41,"source_only",15.29,0.7144,1,36,"Mar2018",0
14.08,"verified",77.55,0.1115,1,36,"Jan2018",2
9.93,"source_only",19.28,0.6121,0,60,"Feb2018",0
21.45,"source_only",30.61,0.6312,0,36,"Jan2018",1
14.08,"source_only",4.99,1.599,1,60,"Feb2018",0
13.59,"verified",20.93,0.4897,0,60,"Feb2018",9
16.01,"source_only",19.82,0.5286,1,36,"Mar2018",3
15.05,"source_only",10.27,0.198,0,60,"Mar2018",4
11.98,"verified",39.87,0.6692,0,36,"Mar2018",0
13.59,"source_only",22.42,0.567,0,60,"Feb2018",2
12.62,"source_only",1.48,0.8711,0,36,"Jan2018",4
7.97,"not",16.62,0.4427,1,36,"Jan2018",3
18.45,"source_only",14.46,0.1145,0,36,"Mar2018",1
13.58,"not",18.69,0.7468,0,36,"Mar2018",2
14.08,"verified",40.86,0.1952,0,36,"Jan2018",1
10.41,"verified",19.79,0.7216,0,36,"Feb2018",2
14.08,"verified",31.89,0.185,0,60,"Mar2018",3
15.04,"source_only",8.24,0.8164,0,36,"Mar2018",0
18.06,"verified",43.32,0.3457,0,60,"Feb2018",6
24.84,"source_only",4.21,0.076,0,36,"Mar2018",0
16.02,"verified",21.29,0.2109,0,36,"Jan2018",2
12.61,"not",33.27,0.6332,0,36,"Feb2018",2
5.32,"not",7.72,0.0987,0,36,"Jan2018",0
13.59,"source_only",31.04,0.521,0,60,"Mar2018",1
9.44,"not",29.28,0.3314,0,60,"Jan2018",1
7.34,"source_only",17.37,0.1664,0,36,"Mar2018",1
6.08,"verified",6.14,0.4757,0,36,"Feb2018",1
14.07,"verified",10.26,0.5559,0,36,"Mar2018",2
15.05,"not",22.44,0.7801,0,36,"Jan2018",3
19.42,"source_only",23.65,0.1585,0,36,"Mar2018",4
6.72,"source_only",9.59,0.0912,0,36,"Jan2018",1
15.05,"source_only",29.27,0.7203,1,36,"Jan2018",1
24.85,"not",26.46,0.9364,0,60,"Feb2018",1
5.32,"source_only",17.08,0.5485,0,36,"Jan2018",0
21.45,"not",33.48,0.1955,0,36,"Jan2018",2
16.02,"verified",12.58,0.2956,0,60,"Feb2018",7
21.45,"verified",32.58,0.5644,0,36,"Feb2018",1
18.06,"source_only",14.38,0.8043,0,60,"Feb2018",0
6.07,"source_only",15.96,0.1737,0,36,"Mar2018",1
5.32,"source_only",0.74,0.0317,0,36,"Feb2018",0
12.62,"not",28.02,0.5412,0,36,"Feb2018",1
10.42,"verified",24.23,0.065,0,60,"Jan2018",3
13.58,"not",22.77,0.6135,0,60,"Mar2018",1
10.9,"verified",29.73,0.2579,0,60,"Mar2018",1
14.08,"source_only",15.73,0.0954,0,36,"Feb2018",7
20,"source_only",19.31,0.2153,1,60,"Jan2018",3
9.92,"source_only",4.63,0.3623,0,60,"Mar2018",4
10.91,"source_only",21.76,0.8957,0,36,"Jan2018",9
10.9,"source_only",8.34,0.3267,0,36,"Mar2018",1
17.09,"verified",21.15,0.5417,0,36,"Feb2018",0
12.62,"source_only",18.28,0.1306,0,60,"Jan2018",1
10.41,"not",10.44,0.7361,0,36,"Feb2018",0
13.58,"not",6,0.6615,0,36,"Mar2018",2
12.61,"source_only",21.86,0.6795,0,36,"Mar2018",1
10.41,"not",11.8,1.1055,0,36,"Mar2018",1
6.72,"not",20.73,0.4307,0,36,"Jan2018",0
14.08,"verified",21.97,0.7455,1,60,"Feb2018",2
14.08,"verified",8.26,0.6775,1,60,"Feb2018",5
13.58,"source_only",5.4,0.0252,0,36,"Mar2018",5
9.44,"source_only",2.72,0.208,0,36,"Jan2018",1
6.08,"verified",13.53,0.5186,0,36,"Jan2018",0
12.62,"not",20.31,0.8181,0,36,"Jan2018",0
17.47,"verified",21.38,0.5277,0,36,"Mar2018",3
9.44,"not",10.4,0.2511,1,36,"Feb2018",5
11.98,"source_only",10.31,0.6404,0,36,"Mar2018",5
9.92,"not",9.87,0.1098,0,60,"Mar2018",8
7.96,"source_only",19.6,0.227,0,36,"Mar2018",2
7.35,"source_only",20.96,0.2075,0,60,"Feb2018",0
5.32,"source_only",18.59,0.2233,0,36,"Jan2018",0
17.09,"verified",29.18,0.3485,0,60,"Jan2018",0
14.08,"verified",32.1,0.1469,0,60,"Jan2018",4
6.08,"not",14.57,0.2835,0,36,"Feb2018",0
6.07,"source_only",16.63,0.1791,0,36,"Mar2018",2
9.92,"verified",10.96,0.1307,0,60,"Mar2018",2
6.07,"verified",41.66,0.5864,0,36,"Mar2018",1
17.09,"source_only",18.45,0.6927,0,60,"Jan2018",4
26.3,"verified",19.4,0.2534,0,60,"Feb2018",3
5.32,"source_only",21.53,0.3127,0,36,"Feb2018",3
17.47,"source_only",20.73,0.8061,0,36,"Mar2018",1
16.02,"source_only",32.12,0.2043,0,60,"Feb2018",1
11.98,"not",26.77,0.254,0,60,"Feb2018",2
5.31,"source_only",3.73,0.0713,0,36,"Mar2018",6
10.41,"not",14.63,0.2071,0,36,"Mar2018",1
10.9,"not",22.05,0.294,1,36,"Mar2018",5
6.71,"not",21.6,0.3764,0,36,"Mar2018",0
6.71,"not",26.79,0.1168,0,36,"Feb2018",1
17.09,"source_only",21.12,0.3912,0,36,"Feb2018",1
14.08,"source_only",35.88,0.3826,0,60,"Jan2018",4
5.32,"verified",4.37,0.196,0,36,"Jan2018",2
9.44,"verified",15.79,0.1153,0,60,"Mar2018",11
15.05,"source_only",11.95,0.8528,0,36,"Feb2018",0
7.97,"verified",7.86,0.2969,0,36,"Jan2018",0
17.47,"not",40.51,0.7159,0,36,"Mar2018",0
9.93,"verified",20.48,0.0736,0,36,"Feb2018",5
6,"source_only",17.45,0.3569,0,36,"Jan2018",0
6.08,"not",7.16,0.1171,0,36,"Jan2018",2
18.06,"verified",22.82,0.6058,0,60,"Mar2018",2
5.31,"source_only",24.82,0.1704,1,36,"Mar2018",1
14.08,"source_only",11.93,0.0843,0,60,"Jan2018",2
9.43,"not",14.53,0.5873,0,36,"Mar2018",0
10.91,"not",26.33,0.3693,0,36,"Feb2018",9
11.98,"verified",38.19,0.717,0,36,"Mar2018",2
5.32,"verified",34.96,0.4062,0,36,"Jan2018",0
14.07,"verified",14.03,0.0768,0,36,"Mar2018",2
16.02,"source_only",1.73,0.0781,1,36,"Jan2018",5
14.08,"verified",21.6,0.821,1,60,"Jan2018",2
9.44,"not",10.69,0.308,0,36,"Feb2018",0
13.58,"source_only",17.3,0.3844,0,60,"Mar2018",4
7.34,"not",15.07,0.0561,0,36,"Mar2018",0
10.42,"source_only",18.39,0.2252,0,60,"Feb2018",2
9.93,"source_only",26.12,0.4574,0,36,"Feb2018",2
5.32,"not",15.63,0.4212,1,36,"Jan2018",1
16.01,"source_only",23.53,0.6399,0,36,"Mar2018",4
7.96,"source_only",1.26,0.0034,1,36,"Mar2018",2
9.43,"source_only",9.65,0.5517,0,36,"Mar2018",1
5.31,"source_only",14.7,0.1267,0,60,"Mar2018",0
12.62,"not",17.99,0.1341,0,36,"Feb2018",4
7.34,"not",2.99,0.0072,1,36,"Feb2018",0
18.06,"source_only",12.54,0.7458,0,36,"Feb2018",0
21.45,"not",36.32,0.8278,0,60,"Jan2018",1
14.08,"source_only",33.68,0.5916,0,60,"Jan2018",1
16.02,"source_only",12.7,0.298,0,36,"Jan2018",0
20,"source_only",1.25,0.0115,0,60,"Jan2018",1
21.45,"source_only",17.37,0.2244,0,60,"Jan2018",5
20,"not",18.57,0.0653,0,36,"Jan2018",3
16.01,"not",14.5,0.3986,0,36,"Mar2018",3
6.72,"not",13,0.1455,0,36,"Feb2018",3
19.03,"source_only",17.16,0.7285,0,60,"Feb2018",1
15.05,"verified",33.24,0.3926,0,60,"Feb2018",12
7.35,"not",14.34,0.1507,0,60,"Jan2018",0
18.06,"verified",34.68,0.7773,0,36,"Jan2018",7
14.08,"verified",15.71,0.5729,0,36,"Feb2018",0
12.61,"verified",27.94,0.5761,0,36,"Mar2018",1
17.09,"source_only",18.28,0.1401,0,60,"Feb2018",1
15.04,"verified",30.63,0.7243,0,36,"Mar2018",0
12.62,"verified",13.88,0.0584,0,60,"Jan2018",3
11.99,"not",6.71,1.1643,0,36,"Jan2018",3
6.08,"verified",2.08,0.0157,0,36,"Feb2018",2
29.69,"not",47.6,1.1363,0,60,"Jan2018",5
7.34,"verified",39.61,0.4512,0,36,"Mar2018",0
9.93,"verified",84.46,0.6728,0,36,"Jan2018",4
16.02,"source_only",2.4,0.0156,0,60,"Jan2018",0
21.85,"verified",6.1,0.076,0,60,"Mar2018",2
13.59,"not",13.04,0.312,0,60,"Jan2018",1
10.91,"source_only",24.28,0.2129,0,36,"Jan2018",7
9.92,"not",15.07,0.7193,0,36,"Mar2018",1
12.61,"source_only",18.1,0.263,0,60,"Mar2018",6
11.98,"not",8.52,0.1251,0,36,"Mar2018",3
7.35,"not",25.46,0.1472,0,36,"Feb2018",1
6.71,"not",7.92,0.0852,0,36,"Mar2018",1
10.91,"source_only",16.21,0.6488,0,36,"Jan2018",2
10.9,"not",18.72,0.5462,1,36,"Mar2018",2
9.92,"not",19.48,0.2003,0,60,"Mar2018",0
26.3,"source_only",29.64,0.8456,0,60,"Feb2018",0
12.62,"verified",15.71,0.7373,0,60,"Feb2018",1
12.61,"source_only",23.03,0.6993,0,36,"Mar2018",2
14.07,"source_only",2.91,0.0219,0,60,"Mar2018",2
10.9,"source_only",8.41,0.0794,0,36,"Mar2018",2
18.06,"not",27.36,0.1974,0,60,"Jan2018",3
15.04,"source_only",17.63,0.1109,0,36,"Mar2018",3
20,"verified",25.91,0.4793,0,60,"Feb2018",2
9.92,"source_only",9.56,0.0508,0,36,"Mar2018",2
16.02,"source_only",1.84,0.6713,0,36,"Feb2018",29
10.42,"not",8.27,0.0821,1,36,"Jan2018",2
10.9,"source_only",5.67,0.7067,0,60,"Mar2018",0
23.88,"not",21.8,0.4634,0,60,"Feb2018",2
6.08,"source_only",5.21,0.1864,0,36,"Jan2018",0
19.03,"source_only",26.23,0.1744,0,36,"Jan2018",2
7.34,"verified",41.83,0.2037,0,36,"Mar2018",1
11.99,"not",11.27,0.9244,0,36,"Jan2018",1
16.02,"verified",14.4,0.6066,0,36,"Jan2018",4
5.31,"source_only",15.35,0.1616,0,36,"Mar2018",0
21.85,"verified",20.37,0.6013,1,60,"Feb2018",0
7.35,"source_only",15.59,0.2926,0,60,"Feb2018",1
11.98,"source_only",26.18,0.0659,1,60,"Mar2018",2
10.91,"not",2.31,0.1245,0,36,"Jan2018",0
9.44,"verified",12.8,0.5986,0,36,"Mar2018",0
21.85,"source_only",17.13,0.4868,0,36,"Mar2018",1
7.34,"source_only",7.17,0.1752,1,60,"Mar2018",0
11.99,"not",12.76,1.0668,1,36,"Feb2018",0
11.99,"verified",11.8,0.2325,0,60,"Mar2018",3
5.32,"verified",12.14,0.0817,0,36,"Feb2018",0
6.07,"source_only",9.52,0.0498,0,36,"Mar2018",0
14.08,"verified",31.23,0.9188,0,36,"Jan2018",4
7.35,"not",21.06,0.2167,0,60,"Jan2018",2
12.62,"not",34.99,0.2255,0,60,"Feb2018",3
18.06,"not",19.33,0.3991,0,36,"Feb2018",1
15.05,"source_only",4.75,0.3575,0,36,"Feb2018",3
9.44,"not",9.99,0.3014,0,36,"Jan2018",3
15.05,"source_only",0.12,0.3505,0,36,"Feb2018",3
9.92,"not",11.57,0.1154,0,36,"Mar2018",4
13.59,"verified",25.43,0.5205,1,36,"Jan2018",4
17.47,"verified",19.33,0.9256,0,60,"Mar2018",4
10.42,"not",7.01,0.2751,0,36,"Jan2018",2
5.31,"not",8.68,0.3182,0,36,"Mar2018",4
6.07,"not",15.6,0.5215,0,36,"Mar2018",1
10.41,"verified",3.88,0.0195,0,36,"Mar2018",2
9.93,"verified",22.25,0.1978,1,36,"Jan2018",2
21.45,"verified",15.64,0.0569,0,60,"Feb2018",2
7.35,"source_only",14.66,0.1876,0,60,"Feb2018",4
6.71,"not",20.16,0.4968,1,36,"Feb2018",2
16.02,"verified",15.91,0.3736,0,36,"Jan2018",0
18.06,"verified",2.39,0.0061,0,36,"Jan2018",8
11.99,"verified",32.69,0.2209,0,36,"Feb2018",3
11.99,"source_only",15.85,0.552,0,36,"Jan2018",7
14.08,"not",9.6,0.5505,0,36,"Jan2018",0
5.31,"verified",13.11,0.6202,0,36,"Feb2018",0
9.44,"source_only",24.17,0.2707,0,36,"Jan2018",7
17.47,"source_only",14.2,0.2274,0,36,"Mar2018",6
21.45,"source_only",24.23,0.1626,0,60,"Feb2018",0
16.01,"verified",47.71,0.2889,0,36,"Mar2018",3
23.87,"source_only",24.84,0.7942,0,36,"Mar2018",5
9.93,"not",6.75,0.4119,0,36,"Feb2018",1
12.61,"source_only",14.4,0.4792,0,36,"Mar2018",2
13.59,"source_only",37.67,0.6956,0,36,"Jan2018",1
14.08,"source_only",22.46,0.3171,0,36,"Jan2018",1
10.42,"source_only",20.49,0.068,0,36,"Feb2018",1
11.98,"verified",29.07,0.2532,0,36,"Mar2018",1
12.61,"not",9.95,0.9814,0,36,"Mar2018",6
16.02,"source_only",28.82,0.6955,0,36,"Feb2018",3
9.92,"not",15.05,0.4325,0,60,"Mar2018",0
15.04,"source_only",7.46,0.3265,0,60,"Mar2018",3
10.91,"source_only",13.92,0.8144,0,36,"Feb2018",2
9.92,"not",20.14,0.5144,0,60,"Mar2018",0
13.59,"source_only",4.71,0.698,0,60,"Jan2018",1
6.71,"not",21.75,0.5099,0,36,"Mar2018",2
18.06,"source_only",20.48,0.3623,0,60,"Jan2018",1
9.44,"source_only",9.04,0.6084,0,36,"Feb2018",1
16.02,"verified",11.67,0.6388,0,36,"Jan2018",2
10.42,"source_only",32.28,0.175,0,60,"Jan2018",1
5.31,"not",14.09,0.5281,0,36,"Mar2018",0
7.34,"source_only",25.94,0.6582,0,36,"Mar2018",0
10.42,"not",8.7,0.714,1,36,"Jan2018",2
17.47,"verified",27.84,0.3683,0,60,"Mar2018",3
26.3,"verified",37.82,0.2629,0,36,"Feb2018",3
7.35,"source_only",18.57,0.7111,0,36,"Jan2018",2
10.91,"source_only",17.08,0.4618,0,36,"Jan2018",0
9.43,"not",16.92,0.1249,0,60,"Mar2018",1
9.93,"source_only",11.64,0.1429,0,60,"Jan2018",5
7.35,"not",28.14,0.541,0,36,"Jan2018",2
10.9,"verified",31.98,0.574,1,60,"Mar2018",1
7.96,"source_only",17.06,0.3062,0,36,"Feb2018",0
13.58,"source_only",31.34,0.5148,0,36,"Mar2018",0
6.07,"not",19.85,0.2822,0,36,"Mar2018",0
6.07,"verified",41.92,0.3364,0,36,"Mar2018",1
16.01,"source_only",10.88,0.8409,1,60,"Mar2018",1
10.42,"verified",27.31,0.2436,0,60,"Jan2018",3
12.62,"not",19.48,0.7776,0,36,"Jan2018",3
6.08,"not",11.81,0.5792,1,36,"Jan2018",0
10.9,"not",10.38,0.6041,0,60,"Mar2018",2
10.91,"source_only",21.52,0.1999,0,36,"Jan2018",6
18.06,"verified",6.21,0.0414,0,60,"Jan2018",2
19.03,"source_only",14.79,0.5517,0,60,"Feb2018",3
5.32,"source_only",12.13,0.4119,0,36,"Feb2018",0
14.07,"source_only",17.94,0.1337,0,60,"Mar2018",2
15.04,"source_only",27.4,0.7894,0,60,"Mar2018",2
13.58,"not",21.92,0.2838,0,36,"Mar2018",0
15.05,"source_only",12.63,0.7982,0,36,"Feb2018",2
9.43,"not",8.94,0.2172,0,60,"Mar2018",2
10.91,"source_only",5.02,0.4468,0,36,"Jan2018",2
10.42,"source_only",28.88,0.2024,0,60,"Jan2018",1
9.93,"verified",23.33,0.187,0,36,"Jan2018",0
7.96,"verified",14.43,0.0862,0,36,"Mar2018",2
12.62,"not",10.35,0.1337,0,60,"Feb2018",0
15.05,"verified",22.07,0.7055,0,60,"Jan2018",0
7.96,"not",19,0.052,0,36,"Mar2018",0
9.43,"not",26.4,0.1961,0,36,"Mar2018",6
11.99,"source_only",0.25,0.0191,0,60,"Feb2018",1
6.71,"not",22.58,0.138,0,36,"Mar2018",1
7.34,"source_only",13.73,0.6513,0,36,"Mar2018",4
6.07,"source_only",13.55,0.4815,0,36,"Feb2018",1
7.35,"source_only",5.41,0.1481,0,36,"Mar2018",1
15.05,"not",26.84,0.4163,1,60,"Jan2018",6
15.04,"verified",28.4,0.7387,0,60,"Feb2018",11
10.42,"source_only",21.27,0.1463,0,36,"Jan2018",6
14.08,"not",20.42,0.1263,0,60,"Jan2018",0
5.31,"verified",4.26,0.0991,0,36,"Mar2018",5
6.08,"verified",46.68,0.4331,0,36,"Feb2018",0
13.58,"source_only",6.75,0.7167,1,60,"Mar2018",0
7.97,"not",30.85,0.2205,0,36,"Jan2018",1
9.43,"source_only",17.09,0.4376,0,36,"Mar2018",0
6.07,"not",10.37,0.6437,0,36,"Mar2018",6
6.72,"not",14.13,0.2272,0,36,"Jan2018",0
20.39,"not",35.53,0.4673,0,36,"Mar2018",2
5.31,"source_only",35.49,0.3538,0,36,"Mar2018",1
11.99,"verified",1.94,0.0149,0,60,"Jan2018",2
14.07,"verified",35.36,0.5369,0,36,"Feb2018",3
21.45,"source_only",26.73,0.427,0,60,"Jan2018",9
10.42,"source_only",18.6,0.1416,0,60,"Jan2018",3
11.98,"source_only",11.83,0.091,0,60,"Mar2018",2
12.61,"verified",18.85,0.2231,0,36,"Mar2018",1
7.97,"not",6.04,0.7264,0,36,"Jan2018",0
15.05,"verified",26.32,0.3157,1,60,"Feb2018",6
30.75,"not",32.81,0.2928,0,60,"Feb2018",1
9.44,"not",17.11,0.1961,1,36,"Feb2018",6
24.84,"source_only",11.93,0.7908,0,60,"Mar2018",3
10.41,"source_only",15.9,0.7795,0,36,"Feb2018",0
14.08,"source_only",24.69,0.8475,1,36,"Jan2018",1
10.91,"source_only",25.64,0.1514,0,60,"Jan2018",1
11.98,"not",7.03,0.5999,1,36,"Mar2018",0
10.9,"source_only",10.92,0.0449,0,60,"Mar2018",0
19.42,"source_only",31.18,0.2914,0,36,"Mar2018",0
7.35,"source_only",3.81,0.2911,1,36,"Feb2018",0
10.91,"verified",16.48,0.5723,0,36,"Mar2018",2
9.92,"not",26.94,0.1541,1,60,"Mar2018",1
18.45,"verified",22.19,0.5533,0,36,"Mar2018",1
15.04,"source_only",19.42,0.5065,0,36,"Mar2018",1
13.58,"source_only",1.29,0.2117,1,60,"Mar2018",2
24.84,"verified",22.48,0.6656,0,36,"Mar2018",1
11.99,"verified",30.01,0.3342,0,36,"Mar2018",3
7.97,"not",3.73,0.4384,0,36,"Feb2018",3
5.31,"not",17.06,0.1172,0,36,"Mar2018",5
9.93,"source_only",12.39,0.1274,0,36,"Jan2018",1
13.59,"verified",23.95,0.3482,0,60,"Jan2018",2
9.92,"not",36.02,0.3108,0,60,"Mar2018",4
17.47,"verified",63.39,0.5341,1,60,"Feb2018",2
7.34,"verified",21.93,0.2009,0,36,"Mar2018",1
13.59,"verified",55.34,0.4565,0,60,"Jan2018",0
6.71,"not",11.32,0.0953,1,36,"Feb2018",0
10.41,"verified",5.51,0.522,0,36,"Mar2018",1
10.9,"source_only",24.99,0.2788,0,36,"Mar2018",1
9.43,"source_only",11.86,0.5902,0,36,"Mar2018",2
6.71,"not",13.12,0.1679,0,36,"Mar2018",0
5.32,"not",20.6,0.2136,0,36,"Jan2018",3
5.31,"not",16.34,0.13,0,36,"Mar2018",0
26.3,"source_only",19.52,0.2279,0,60,"Jan2018",3
9.43,"source_only",13.7,0.752,0,36,"Mar2018",3
6.72,"not",12.15,0.0643,0,36,"Feb2018",2
14.07,"verified",47.95,0.352,0,36,"Feb2018",0
18.45,"not",9.85,0.2111,0,36,"Mar2018",3
7.35,"not",8.84,0.6133,0,36,"Jan2018",0
9.43,"not",1.94,0.2214,0,60,"Feb2018",1
19.03,"verified",38.08,0.7011,0,60,"Feb2018",0
9.44,"verified",17.03,0.3661,0,60,"Jan2018",0
21.45,"source_only",21.24,0.5081,0,36,"Mar2018",10
10.9,"not",4.71,0.324,0,60,"Mar2018",0
7.35,"not",9.23,0.2137,0,36,"Jan2018",0
10.9,"source_only",15.4,0.5906,0,36,"Mar2018",0
18.45,"source_only",19.36,0.0869,0,36,"Mar2018",0
24.84,"not",26.95,0.13,0,60,"Mar2018",1
9.43,"not",14.93,0.9939,0,36,"Mar2018",0
10.9,"source_only",25.28,0.1447,0,36,"Mar2018",0
11.99,"source_only",25.57,0.421,0,60,"Feb2018",3
7.97,"source_only",10.87,0.5279,0,36,"Mar2018",0
13.59,"verified",22.11,0.1426,0,36,"Feb2018",3
10.42,"not",12.12,0.1221,0,36,"Jan2018",0
6.07,"not",23.29,0.2744,0,36,"Mar2018",2
15.04,"verified",10.29,0.4595,0,36,"Mar2018",3
19.03,"not",19.54,0.618,0,60,"Jan2018",0
9.93,"verified",28.42,0.0448,0,36,"Feb2018",1
9.93,"source_only",15.71,0.2006,0,36,"Jan2018",0
10.9,"source_only",14.25,0.4633,0,36,"Mar2018",2
13.59,"source_only",11.4,0.1321,0,36,"Feb2018",1
15.04,"verified",12.99,0.0665,1,60,"Mar2018",4
9.92,"source_only",38.69,0.2515,0,36,"Mar2018",0
29.69,"verified",35.25,0.4515,0,60,"Mar2018",0
6.07,"not",22.81,0.0654,0,36,"Mar2018",5
7.96,"not",16.39,0.426,0,36,"Mar2018",2
14.08,"not",30.03,0.3584,0,60,"Feb2018",1
14.08,"source_only",24.1,0.4272,0,36,"Feb2018",6
10.91,"source_only",6.85,0.5391,0,36,"Feb2018",5
5.32,"not",14.14,0.0851,0,36,"Jan2018",0
20,"source_only",24.7,0.7377,0,60,"Jan2018",6
10.91,"not",27.4,0.2634,0,36,"Feb2018",2
10.42,"source_only",16.49,0.0925,0,36,"Jan2018",1
7.96,"source_only",15.22,0.4206,0,36,"Mar2018",3
15.04,"not",4.73,0.2011,0,36,"Feb2018",4
10.42,"verified",16.62,0.6157,0,36,"Jan2018",3
14.07,"not",13.1,0.1042,0,60,"Mar2018",0
20.39,"verified",23.42,0.6599,0,36,"Mar2018",3
6.08,"not",27.94,0.5085,0,36,"Jan2018",0
6.72,"not",18.37,0.1106,0,36,"Feb2018",0
6.07,"not",8.86,0.3712,0,36,"Mar2018",1
13.59,"source_only",19.84,0.477,0,60,"Feb2018",2
7.35,"not",18.19,0.1011,0,36,"Feb2018",0
7.35,"source_only",23.43,0.4083,0,36,"Jan2018",2
15.05,"source_only",24.88,0.3327,0,60,"Jan2018",2
15.05,"source_only",29.36,0.1948,0,36,"Feb2018",4
12.61,"source_only",17.3,1.0355,0,60,"Feb2018",1
7.96,"not",2.39,0.0676,0,36,"Mar2018",0
15.05,"not",23.98,0.6118,0,36,"Feb2018",1
18.45,"verified",38.52,0.3459,0,60,"Mar2018",0
16.02,"not",46.86,0.238,0,36,"Jan2018",0
14.07,"source_only",10.66,0.6733,1,36,"Mar2018",0
9.43,"not",24.36,0.1986,1,36,"Mar2018",2
17.09,"source_only",21.33,0.1789,0,60,"Jan2018",2
18.45,"verified",37.06,0.7633,0,36,"Mar2018",5
6.08,"verified",10.4,0.128,0,36,"Feb2018",3
9.43,"source_only",12.4,0.47,0,36,"Mar2018",5
9.93,"not",36.49,0.3468,0,36,"Jan2018",1
9.93,"not",21.71,0.1931,1,60,"Jan2018",4
9.93,"not",14.6,0.9221,0,36,"Jan2018",0
21.45,"source_only",36.2,0.1567,0,60,"Jan2018",5
7.35,"not",22.26,0.1643,0,36,"Jan2018",1
6.07,"source_only",6.26,0.0853,0,36,"Mar2018",12
9.43,"source_only",22.19,0.2105,0,60,"Mar2018",0
9.92,"not",9.77,1.1148,0,36,"Mar2018",2
15.05,"verified",27.1,0.6443,0,60,"Jan2018",1
9.44,"source_only",0.04,1e-04,0,36,"Feb2018",4
11.99,"source_only",28.45,0.0895,0,60,"Jan2018",2
9.93,"not",15.31,0.9301,0,60,"Jan2018",0
7.97,"source_only",23.23,0.5929,0,36,"Jan2018",2
10.41,"not",12.07,0.9058,0,36,"Mar2018",0
7.35,"source_only",22.28,0.3914,1,36,"Jan2018",5
19.03,"verified",32.38,0.2659,0,36,"Feb2018",1
23.88,"verified",45.26,0.2755,0,36,"Feb2018",0
5.32,"source_only",11.99,0.0939,0,36,"Feb2018",1
10.91,"not",20.82,0.5813,0,36,"Feb2018",0
